{"type": "FeatureCollection", "name": "Arriva Beds and Bucks", "crs": {"type": "name", "properties": {"name": "urn:ogc:def:crs:OGC:1.3:CRS84"}}, "features": [{"type": "Feature", "properties": {"route": "12", "route_name": "", "route_id": "4328", "agency": "Arriva Beds and Bucks", "agency_id": "OP58", "geometry_source": "GTFS stop sequence"}, "geometry": {"type": "LineString", "coordinates": [[-0.41208, 51.87864], [-0.41547, 51.88217], [-0.40955, 51.87915], [-0.40302, 51.87953], [-0.39794, 51.88316], [-0.39441, 51.88568], [-0.39215, 51.88707], [-0.38758, 51.88873], [-0.38633, 51.8906], [-0.38873, 51.89252], [-0.39054, 51.89341], [-0.39373, 51.89534], [-0.39311, 51.89805], [-0.39236, 51.89979], [-0.39444, 51.90149], [-0.39417, 51.90242], [-0.39013, 51.9033], [-0.38578, 51.90371], [-0.38406, 51.90437]]}}, {"type": "Feature", "properties": {"route": "6", "route_name": "", "route_id": "6684", "agency": "Arriva Beds and Bucks", "agency_id": "OP58", "geometry_source": "GTFS stop sequence"}, "geometry": {"type": "LineString", "coordinates": [[-0.8094537, 52.0622889], [-0.8107473, 52.0630122], [-0.8152523, 52.0625541], [-0.8189495, 52.0623035], [-0.8230564, 52.0620029], [-0.8332901, 52.0611246], [-0.8393727, 52.0594404], [-0.8433781, 52.0585357], [-0.8498225, 52.05636], [-0.8463654, 52.053548], [-0.8424098, 52.0519807], [-0.837626, 52.0514301], [-0.8350669, 52.0505777], [-0.831749, 52.0491872], [-0.8273005, 52.0492149], [-0.8170063, 52.0513778], [-0.810641, 52.0532828], [-0.8077309, 52.0530286], [-0.8041826, 52.0515541], [-0.8002991, 52.0506245], [-0.7915275, 52.0519645], [-0.7841036, 52.053066], [-0.781095, 52.0505444], [-0.7795856, 52.0470672], [-0.7782886, 52.0448959], [-0.7756181, 52.0412357], [-0.7736728, 52.0350656], [-0.7678276, 52.0371625], [-0.7624425, 52.0394707], [-0.7563109, 52.0413393], [-0.7521719, 52.043894], [-0.7489435, 52.042538], [-0.7540325, 52.0362352], [-0.7514647, 52.0347335], [-0.7448659, 52.0309051], [-0.7426037, 52.0278869], [-0.7407924, 52.023354], [-0.734409, 52.024895], [-0.7259396, 52.0223761], [-0.7256478, 52.0167445], [-0.7306994, 52.0158909], [-0.731709, 52.014633], [-0.7301881, 52.0087284], [-0.7262861, 52.0019608], [-0.7338982, 51.9954883], [-0.7275793, 51.9964272], [-0.7258677, 51.9956624], [-0.7219208, 51.9961591], [-0.7182222, 51.995103], [-0.7207177, 51.9918663], [-0.7217881, 51.9900796], [-0.7227389, 51.9873746]]}}, {"type": "Feature", "properties": {"route": "4", "route_name": "", "route_id": "118179", "agency": "Arriva Beds and Bucks", "agency_id": "OP58", "geometry_source": "GTFS stop sequence"}, "geometry": {"type": "LineString", "coordinates": [[-0.7339391, 51.9955876], [-0.7371736, 51.9934824], [-0.7430737, 51.9923946], [-0.7481032, 51.9917019], [-0.7536517, 51.9911943], [-0.7619712, 51.9900143], [-0.7665162, 51.9899721], [-0.7637352, 51.9920648], [-0.7593531, 51.9946352], [-0.7572222, 51.9958445], [-0.7550609, 51.9970985], [-0.7517371, 51.9992931], [-0.7504695, 52.0008711], [-0.7498513, 52.0063312], [-0.7489344, 52.0094324], [-0.7481695, 52.010737], [-0.7459657, 52.0160813], [-0.7435666, 52.0190139], [-0.734409, 52.024895], [-0.7341663, 52.029361], [-0.7352738, 52.0350553], [-0.7369481, 52.0361702], [-0.7375542, 52.0394944], [-0.7365225, 52.040922], [-0.7376037, 52.0418776], [-0.7424095, 52.0452018], [-0.750999, 52.0441243], [-0.755766, 52.0420618], [-0.7618155, 52.0394731], [-0.7672009, 52.0371559], [-0.773554, 52.0351453], [-0.7871503, 52.0348005], [-0.7902429, 52.032027], [-0.7923335, 52.0328846], [-0.7942734, 52.0339295], [-0.7966667, 52.0354645], [-0.798539, 52.0368592], [-0.8027039, 52.0348516], [-0.8028759, 52.0349613], [-0.7990637, 52.0368645], [-0.8014968, 52.0380132], [-0.8024174, 52.0401175], [-0.8032044, 52.0434072], [-0.8052304, 52.0494518], [-0.8104426, 52.0519681], [-0.8180382, 52.0542743], [-0.8281259, 52.0589155], [-0.8233887, 52.0621231], [-0.8190784, 52.0623947], [-0.8149865, 52.0626773], [-0.8097485, 52.0632719], [-0.8094537, 52.0622889]]}}, {"type": "Feature", "properties": {"route": "757", "route_name": "", "route_id": "23431", "agency": "Arriva Beds and Bucks", "agency_id": "OP58", "geometry_source": "GTFS stop sequence"}, "geometry": {"type": "LineString", "coordinates": [[-0.37544, 51.87929], [-0.41516, 51.88199]]}}, {"type": "Feature", "properties": {"route": "Z", "route_name": "", "route_id": "1757946", "agency": "Arriva Beds and Bucks", "agency_id": "OP58", "geometry_source": "GTFS stop sequence"}, "geometry": {"type": "LineString", "coordinates": [[-0.37527, 51.87932], [-0.37742, 51.87654], [-0.38266, 51.87604], [-0.38485, 51.87489], [-0.39295, 51.87365], [-0.39674, 51.87433], [-0.40047, 51.87538], [-0.41588, 51.88214], [-0.43503, 51.88445], [-0.45618, 51.8898], [-0.45769, 51.89207], [-0.46086, 51.89229], [-0.46612, 51.89285], [-0.47573, 51.89363], [-0.47782, 51.89662], [-0.48001, 51.89814], [-0.48393, 51.89672], [-0.48848, 51.89696], [-0.49278, 51.8979], [-0.49407, 51.90061], [-0.49572, 51.90213], [-0.49809, 51.90323], [-0.50239, 51.90172], [-0.49916, 51.90862], [-0.50134, 51.91087], [-0.50615, 51.91305], [-0.50861, 51.91336], [-0.51127, 51.91346], [-0.51637, 51.91191], [-0.52111, 51.90967], [-0.52012, 51.90739], [-0.51929, 51.9057], [-0.52216, 51.90371], [-0.52583, 51.90166], [-0.52447, 51.89819], [-0.52486, 51.89405], [-0.51687, 51.89055], [-0.52144, 51.88927], [-0.52166, 51.88667], [-0.51937, 51.8866], [-0.5136, 51.88706], [-0.49808, 51.88567], [-0.47412, 51.88829], [-0.4582, 51.88815], [-0.43479, 51.88447], [-0.41479, 51.88217], [-0.40183, 51.87545], [-0.39621, 51.87427], [-0.39084, 51.87372], [-0.38436, 51.87526], [-0.3829, 51.87603], [-0.37946, 51.8767], [-0.37527, 51.87932]]}}, {"type": "Feature", "properties": {"route": "7", "route_name": "", "route_id": "10965768", "agency": "Arriva Beds and Bucks", "agency_id": "OP58", "geometry_source": "GTFS stop sequence"}, "geometry": {"type": "LineString", "coordinates": [[-0.49351, 51.91639], [-0.49912, 51.91987], [-0.47503, 51.92285], [-0.47202, 51.91816], [-0.46997, 51.9154], [-0.46858, 51.91358], [-0.4669, 51.91142], [-0.4574, 51.9067], [-0.45414, 51.90512], [-0.4517, 51.90336], [-0.44905, 51.90093], [-0.44537, 51.89817], [-0.4427, 51.89643], [-0.44056, 51.89567], [-0.43877, 51.89493], [-0.43596, 51.89329], [-0.43247, 51.89036], [-0.4319, 51.88833], [-0.42853, 51.88561], [-0.4251, 51.88259], [-0.41522, 51.88226]]}}, {"type": "Feature", "properties": {"route": "X6", "route_name": "", "route_id": "104061", "agency": "Arriva Beds and Bucks", "agency_id": "OP58", "geometry_source": "GTFS stop sequence"}, "geometry": {"type": "LineString", "coordinates": [[-0.985171, 52.001632], [-0.984935, 51.996604], [-0.983728, 51.995236], [-0.980341, 51.991727], [-0.978379, 51.988995], [-0.975728, 51.98515], [-0.966038, 51.979122], [-0.952299, 51.970783], [-0.947677, 51.968575], [-0.937891, 51.9632], [-0.930409, 51.961433], [-0.913292, 51.956664], [-0.904518, 51.9542], [-0.89643, 51.951113], [-0.888711, 51.949794], [-0.883226, 51.947284], [-0.881476, 51.944507], [-0.880335, 51.941259], [-0.877028, 51.940868], [-0.836891, 51.88065], [-0.835992, 51.879454], [-0.831907, 51.876734], [-0.833337, 51.86639], [-0.831829, 51.863507], [-0.830203, 51.85788], [-0.82838, 51.852026], [-0.818334, 51.839796], [-0.814512, 51.828357], [-0.814582, 51.826244], [-0.814543, 51.824949], [-0.815235, 51.820712], [-0.816305, 51.819176], [-0.818219, 51.817002], [-0.813328, 51.814875]]}}, {"type": "Feature", "properties": {"route": "1", "route_name": "", "route_id": "2119142", "agency": "Arriva Beds and Bucks", "agency_id": "OP58", "geometry_source": "GTFS stop sequence"}, "geometry": {"type": "LineString", "coordinates": [[-0.52144, 51.88927], [-0.52166, 51.88667], [-0.51945, 51.88658], [-0.5136, 51.88706], [-0.50778, 51.88769], [-0.50287, 51.88813], [-0.50073, 51.88848], [-0.49588, 51.88936], [-0.48968, 51.89048], [-0.4874, 51.89092], [-0.4845, 51.89154], [-0.47972, 51.89249], [-0.47432, 51.89313], [-0.46511, 51.89288], [-0.46068, 51.89245], [-0.45668, 51.89209], [-0.44831, 51.89181], [-0.44459, 51.89077], [-0.43922, 51.88891], [-0.43174, 51.88685], [-0.42853, 51.88561], [-0.4251, 51.88259], [-0.41522, 51.88226], [-0.41063, 51.87922], [-0.4171, 51.87629], [-0.41801, 51.87521], [-0.41935, 51.87387], [-0.42493, 51.8704], [-0.42705, 51.86958], [-0.43008, 51.87028], [-0.43368, 51.87198], [-0.43515, 51.87176]]}}, {"type": "Feature", "properties": {"route": "3", "route_name": "", "route_id": "109513", "agency": "Arriva Beds and Bucks", "agency_id": "OP58", "geometry_source": "GTFS stop sequence"}, "geometry": {"type": "LineString", "coordinates": [[-0.7738443, 52.0351932], [-0.7678276, 52.0371625], [-0.7624425, 52.0394707], [-0.7565252, 52.0420249], [-0.751626, 52.0441219], [-0.7446353, 52.0490288], [-0.7385545, 52.0505733], [-0.7304424, 52.0543074], [-0.6988201, 52.0554101], [-0.6941882, 52.0526975], [-0.6875313, 52.0504297], [-0.6792032, 52.0465064], [-0.683, 52.042763], [-0.688293, 52.038776], [-0.6898609, 52.0360967], [-0.6866044, 52.0337946], [-0.6798816, 52.0333779], [-0.679921, 52.0299787], [-0.677618, 52.028973], [-0.6724364, 52.0306948], [-0.668274, 52.031952], [-0.657819, 52.0340691], [-0.6540712, 52.0340291], [-0.6506395, 52.0352765], [-0.65114, 52.039858]]}}, {"type": "Feature", "properties": {"route": "5", "route_name": "", "route_id": "10965757", "agency": "Arriva Beds and Bucks", "agency_id": "OP58", "geometry_source": "GTFS stop sequence"}, "geometry": {"type": "LineString", "coordinates": [[-0.41522, 51.88226], [-0.41538, 51.88018], [-0.42087, 51.88508], [-0.42158, 51.88689], [-0.42528, 51.88665], [-0.42808, 51.88998], [-0.42985, 51.89224], [-0.43247, 51.89555], [-0.43344, 51.89687], [-0.43407, 51.89823], [-0.43591, 51.9003], [-0.43711, 51.90298], [-0.43805, 51.9043], [-0.43534, 51.90687], [-0.43433, 51.90964], [-0.43266, 51.91169], [-0.43012, 51.9138], [-0.4315, 51.91456], [-0.43381, 51.91594], [-0.44311, 51.91423], [-0.44819, 51.91452], [-0.45048, 51.91617]]}}, {"type": "Feature", "properties": {"route": "X4", "route_name": "", "route_id": "87229", "agency": "Arriva Beds and Bucks", "agency_id": "OP58", "geometry_source": "GTFS stop sequence"}, "geometry": {"type": "LineString", "coordinates": [[-0.37537, 51.8793], [-0.37742, 51.87654], [-0.38266, 51.87604], [-0.38485, 51.87489], [-0.39295, 51.87365], [-0.39674, 51.87433], [-0.40047, 51.87538], [-0.41599, 51.88227], [-0.43503, 51.88445], [-0.45868, 51.88804], [-0.47437, 51.88826], [-0.49779, 51.8857], [-0.51065, 51.88611], [-0.51416, 51.88688], [-0.52201, 51.88668], [-0.52486, 51.88881], [-0.5261, 51.88961], [-0.52942, 51.892], [-0.5337, 51.895], [-0.53698, 51.89725], [-0.54583, 51.90232], [-0.56727, 51.91317], [-0.57583, 51.90864], [-0.58013, 51.9092], [-0.58608, 51.9078], [-0.59114, 51.90826], [-0.59659, 51.90864], [-0.59948, 51.90745], [-0.61576, 51.90791], [-0.63344, 51.91134], [-0.63911, 51.91161], [-0.64488, 51.91325], [-0.64991, 51.9136], [-0.65463, 51.9135], [-0.65832, 51.91451], [-0.66009, 51.916], [-0.66431, 51.91586], [-0.67004, 51.91627], [-0.67267, 51.91695], [-0.67474, 51.91729], [-0.67647, 51.91643], [-0.678, 51.91775], [-0.67911, 51.91598], [-0.68157, 51.9149], [-0.68096, 51.91357], [-0.68069, 51.91111], [-0.696686, 51.903952], [-0.70669, 51.898767], [-0.710081, 51.898112], [-0.715443, 51.896642], [-0.718131, 51.894108], [-0.719164, 51.893064], [-0.727258, 51.887904], [-0.756006, 51.868825], [-0.766743, 51.854256], [-0.773593, 51.843169], [-0.767529, 51.824852], [-0.771667, 51.824722], [-0.773847, 51.824099], [-0.790107, 51.816842], [-0.793606, 51.815124], [-0.797438, 51.815056], [-0.80196, 51.81521], [-0.80949, 51.816806], [-0.812238, 51.818812], [-0.816305, 51.819176], [-0.818219, 51.817002], [-0.813328, 51.814875]]}}, {"type": "Feature", "properties": {"route": "5", "route_name": "", "route_id": "10965757", "agency": "Arriva Beds and Bucks", "agency_id": "OP58", "geometry_source": "GTFS stop sequence"}, "geometry": {"type": "LineString", "coordinates": [[-0.45048, 51.91617], [-0.45188, 51.91815], [-0.45417, 51.92029], [-0.45516, 51.92174], [-0.45828, 51.92173], [-0.45947, 51.91896], [-0.45763, 51.91747], [-0.45725, 51.91495], [-0.45741, 51.91275], [-0.4535, 51.9124], [-0.45108, 51.9144], [-0.44791, 51.91441], [-0.44412, 51.91417], [-0.4303, 51.914], [-0.43073, 51.91287], [-0.43462, 51.90874], [-0.43527, 51.90654], [-0.43652, 51.90533], [-0.43801, 51.90341], [-0.43591, 51.90225], [-0.43539, 51.9002], [-0.43379, 51.89793], [-0.43208, 51.89528], [-0.42969, 51.89222], [-0.42762, 51.88959], [-0.42508, 51.88655], [-0.42098, 51.88671], [-0.42035, 51.88435], [-0.41522, 51.88226]]}}, {"type": "Feature", "properties": {"route": "8", "route_name": "", "route_id": "41146", "agency": "Arriva Beds and Bucks", "agency_id": "OP58", "geometry_source": "GTFS stop sequence"}, "geometry": {"type": "LineString", "coordinates": [[-0.6900455, 52.0212992], [-0.6920012, 52.0152069], [-0.685434, 52.0150439], [-0.6791244, 52.0170233], [-0.6800444, 52.0209178], [-0.685973, 52.0215146], [-0.6894225, 52.024664], [-0.6907639, 52.0271425], [-0.6898609, 52.0360967], [-0.6925821, 52.0372688], [-0.6949945, 52.0415394], [-0.7013466, 52.04624], [-0.7088927, 52.0480133], [-0.7263007, 52.0471147], [-0.7294032, 52.0467256], [-0.7382195, 52.0464158], [-0.7424095, 52.0452018], [-0.7512204, 52.0440277], [-0.755766, 52.0420618], [-0.7620515, 52.0393767], [-0.7674368, 52.0370595], [-0.7733262, 52.0349451], [-0.7649941, 52.0315313], [-0.7617768, 52.0287373], [-0.7703393, 52.0200066], [-0.7803392, 52.0199128], [-0.7800872, 52.0141738], [-0.7785026, 52.0113611], [-0.7839433, 52.0079198], [-0.788318, 52.0050787], [-0.7930047, 52.0036163], [-0.7902225, 52.0041452], [-0.7941706, 52.0073956], [-0.7992313, 52.0093804]]}}, {"type": "Feature", "properties": {"route": "A", "route_name": "", "route_id": "1757959", "agency": "Arriva Beds and Bucks", "agency_id": "OP58", "geometry_source": "GTFS stop sequence"}, "geometry": {"type": "LineString", "coordinates": [[-0.52144, 51.88927], [-0.52166, 51.88667], [-0.51945, 51.88658], [-0.5136, 51.88706], [-0.51552, 51.8908], [-0.52495, 51.89404], [-0.52459, 51.89841], [-0.52567, 51.90041], [-0.52245, 51.9037], [-0.51956, 51.90585], [-0.52045, 51.90793], [-0.52141, 51.91035], [-0.51593, 51.91213], [-0.51047, 51.91315], [-0.50581, 51.91297], [-0.50069, 51.91033], [-0.49899, 51.9086], [-0.5024, 51.90182], [-0.49917, 51.90305], [-0.49733, 51.90292], [-0.49518, 51.90197], [-0.49348, 51.9], [-0.49231, 51.89755], [-0.48738, 51.89678], [-0.48361, 51.89698], [-0.47803, 51.89734], [-0.47602, 51.8943], [-0.47432, 51.89313], [-0.46511, 51.89288], [-0.46068, 51.89245], [-0.45668, 51.89209], [-0.45612, 51.8893], [-0.43479, 51.88447], [-0.41479, 51.88217], [-0.40183, 51.87545], [-0.39621, 51.87427], [-0.39084, 51.87372], [-0.38436, 51.87526], [-0.3829, 51.87603], [-0.37946, 51.8767], [-0.37537, 51.8793]]}}, {"type": "Feature", "properties": {"route": "8", "route_name": "", "route_id": "41146", "agency": "Arriva Beds and Bucks", "agency_id": "OP58", "geometry_source": "GTFS stop sequence"}, "geometry": {"type": "LineString", "coordinates": [[-0.7992313, 52.0093804], [-0.8015908, 52.0072285], [-0.8037769, 52.0033755], [-0.7972867, 51.9982205], [-0.7943367, 52.0022993], [-0.7930047, 52.0036163], [-0.7902225, 52.0041452], [-0.7840858, 52.0080382], [-0.7786301, 52.0114973], [-0.7803516, 52.0140956], [-0.780683, 52.0201321], [-0.7700884, 52.0201209], [-0.7597038, 52.0262159], [-0.76215, 52.0284175], [-0.7652774, 52.0313005], [-0.7738443, 52.0351932], [-0.7678276, 52.0371625], [-0.7624425, 52.0394707], [-0.7565252, 52.0420249], [-0.751626, 52.0441219], [-0.7427737, 52.0452147], [-0.7378468, 52.0467085], [-0.7297613, 52.0469543], [-0.7248061, 52.0473683], [-0.7093548, 52.0481712], [-0.7010621, 52.0464976], [-0.6945533, 52.0416694], [-0.6920561, 52.0373079], [-0.6898609, 52.0360967], [-0.6903824, 52.0272281], [-0.689081, 52.024876], [-0.6900455, 52.0212992]]}}, {"type": "Feature", "properties": {"route": "8", "route_name": "", "route_id": "41146", "agency": "Arriva Beds and Bucks", "agency_id": "OP58", "geometry_source": "GTFS stop sequence"}, "geometry": {"type": "LineString", "coordinates": [[-0.6900455, 52.0212992], [-0.6920012, 52.0152069], [-0.685434, 52.0150439], [-0.6791244, 52.0170233], [-0.6800444, 52.0209178], [-0.685973, 52.0215146], [-0.6900455, 52.0212992], [-0.6894225, 52.024664], [-0.6907639, 52.0271425], [-0.6898609, 52.0360967], [-0.6925821, 52.0372688], [-0.6949945, 52.0415394], [-0.7013466, 52.04624], [-0.7088927, 52.0480133], [-0.7263007, 52.0471147], [-0.7294032, 52.0467256], [-0.7382195, 52.0464158], [-0.7424095, 52.0452018], [-0.7512204, 52.0440277], [-0.755766, 52.0420618], [-0.7620515, 52.0393767], [-0.7674368, 52.0370595], [-0.7733262, 52.0349451], [-0.7649941, 52.0315313], [-0.7617768, 52.0287373], [-0.7703393, 52.0200066], [-0.7803392, 52.0199128], [-0.7800872, 52.0141738], [-0.7785026, 52.0113611], [-0.7839433, 52.0079198], [-0.788318, 52.0050787], [-0.7930047, 52.0036163], [-0.7902225, 52.0041452], [-0.7941706, 52.0073956], [-0.7992313, 52.0093804]]}}, {"type": "Feature", "properties": {"route": "7", "route_name": "", "route_id": "10965768", "agency": "Arriva Beds and Bucks", "agency_id": "OP58", "geometry_source": "GTFS stop sequence"}, "geometry": {"type": "LineString", "coordinates": [[-0.49351, 51.91639], [-0.49912, 51.91987], [-0.48707, 51.92203], [-0.47262, 51.923], [-0.47094, 51.92159], [-0.47176, 51.9201], [-0.47202, 51.91816], [-0.46997, 51.9154], [-0.46858, 51.91358], [-0.4669, 51.91142], [-0.4574, 51.9067], [-0.45414, 51.90512], [-0.4517, 51.90336], [-0.44905, 51.90093], [-0.44537, 51.89817], [-0.4427, 51.89643], [-0.44056, 51.89567], [-0.43877, 51.89493], [-0.43596, 51.89329], [-0.43247, 51.89036], [-0.4319, 51.88833], [-0.42853, 51.88561], [-0.4251, 51.88259], [-0.41522, 51.88226]]}}, {"type": "Feature", "properties": {"route": "X1", "route_name": "", "route_id": "109273", "agency": "Arriva Beds and Bucks", "agency_id": "OP58", "geometry_source": "GTFS stop sequence"}, "geometry": {"type": "LineString", "coordinates": [[-0.7734883, 52.0348838], [-0.7675917, 52.0372589], [-0.7622209, 52.0395763], [-0.7563109, 52.0413393], [-0.7554032, 52.0425255], [-0.7540325, 52.0362352], [-0.7514647, 52.0347335], [-0.7448659, 52.0309051], [-0.7426037, 52.0278869], [-0.7407924, 52.023354], [-0.7379828, 52.021166], [-0.7348842, 52.0194155], [-0.7325362, 52.0168997], [-0.731709, 52.014633], [-0.7301881, 52.0087284], [-0.7246803, 52.0020049], [-0.7151893, 51.9982708], [-0.59116, 51.93421], [-0.58555, 51.93057], [-0.58258, 51.92861], [-0.5744, 51.9232], [-0.54534, 51.90209], [-0.53572, 51.89663], [-0.53358, 51.89508], [-0.53024, 51.89274], [-0.52795, 51.8911], [-0.52454, 51.88875], [-0.52166, 51.88667], [-0.51937, 51.8866], [-0.5136, 51.88706], [-0.49808, 51.88567], [-0.47412, 51.88829], [-0.4582, 51.88815], [-0.43479, 51.88447], [-0.41479, 51.88217], [-0.40183, 51.87545], [-0.39621, 51.87427], [-0.39084, 51.87372], [-0.38436, 51.87526], [-0.3829, 51.87603], [-0.37946, 51.8767], [-0.37537, 51.8793]]}}, {"type": "Feature", "properties": {"route": "6", "route_name": "", "route_id": "10965759", "agency": "Arriva Beds and Bucks", "agency_id": "OP58", "geometry_source": "GTFS stop sequence"}, "geometry": {"type": "LineString", "coordinates": [[-0.4535, 51.9124], [-0.45108, 51.9144], [-0.45048, 51.91617], [-0.45188, 51.91815], [-0.45417, 51.92029], [-0.45516, 51.92174], [-0.45828, 51.92173], [-0.45947, 51.91896], [-0.45763, 51.91747], [-0.45725, 51.91495], [-0.45741, 51.91275], [-0.45494, 51.90892], [-0.4574, 51.9067], [-0.45414, 51.90512], [-0.4517, 51.90336], [-0.44905, 51.90093], [-0.44537, 51.89817], [-0.4427, 51.89643], [-0.44056, 51.89567], [-0.43877, 51.89493], [-0.43596, 51.89329], [-0.43247, 51.89036], [-0.4319, 51.88833], [-0.42853, 51.88561], [-0.4251, 51.88259], [-0.41522, 51.88226]]}}, {"type": "Feature", "properties": {"route": "6", "route_name": "", "route_id": "10965759", "agency": "Arriva Beds and Bucks", "agency_id": "OP58", "geometry_source": "GTFS stop sequence"}, "geometry": {"type": "LineString", "coordinates": [[-0.41522, 51.88226], [-0.41486, 51.87999], [-0.42716, 51.88412], [-0.43019, 51.88619], [-0.43252, 51.88851], [-0.43348, 51.891], [-0.43679, 51.89378], [-0.44056, 51.89558], [-0.44431, 51.89721], [-0.44715, 51.89925], [-0.45031, 51.9017], [-0.45295, 51.90431], [-0.45458, 51.9052], [-0.45721, 51.90775], [-0.45468, 51.90933], [-0.4535, 51.9124]]}}, {"type": "Feature", "properties": {"route": "757", "route_name": "", "route_id": "23431", "agency": "Arriva Beds and Bucks", "agency_id": "OP58", "geometry_source": "GTFS stop sequence"}, "geometry": {"type": "LineString", "coordinates": [[-0.41479, 51.88217], [-0.37553, 51.87928]]}}, {"type": "Feature", "properties": {"route": "8", "route_name": "", "route_id": "41146", "agency": "Arriva Beds and Bucks", "agency_id": "OP58", "geometry_source": "GTFS stop sequence"}, "geometry": {"type": "LineString", "coordinates": [[-0.6900455, 52.0212992], [-0.6920012, 52.0152069], [-0.685434, 52.0150439], [-0.6791244, 52.0170233], [-0.6800444, 52.0209178], [-0.685973, 52.0215146]]}}, {"type": "Feature", "properties": {"route": "321", "route_name": "", "route_id": "11940", "agency": "Arriva Beds and Bucks", "agency_id": "OP58", "geometry_source": "GTFS stop sequence"}, "geometry": {"type": "LineString", "coordinates": [[-0.397404754625258, 51.65516794265392], [-0.397083373432707, 51.65813092621136], [-0.397068873435468, 51.66018091013155], [-0.396428845388537, 51.66315752453649], [-0.398872949229615, 51.666014362714364], [-0.397353063902514, 51.670156935063936], [-0.396382185039389, 51.67348871062675], [-0.397020556271758, 51.67588929733483], [-0.396465119030956, 51.67892101203389], [-0.394842409937238, 51.68063430427289], [-0.392021469805257, 51.6843184091233], [-0.390944349421867, 51.68613802679139], [-0.389021657406479, 51.68773023373507], [-0.387193578031281, 51.68909890865732], [-0.385630375361761, 51.69155922674041], [-0.38512989216296, 51.69464559228074], [-0.384539540284288, 51.69903455627141], [-0.377948402211816, 51.710156738396606], [-0.375039090001897, 51.712580338632044], [-0.367380577276982, 51.719047305609934], [-0.36239438895419, 51.722421845157164], [-0.359687679847151, 51.724802932361115], [-0.359102046930851, 51.729380659614364], [-0.35731747885093, 51.731873476961624], [-0.355045378127815, 51.73502484907542], [-0.352892587606082, 51.7376742998857], [-0.350258039299584, 51.74121614544862], [-0.342820088563653, 51.74617397283619], [-0.341392636436527, 51.74836585821297], [-0.34054557336147, 51.74973866245827], [-0.339135012882643, 51.75185882322009], [-0.33657864269359, 51.7544033621421], [-0.334473228619451, 51.75689129329041], [-0.333967375629612, 51.76039997662673], [-0.335442720473578, 51.766382536398794], [-0.334311802630937, 51.77072760506295], [-0.336229800575436, 51.77374907941465], [-0.336903023280255, 51.77712158502967], [-0.339667682687507, 51.78118005034025], [-0.343353655779708, 51.78543126942443], [-0.34542641874096, 51.789803545001575], [-0.350943185686122, 51.796373192653924], [-0.352135291915203, 51.801065680758114], [-0.352451979388754, 51.804711825078535], [-0.347931034321821, 51.80617701103582], [-0.344963041165197, 51.807214298570926], [-0.349966459700036, 51.80962249865997], [-0.352457752376007, 51.81211220685872], [-0.355309534072461, 51.81466984507031], [-0.357315548720932, 51.816954836832736], [-0.359787736952816, 51.81999261765253], [-0.36129510885243, 51.82123652088785], [-0.366029161488228, 51.82393699557769], [-0.368375781261553, 51.8252554053957], [-0.371255461906588, 51.82748932403672], [-0.37803764719819, 51.830172692238186], [-0.383432170167138, 51.831910444578824], [-0.388721716826738, 51.833754410094365], [-0.394546035577625, 51.83608199962286], [-0.409072441414816, 51.842744453281455], [-0.412580937057332, 51.84699999080275], [-0.41418, 51.85199], [-0.41457, 51.85578], [-0.41789, 51.86568], [-0.41856, 51.86741], [-0.41821, 51.86956], [-0.41661, 51.87487], [-0.4124, 51.8785], [-0.41516, 51.88199]]}}, {"type": "Feature", "properties": {"route": "14", "route_name": "", "route_id": "42719", "agency": "Arriva Beds and Bucks", "agency_id": "OP58", "geometry_source": "GTFS stop sequence"}, "geometry": {"type": "LineString", "coordinates": [[-0.41159, 51.87883], [-0.41009, 51.88265], [-0.41437, 51.88314], [-0.41379, 51.88484], [-0.41228, 51.88661], [-0.4092, 51.88785], [-0.40822, 51.88911], [-0.40706, 51.88988], [-0.40914, 51.89074], [-0.40885, 51.89265], [-0.40578, 51.89234], [-0.40092, 51.89203], [-0.40126, 51.8931], [-0.40295, 51.89523], [-0.40613, 51.89647], [-0.4088, 51.89604], [-0.40952, 51.89396], [-0.40856, 51.89272], [-0.40899, 51.89089], [-0.40694, 51.88996], [-0.40799, 51.88909], [-0.40923, 51.8874], [-0.41191, 51.8866], [-0.41216, 51.88539], [-0.41382, 51.88473], [-0.41241, 51.88273], [-0.41063, 51.87922], [-0.41159, 51.87883]]}}, {"type": "Feature", "properties": {"route": "4", "route_name": "", "route_id": "118179", "agency": "Arriva Beds and Bucks", "agency_id": "OP58", "geometry_source": "GTFS stop sequence"}, "geometry": {"type": "LineString", "coordinates": [[-0.7736728, 52.0350656], [-0.7678276, 52.0371625], [-0.7624425, 52.0394707], [-0.7563109, 52.0413393], [-0.7521719, 52.043894], [-0.7427737, 52.0452147], [-0.7373718, 52.0418302], [-0.7360768, 52.0407014], [-0.7375429, 52.0393774], [-0.7349338, 52.0352225], [-0.7334839, 52.0292638], [-0.7341674, 52.0246766], [-0.7422038, 52.0197995], [-0.7456793, 52.0158985], [-0.7521843, 52.0114989], [-0.7496075, 52.0103747], [-0.7488683, 52.009189], [-0.7496822, 52.0056011], [-0.7499326, 52.0018455], [-0.7516833, 51.9991307], [-0.7549901, 51.9970258], [-0.7595494, 51.9943855], [-0.7633971, 51.9921782], [-0.7655896, 51.9908345], [-0.7607709, 51.9902354], [-0.7534311, 51.9912729], [-0.7478667, 51.9918253], [-0.7434648, 51.9924707], [-0.7374907, 51.9936027], [-0.7339391, 51.9955876]]}}, {"type": "Feature", "properties": {"route": "QA1", "route_name": "", "route_id": "3298096", "agency": "Arriva Beds and Bucks", "agency_id": "OP58", "geometry_source": "GTFS stop sequence"}, "geometry": {"type": "LineString", "coordinates": [[-0.50221, 51.9176], [-0.50213, 51.91906], [-0.50837, 51.91906], [-0.50602, 51.91764], [-0.50581, 51.91297], [-0.50774, 51.91095], [-0.50996, 51.91011], [-0.51051, 51.90762], [-0.51195, 51.90659], [-0.51599, 51.9049], [-0.52225, 51.90492], [-0.52363, 51.90602], [-0.52526, 51.90778], [-0.52936, 51.91132], [-0.53323, 51.9141], [-0.53553, 51.91229], [-0.53722, 51.90961], [-0.54168, 51.91056], [-0.54733, 51.91023], [-0.54534, 51.90209], [-0.53572, 51.89663], [-0.53358, 51.89508], [-0.53888, 51.88619], [-0.53643, 51.88418], [-0.53527, 51.8832], [-0.53428, 51.88157], [-0.53149, 51.87989], [-0.52369, 51.87838]]}}, {"type": "Feature", "properties": {"route": "757", "route_name": "", "route_id": "23431", "agency": "Arriva Beds and Bucks", "agency_id": "OP58", "geometry_source": "GTFS stop sequence"}, "geometry": {"type": "LineString", "coordinates": [[-0.21847, 51.57634], [-0.377948402211816, 51.710156738396606], [-0.37544, 51.87929]]}}, {"type": "Feature", "properties": {"route": "4", "route_name": "", "route_id": "1782600", "agency": "Arriva Beds and Bucks", "agency_id": "OP58", "geometry_source": "GTFS stop sequence"}, "geometry": {"type": "LineString", "coordinates": [[-0.52144, 51.88927], [-0.52166, 51.88667], [-0.51945, 51.88658], [-0.5136, 51.88706], [-0.51136, 51.88967], [-0.51314, 51.89167], [-0.51131, 51.89417], [-0.5088, 51.89622], [-0.5024, 51.90182], [-0.49917, 51.90305], [-0.49579, 51.90422], [-0.49163, 51.90463], [-0.48568, 51.90654], [-0.48972, 51.90523], [-0.48246, 51.90644], [-0.48021, 51.90425], [-0.48192, 51.90269], [-0.48464, 51.90168], [-0.48532, 51.90034], [-0.48355, 51.89815], [-0.47843, 51.8987], [-0.4735, 51.89965], [-0.46878, 51.90119], [-0.46572, 51.90232], [-0.46323, 51.90327], [-0.46083, 51.90523], [-0.45721, 51.90775], [-0.45468, 51.90933], [-0.45768, 51.91441], [-0.45437, 51.918], [-0.45417, 51.92029], [-0.45516, 51.92174], [-0.45325, 51.92316], [-0.45129, 51.92347], [-0.44855, 51.92394], [-0.44499, 51.92468], [-0.44142, 51.92329], [-0.44044, 51.92132], [-0.43764, 51.91959], [-0.43488, 51.92028], [-0.43374, 51.92218], [-0.43452, 51.92386], [-0.43416, 51.92513], [-0.42961, 51.92509], [-0.42797, 51.92086], [-0.42644, 51.91584], [-0.42499, 51.91125], [-0.42292, 51.90728], [-0.41768, 51.90892], [-0.41828, 51.91016], [-0.41569, 51.91096], [-0.41418, 51.90926], [-0.41121, 51.90872], [-0.4137, 51.90685], [-0.41252, 51.90653], [-0.40971, 51.90623], [-0.4106, 51.90537], [-0.41675, 51.90444], [-0.41591, 51.90131], [-0.41571, 51.89887], [-0.41635, 51.89583], [-0.41654, 51.89376], [-0.41744, 51.89192], [-0.41861, 51.88916], [-0.41867, 51.88688], [-0.41776, 51.88527], [-0.41701, 51.8834], [-0.41555, 51.88231]]}}, {"type": "Feature", "properties": {"route": "5", "route_name": "", "route_id": "10965757", "agency": "Arriva Beds and Bucks", "agency_id": "OP58", "geometry_source": "GTFS stop sequence"}, "geometry": {"type": "LineString", "coordinates": [[-0.41522, 51.88226], [-0.41538, 51.88018], [-0.42087, 51.88508], [-0.42158, 51.88689], [-0.42528, 51.88665], [-0.42808, 51.88998], [-0.42985, 51.89224], [-0.43247, 51.89555], [-0.43344, 51.89687], [-0.43407, 51.89823], [-0.43591, 51.9003], [-0.43711, 51.90298], [-0.43805, 51.9043], [-0.43534, 51.90687], [-0.43433, 51.90964], [-0.43266, 51.91169], [-0.43012, 51.9138]]}}, {"type": "Feature", "properties": {"route": "H", "route_name": "", "route_id": "1757942", "agency": "Arriva Beds and Bucks", "agency_id": "OP58", "geometry_source": "GTFS stop sequence"}, "geometry": {"type": "LineString", "coordinates": [[-0.51945, 51.88658], [-0.5136, 51.88706], [-0.51136, 51.88967], [-0.51314, 51.89167], [-0.51489, 51.89141], [-0.51687, 51.89055], [-0.52144, 51.88927], [-0.52486, 51.88881], [-0.5261, 51.88961], [-0.52942, 51.892], [-0.5337, 51.895], [-0.53698, 51.89725], [-0.54583, 51.90232], [-0.54637, 51.91066], [-0.54075, 51.91016], [-0.53671, 51.90961], [-0.53661, 51.91321], [-0.53287, 51.91426], [-0.53054, 51.91279], [-0.52504, 51.90771], [-0.52317, 51.90568], [-0.52146, 51.90471], [-0.51598, 51.90502], [-0.51273, 51.90669], [-0.50855, 51.90607], [-0.50575, 51.90345], [-0.50416, 51.90263], [-0.50392, 51.90164], [-0.5024, 51.90182], [-0.49917, 51.90305], [-0.49733, 51.90292], [-0.49518, 51.90197], [-0.49348, 51.9], [-0.49231, 51.89755], [-0.49292, 51.89701], [-0.49409, 51.89548], [-0.49027, 51.89375], [-0.48417, 51.89004], [-0.47412, 51.88829], [-0.4582, 51.88815], [-0.43479, 51.88447], [-0.41588, 51.88214]]}}, {"type": "Feature", "properties": {"route": "757", "route_name": "", "route_id": "23431", "agency": "Arriva Beds and Bucks", "agency_id": "OP58", "geometry_source": "GTFS stop sequence"}, "geometry": {"type": "LineString", "coordinates": [[-0.37553, 51.87928], [-0.377950974180562, 51.709680199337974], [-0.21954, 51.57627]]}}, {"type": "Feature", "properties": {"route": "1", "route_name": "", "route_id": "2119142", "agency": "Arriva Beds and Bucks", "agency_id": "OP58", "geometry_source": "GTFS stop sequence"}, "geometry": {"type": "LineString", "coordinates": [[-0.43515, 51.87176], [-0.4381, 51.87274], [-0.43902, 51.87378], [-0.43994, 51.87445], [-0.44146, 51.87582], [-0.44316, 51.87623], [-0.44542, 51.8769], [-0.44636, 51.87801], [-0.44476, 51.87916], [-0.44289, 51.87821], [-0.43998, 51.87702], [-0.43737, 51.87655], [-0.43676, 51.87664], [-0.43315, 51.87557], [-0.43244, 51.87513], [-0.43175, 51.87434], [-0.43254, 51.87343], [-0.43278, 51.87203], [-0.42952, 51.87017], [-0.42766, 51.86957], [-0.42375, 51.87181], [-0.41841, 51.87495], [-0.41616, 51.87739], [-0.41391, 51.87706], [-0.41065, 51.87944], [-0.41547, 51.88217], [-0.42716, 51.88412], [-0.43078, 51.8864], [-0.43809, 51.88804], [-0.44262, 51.89018], [-0.44723, 51.89097], [-0.45135, 51.89198], [-0.45769, 51.89207], [-0.46086, 51.89229], [-0.46612, 51.89285], [-0.47404, 51.89285], [-0.48024, 51.89215], [-0.48353, 51.89156], [-0.4884, 51.89061], [-0.48992, 51.89031], [-0.49688, 51.88901], [-0.50235, 51.88808], [-0.51136, 51.88967], [-0.51314, 51.89167], [-0.51489, 51.89141], [-0.51687, 51.89055], [-0.52144, 51.88927]]}}, {"type": "Feature", "properties": {"route": "4", "route_name": "", "route_id": "118179", "agency": "Arriva Beds and Bucks", "agency_id": "OP58", "geometry_source": "GTFS stop sequence"}, "geometry": {"type": "LineString", "coordinates": [[-0.8094537, 52.0622889], [-0.8107473, 52.0630122], [-0.8152523, 52.0625541], [-0.8189495, 52.0623035], [-0.8230564, 52.0620029], [-0.827405, 52.0585937], [-0.8231148, 52.056447], [-0.8171366, 52.0541754], [-0.8103374, 52.0520839], [-0.8050387, 52.0495308], [-0.8033863, 52.0431483], [-0.80207, 52.040024], [-0.801583, 52.0386075], [-0.7997913, 52.0380048], [-0.797259, 52.0362078], [-0.7946154, 52.0342207], [-0.7915054, 52.0322378], [-0.7903847, 52.0321723], [-0.7873517, 52.0349014], [-0.7736728, 52.0350656], [-0.7678276, 52.0371625], [-0.7624425, 52.0394707], [-0.7563109, 52.0413393], [-0.7521719, 52.043894], [-0.7427737, 52.0452147], [-0.7373718, 52.0418302], [-0.7360768, 52.0407014], [-0.7375429, 52.0393774], [-0.7349338, 52.0352225], [-0.7334839, 52.0292638], [-0.7341674, 52.0246766], [-0.7422038, 52.0197995], [-0.7456793, 52.0158985], [-0.7521843, 52.0114989], [-0.7496075, 52.0103747], [-0.7488683, 52.009189], [-0.7496822, 52.0056011], [-0.7499326, 52.0018455], [-0.7516833, 51.9991307], [-0.7549901, 51.9970258], [-0.7595494, 51.9943855], [-0.7633971, 51.9921782], [-0.7655896, 51.9908345], [-0.7607709, 51.9902354], [-0.7534311, 51.9912729], [-0.7478667, 51.9918253], [-0.7434648, 51.9924707], [-0.7374907, 51.9936027], [-0.7339391, 51.9955876]]}}, {"type": "Feature", "properties": {"route": "5", "route_name": "", "route_id": "6311", "agency": "Arriva Beds and Bucks", "agency_id": "OP58", "geometry_source": "GTFS stop sequence"}, "geometry": {"type": "LineString", "coordinates": [[-0.7227389, 51.9873746], [-0.7243898, 51.9856482], [-0.7290546, 51.9844488], [-0.7295137, 51.9816035], [-0.7268649, 51.9810445], [-0.729228, 51.9778061], [-0.7265634, 51.9742168], [-0.7202166, 51.976234], [-0.7219255, 51.9796243], [-0.725311, 51.981954], [-0.7224943, 51.983173], [-0.7198322, 51.9851222], [-0.7220197, 51.9901271], [-0.720476, 51.9921693], [-0.71889, 51.9946696], [-0.7228282, 51.9960071], [-0.726854, 51.9952955], [-0.7277525, 51.996483], [-0.7339253, 51.9955605], [-0.7266602, 52.0021267], [-0.7304938, 52.0087407], [-0.7320863, 52.0152854], [-0.7308382, 52.0161351], [-0.7251898, 52.0179893], [-0.7260612, 52.0216851], [-0.7341674, 52.0246766], [-0.7401635, 52.0223942], [-0.7427695, 52.0276908], [-0.7468159, 52.0320677], [-0.749845, 52.0337453], [-0.7544013, 52.0360773], [-0.7499244, 52.0423956], [-0.750999, 52.0441243], [-0.755766, 52.0420618], [-0.7618155, 52.0394731], [-0.7672009, 52.0371559], [-0.773554, 52.0351453], [-0.7760722, 52.0411595], [-0.7787583, 52.0447838], [-0.7799819, 52.0469724], [-0.781313, 52.0500341], [-0.784458, 52.0529078], [-0.7880244, 52.0563881], [-0.7853586, 52.0584196], [-0.785869, 52.0605738], [-0.7868671, 52.0624991], [-0.7894481, 52.065232], [-0.7931413, 52.0656835], [-0.7978468, 52.0653809], [-0.8045977, 52.0644156], [-0.8094537, 52.0622889]]}}, {"type": "Feature", "properties": {"route": "6", "route_name": "", "route_id": "6684", "agency": "Arriva Beds and Bucks", "agency_id": "OP58", "geometry_source": "GTFS stop sequence"}, "geometry": {"type": "LineString", "coordinates": [[-0.7227389, 51.9873746], [-0.7243898, 51.9856482], [-0.7290546, 51.9844488], [-0.7295137, 51.9816035], [-0.7268649, 51.9810445], [-0.729228, 51.9778061], [-0.7265634, 51.9742168], [-0.7202166, 51.976234], [-0.7219255, 51.9796243], [-0.725311, 51.981954], [-0.7224943, 51.983173], [-0.7198322, 51.9851222], [-0.7220197, 51.9901271], [-0.720476, 51.9921693], [-0.71889, 51.9946696], [-0.7228282, 51.9960071], [-0.726854, 51.9952955], [-0.7339253, 51.9955605], [-0.7266602, 52.0021267], [-0.7304938, 52.0087407], [-0.7320863, 52.0152854], [-0.7308382, 52.0161351], [-0.7251898, 52.0179893], [-0.7260612, 52.0216851], [-0.7341674, 52.0246766], [-0.7401635, 52.0223942], [-0.7427695, 52.0276908], [-0.7468159, 52.0320677], [-0.749845, 52.0337453], [-0.7544013, 52.0360773], [-0.7499244, 52.0423956], [-0.750999, 52.0441243], [-0.755766, 52.0420618], [-0.7618155, 52.0394731], [-0.7672009, 52.0371559], [-0.773554, 52.0351453], [-0.7760722, 52.0411595], [-0.7787583, 52.0447838], [-0.7799819, 52.0469724], [-0.781313, 52.0500341], [-0.784458, 52.0529078], [-0.7867703, 52.0531474], [-0.7908313, 52.0518225], [-0.800949, 52.0503165], [-0.8053664, 52.0520067], [-0.808066, 52.053041], [-0.8104842, 52.0531464], [-0.8174221, 52.0510943], [-0.8276885, 52.0488771], [-0.8317819, 52.0490437], [-0.8354457, 52.0505904], [-0.8375427, 52.0512675], [-0.8428981, 52.0517068], [-0.8479968, 52.0541933], [-0.8503653, 52.0562394], [-0.8451073, 52.05822], [-0.8399847, 52.0594644], [-0.8338149, 52.0611388], [-0.8233887, 52.0621231], [-0.8190784, 52.0623947], [-0.8149865, 52.0626773], [-0.8097485, 52.0632719], [-0.8094537, 52.0622889]]}}, {"type": "Feature", "properties": {"route": "12", "route_name": "", "route_id": "4328", "agency": "Arriva Beds and Bucks", "agency_id": "OP58", "geometry_source": "GTFS stop sequence"}, "geometry": {"type": "LineString", "coordinates": [[-0.38406, 51.90437], [-0.38665, 51.90347], [-0.39025, 51.90316], [-0.39443, 51.90224], [-0.39448, 51.90165], [-0.39204, 51.89947], [-0.39338, 51.89774], [-0.39348, 51.89537], [-0.38914, 51.89284], [-0.3867, 51.89113], [-0.38548, 51.88975], [-0.38814, 51.88824], [-0.39297, 51.88648], [-0.39629, 51.88424], [-0.39936, 51.88205], [-0.40316, 51.87935], [-0.40955, 51.87735], [-0.41208, 51.87864]]}}, {"type": "Feature", "properties": {"route": "7", "route_name": "", "route_id": "6450", "agency": "Arriva Beds and Bucks", "agency_id": "OP58", "geometry_source": "GTFS stop sequence"}, "geometry": {"type": "LineString", "coordinates": [[-0.8094537, 52.0622889], [-0.8097485, 52.0632719], [-0.8041528, 52.0646898], [-0.7972156, 52.0655273], [-0.7934597, 52.0657766], [-0.7840092, 52.0672889], [-0.778304, 52.0678593], [-0.7765615, 52.0664926], [-0.7717497, 52.0664066], [-0.7688778, 52.0663316], [-0.7657118, 52.0652825], [-0.7637977, 52.0664493], [-0.7597663, 52.0650493], [-0.7577961, 52.064552], [-0.7536669, 52.0656323], [-0.7487415, 52.0649148], [-0.7463031, 52.0603034], [-0.7439482, 52.0579317], [-0.7416964, 52.0560555], [-0.7389266, 52.0503075], [-0.7444624, 52.048955], [-0.7512204, 52.0440277], [-0.7552641, 52.0422813], [-0.7620515, 52.0393767], [-0.7674368, 52.0370595], [-0.7729759, 52.0344289]]}}, {"type": "Feature", "properties": {"route": "X2", "route_name": "", "route_id": "1709208", "agency": "Arriva Beds and Bucks", "agency_id": "OP58", "geometry_source": "GTFS stop sequence"}, "geometry": {"type": "LineString", "coordinates": [[-0.7734883, 52.0348838], [-0.7675917, 52.0372589], [-0.7622209, 52.0395763], [-0.7563109, 52.0413393], [-0.7540325, 52.0362352], [-0.7514647, 52.0347335], [-0.7448659, 52.0309051], [-0.7426037, 52.0278869], [-0.7407924, 52.023354], [-0.7379828, 52.021166], [-0.7348842, 52.0194155], [-0.7325362, 52.0168997], [-0.731709, 52.014633], [-0.7301881, 52.0087284], [-0.7262861, 52.0019608], [-0.7339808, 51.99566], [-0.7289068, 51.9901836], [-0.7234077, 51.9894588], [-0.7227389, 51.9873746], [-0.7243898, 51.9856482], [-0.7290546, 51.9844488], [-0.7331675, 51.9733799], [-0.7342782, 51.971162], [-0.68712, 51.92345], [-0.68073, 51.92026], [-0.676, 51.91841], [-0.67647, 51.91643], [-0.67241, 51.91695], [-0.6675, 51.91617], [-0.66402, 51.91598], [-0.66081, 51.91673], [-0.65746, 51.91763], [-0.65478, 51.91819], [-0.65053, 51.91838], [-0.64345, 51.91924], [-0.63911, 51.91996], [-0.63046, 51.9214], [-0.62748, 51.91923], [-0.62832, 51.91525], [-0.62873, 51.91228], [-0.6155, 51.90788], [-0.61185, 51.90083], [-0.54534, 51.90209], [-0.53572, 51.89663], [-0.53358, 51.89508], [-0.53024, 51.89274], [-0.52795, 51.8911], [-0.52454, 51.88875], [-0.52166, 51.88667], [-0.51937, 51.8866], [-0.5136, 51.88706], [-0.49808, 51.88567], [-0.47412, 51.88829], [-0.4582, 51.88815], [-0.43479, 51.88447], [-0.41479, 51.88217], [-0.40183, 51.87545], [-0.39621, 51.87427], [-0.39084, 51.87372], [-0.38436, 51.87526], [-0.3829, 51.87603], [-0.37946, 51.8767], [-0.37537, 51.8793]]}}, {"type": "Feature", "properties": {"route": "X3", "route_name": "", "route_id": "2167550", "agency": "Arriva Beds and Bucks", "agency_id": "OP58", "geometry_source": "GTFS stop sequence"}, "geometry": {"type": "LineString", "coordinates": [[-0.7734883, 52.0348838], [-0.7675917, 52.0372589], [-0.7622209, 52.0395763], [-0.7563109, 52.0413393], [-0.7540325, 52.0362352], [-0.7514647, 52.0347335], [-0.7448659, 52.0309051], [-0.7426037, 52.0278869], [-0.7407924, 52.023354], [-0.7379828, 52.021166], [-0.7348842, 52.0194155], [-0.7325362, 52.0168997], [-0.731709, 52.014633], [-0.7301881, 52.0087284], [-0.7262861, 52.0019608], [-0.7339808, 51.99566], [-0.7289068, 51.9901836], [-0.7234077, 51.9894588], [-0.7210569, 51.9886511], [-0.7197794, 51.9844203], [-0.7190284, 51.9811393], [-0.716278, 51.975902], [-0.717286, 51.971219], [-0.718442, 51.959255], [-0.716756, 51.95511], [-0.705851, 51.947177], [-0.69622, 51.938115], [-0.68712, 51.92345], [-0.68073, 51.92026], [-0.676, 51.91841], [-0.67647, 51.91643], [-0.67241, 51.91695], [-0.6675, 51.91617], [-0.66402, 51.91598], [-0.66081, 51.91673], [-0.65711, 51.91353], [-0.65426, 51.91365], [-0.65051, 51.91367], [-0.64434, 51.9133], [-0.63911, 51.91161], [-0.63704, 51.91185], [-0.63192, 51.91116], [-0.62963, 51.91072], [-0.6155, 51.90788], [-0.61185, 51.90083], [-0.54534, 51.90209], [-0.53572, 51.89663], [-0.53358, 51.89508], [-0.53024, 51.89274], [-0.52795, 51.8911], [-0.52454, 51.88875], [-0.52166, 51.88667], [-0.51937, 51.8866], [-0.5136, 51.88706], [-0.49808, 51.88567], [-0.47412, 51.88829], [-0.4582, 51.88815], [-0.43479, 51.88447], [-0.41479, 51.88217], [-0.40183, 51.87545], [-0.39621, 51.87427], [-0.39084, 51.87372], [-0.38436, 51.87526], [-0.3829, 51.87603], [-0.37946, 51.8767], [-0.37537, 51.8793]]}}, {"type": "Feature", "properties": {"route": "7", "route_name": "", "route_id": "6450", "agency": "Arriva Beds and Bucks", "agency_id": "OP58", "geometry_source": "GTFS stop sequence"}, "geometry": {"type": "LineString", "coordinates": [[-0.7736728, 52.0350656], [-0.7675917, 52.0372589], [-0.7622209, 52.0395763], [-0.7554032, 52.0425255], [-0.7513898, 52.0442273], [-0.7446353, 52.0490288], [-0.7385545, 52.0505733], [-0.7413111, 52.0552332], [-0.7434993, 52.0572975], [-0.7468994, 52.0608852], [-0.7487759, 52.0647264], [-0.7533458, 52.0656379], [-0.7578713, 52.0644719], [-0.760765, 52.06586], [-0.7637115, 52.0664034], [-0.765611, 52.0652365], [-0.7688652, 52.0662596], [-0.771737, 52.0663345], [-0.7765615, 52.0664926], [-0.7782652, 52.0676791], [-0.786607, 52.0667133], [-0.7892923, 52.0661385], [-0.7931413, 52.0656835], [-0.7978468, 52.0653809], [-0.8045977, 52.0644156], [-0.8094537, 52.0622889]]}}, {"type": "Feature", "properties": {"route": "X2", "route_name": "", "route_id": "1709208", "agency": "Arriva Beds and Bucks", "agency_id": "OP58", "geometry_source": "GTFS stop sequence"}, "geometry": {"type": "LineString", "coordinates": [[-0.37537, 51.8793], [-0.37742, 51.87654], [-0.38266, 51.87604], [-0.38485, 51.87489], [-0.39295, 51.87365], [-0.39674, 51.87433], [-0.40047, 51.87538], [-0.41599, 51.88227], [-0.43503, 51.88445], [-0.45868, 51.88804], [-0.47437, 51.88826], [-0.49779, 51.8857], [-0.51065, 51.88611], [-0.51416, 51.88688], [-0.52201, 51.88668], [-0.52486, 51.88881], [-0.5261, 51.88961], [-0.52942, 51.892], [-0.5337, 51.895], [-0.53698, 51.89725], [-0.54583, 51.90232], [-0.61212, 51.9005], [-0.61576, 51.90791], [-0.62867, 51.91188], [-0.62857, 51.91498], [-0.62789, 51.91957], [-0.63122, 51.92116], [-0.63686, 51.92023], [-0.64492, 51.91899], [-0.65184, 51.91823], [-0.65759, 51.91748], [-0.66009, 51.916], [-0.66431, 51.91586], [-0.67004, 51.91627], [-0.67267, 51.91695], [-0.67474, 51.91729], [-0.67647, 51.91643], [-0.67936, 51.9197], [-0.68374, 51.9218], [-0.68724, 51.92342], [-0.734193, 51.97155], [-0.7333796, 51.9734063], [-0.7290489, 51.9845729], [-0.7254182, 51.985253], [-0.72294, 51.987393], [-0.7241781, 51.9895121], [-0.7285906, 51.9900364], [-0.7296889, 51.9918824], [-0.7302151, 51.9943877], [-0.7339527, 51.9956237], [-0.7266602, 52.0021267], [-0.7304938, 52.0087407], [-0.7320863, 52.0152854], [-0.7327426, 52.016812], [-0.7350905, 52.0193368], [-0.7381893, 52.0210783], [-0.7401635, 52.0223942], [-0.7427695, 52.0276908], [-0.7465762, 52.0307345], [-0.7527914, 52.0284447], [-0.7597038, 52.0262159], [-0.76215, 52.0284175], [-0.7652774, 52.0313005], [-0.773118, 52.0345653]]}}, {"type": "Feature", "properties": {"route": "X14", "route_name": "", "route_id": "3298197", "agency": "Arriva Beds and Bucks", "agency_id": "OP58", "geometry_source": "GTFS stop sequence"}, "geometry": {"type": "LineString", "coordinates": [[-0.7313197, 51.9751477], [-0.7383822, 51.9768327], [-0.742867, 51.972927], [-0.738837, 51.97083], [-0.734193, 51.97155], [-0.7333796, 51.9734063], [-0.7265634, 51.9742168], [-0.7202166, 51.976234], [-0.7219255, 51.9796243], [-0.725311, 51.981954], [-0.7224943, 51.983173], [-0.7198322, 51.9851222], [-0.7220197, 51.9901271], [-0.720476, 51.9921693], [-0.71889, 51.9946696], [-0.7228282, 51.9960071], [-0.726854, 51.9952955], [-0.7277525, 51.996483], [-0.7339253, 51.9955605], [-0.7266602, 52.0021267], [-0.7304938, 52.0087407], [-0.7320863, 52.0152854], [-0.7327426, 52.016812], [-0.7350905, 52.0193368], [-0.7381893, 52.0210783], [-0.7401635, 52.0223942], [-0.7427695, 52.0276908], [-0.7468159, 52.0320677], [-0.749845, 52.0337453], [-0.7544013, 52.0360773], [-0.755766, 52.0420618]]}}, {"type": "Feature", "properties": {"route": "321", "route_name": "", "route_id": "11940", "agency": "Arriva Beds and Bucks", "agency_id": "OP58", "geometry_source": "GTFS stop sequence"}, "geometry": {"type": "LineString", "coordinates": [[-0.403490861736855, 51.64694220030515], [-0.388852265944309, 51.64929601471217], [-0.390456701600882, 51.651745868068865], [-0.394544047519718, 51.654301603079396], [-0.397404754625258, 51.65516794265392], [-0.397083373432707, 51.65813092621136], [-0.397068873435468, 51.66018091013155], [-0.396428845388537, 51.66315752453649], [-0.398872949229615, 51.666014362714364], [-0.397353063902514, 51.670156935063936], [-0.396382185039389, 51.67348871062675], [-0.397020556271758, 51.67588929733483], [-0.396465119030956, 51.67892101203389], [-0.394842409937238, 51.68063430427289], [-0.392021469805257, 51.6843184091233], [-0.390944349421867, 51.68613802679139], [-0.389021657406479, 51.68773023373507], [-0.387193578031281, 51.68909890865732], [-0.385630375361761, 51.69155922674041], [-0.38512989216296, 51.69464559228074], [-0.384539540284288, 51.69903455627141], [-0.377948402211816, 51.710156738396606], [-0.375039090001897, 51.712580338632044], [-0.367380577276982, 51.719047305609934], [-0.36239438895419, 51.722421845157164], [-0.359687679847151, 51.724802932361115], [-0.359102046930851, 51.729380659614364], [-0.35731747885093, 51.731873476961624], [-0.355045378127815, 51.73502484907542], [-0.352892587606082, 51.7376742998857], [-0.350258039299584, 51.74121614544862], [-0.342820088563653, 51.74617397283619], [-0.341392636436527, 51.74836585821297], [-0.34054557336147, 51.74973866245827], [-0.339135012882643, 51.75185882322009], [-0.33657864269359, 51.7544033621421], [-0.334473228619451, 51.75689129329041], [-0.333967375629612, 51.76039997662673], [-0.335442720473578, 51.766382536398794], [-0.334311802630937, 51.77072760506295], [-0.336229800575436, 51.77374907941465], [-0.336903023280255, 51.77712158502967], [-0.339667682687507, 51.78118005034025], [-0.343353655779708, 51.78543126942443], [-0.34542641874096, 51.789803545001575], [-0.350943185686122, 51.796373192653924], [-0.352135291915203, 51.801065680758114], [-0.352451979388754, 51.804711825078535], [-0.347931034321821, 51.80617701103582], [-0.344963041165197, 51.807214298570926], [-0.349966459700036, 51.80962249865997], [-0.352457752376007, 51.81211220685872], [-0.355309534072461, 51.81466984507031], [-0.357315548720932, 51.816954836832736], [-0.359787736952816, 51.81999261765253], [-0.36129510885243, 51.82123652088785], [-0.366029161488228, 51.82393699557769], [-0.368375781261553, 51.8252554053957], [-0.371255461906588, 51.82748932403672], [-0.37803764719819, 51.830172692238186], [-0.383432170167138, 51.831910444578824], [-0.388721716826738, 51.833754410094365], [-0.394546035577625, 51.83608199962286], [-0.409072441414816, 51.842744453281455], [-0.412580937057332, 51.84699999080275], [-0.41418, 51.85199], [-0.41457, 51.85578], [-0.41789, 51.86568], [-0.41856, 51.86741], [-0.41821, 51.86956], [-0.41661, 51.87487], [-0.4124, 51.8785], [-0.41516, 51.88199]]}}, {"type": "Feature", "properties": {"route": "6A", "route_name": "", "route_id": "10965795", "agency": "Arriva Beds and Bucks", "agency_id": "OP58", "geometry_source": "GTFS stop sequence"}, "geometry": {"type": "LineString", "coordinates": [[-0.41522, 51.88226], [-0.41486, 51.87999], [-0.42716, 51.88412], [-0.43019, 51.88619], [-0.43252, 51.88851], [-0.43348, 51.891], [-0.43679, 51.89378], [-0.44056, 51.89558], [-0.44431, 51.89721], [-0.44715, 51.89925], [-0.45031, 51.9017], [-0.45295, 51.90431], [-0.45458, 51.9052], [-0.45875, 51.90648], [-0.4612, 51.9066], [-0.46285, 51.90762], [-0.46553, 51.90924], [-0.46802, 51.91034], [-0.4725, 51.91118], [-0.47559, 51.91175], [-0.47629, 51.91133], [-0.47557, 51.91016], [-0.47624, 51.90854], [-0.4779, 51.90713], [-0.47563, 51.90553], [-0.47262, 51.90588], [-0.47128, 51.90571]]}}, {"type": "Feature", "properties": {"route": "4B", "route_name": "", "route_id": "10965799", "agency": "Arriva Beds and Bucks", "agency_id": "OP58", "geometry_source": "GTFS stop sequence"}, "geometry": {"type": "LineString", "coordinates": [[-0.41555, 51.88231], [-0.41585, 51.88041], [-0.41788, 51.88348], [-0.4176, 51.88451], [-0.418, 51.88538], [-0.4187, 51.88665], [-0.41867, 51.88934], [-0.41713, 51.89268], [-0.4166, 51.8943], [-0.41651, 51.89565], [-0.41592, 51.89921], [-0.4165, 51.90235], [-0.41708, 51.90546], [-0.418, 51.90807], [-0.42134, 51.90751], [-0.42438, 51.90775], [-0.42514, 51.91096], [-0.42697, 51.91686], [-0.42824, 51.92127]]}}, {"type": "Feature", "properties": {"route": "12", "route_name": "", "route_id": "4328", "agency": "Arriva Beds and Bucks", "agency_id": "OP58", "geometry_source": "GTFS stop sequence"}, "geometry": {"type": "LineString", "coordinates": [[-0.38406, 51.90437], [-0.38665, 51.90347], [-0.39025, 51.90316], [-0.39443, 51.90224], [-0.39448, 51.90165], [-0.39204, 51.89947], [-0.39338, 51.89774], [-0.39348, 51.89537], [-0.38914, 51.89284], [-0.3867, 51.89113], [-0.38548, 51.88975], [-0.38814, 51.88824], [-0.39297, 51.88648], [-0.39629, 51.88424], [-0.39936, 51.88205], [-0.40316, 51.87935], [-0.40955, 51.87735], [-0.41208, 51.87864], [-0.41547, 51.88217]]}}, {"type": "Feature", "properties": {"route": "5", "route_name": "", "route_id": "6311", "agency": "Arriva Beds and Bucks", "agency_id": "OP58", "geometry_source": "GTFS stop sequence"}, "geometry": {"type": "LineString", "coordinates": [[-0.8094537, 52.0622889], [-0.8097485, 52.0632719], [-0.8041528, 52.0646898], [-0.7972156, 52.0655273], [-0.7934597, 52.0657766], [-0.7891323, 52.0650399], [-0.7863302, 52.0618552], [-0.7854873, 52.0595898], [-0.7856573, 52.0576225], [-0.78762, 52.0562401], [-0.7841036, 52.053066], [-0.781095, 52.0505444], [-0.7795856, 52.0470672], [-0.7782886, 52.0448959], [-0.7756181, 52.0412357], [-0.7736728, 52.0350656], [-0.7678276, 52.0371625], [-0.7624425, 52.0394707], [-0.7563109, 52.0413393], [-0.7521719, 52.043894], [-0.7489435, 52.042538], [-0.7540325, 52.0362352], [-0.7514647, 52.0347335], [-0.7448659, 52.0309051], [-0.7426037, 52.0278869], [-0.7407924, 52.023354], [-0.734409, 52.024895], [-0.7259396, 52.0223761], [-0.7256478, 52.0167445], [-0.7306994, 52.0158909], [-0.731709, 52.014633], [-0.7301881, 52.0087284], [-0.7262861, 52.0019608], [-0.7338982, 51.9954883], [-0.7275793, 51.9964272], [-0.7258677, 51.9956624], [-0.7219208, 51.9961591], [-0.7182222, 51.995103], [-0.7207177, 51.9918663], [-0.7217881, 51.9900796], [-0.7227389, 51.9873746]]}}, {"type": "Feature", "properties": {"route": "X6", "route_name": "", "route_id": "104061", "agency": "Arriva Beds and Bucks", "agency_id": "OP58", "geometry_source": "GTFS stop sequence"}, "geometry": {"type": "LineString", "coordinates": [[-0.755766, 52.0420618], [-0.7618155, 52.0394731], [-0.7672009, 52.0371559], [-0.7736966, 52.0352636], [-0.7871503, 52.0348005], [-0.7902429, 52.032027], [-0.798028, 52.0314503], [-0.8025251, 52.0333573], [-0.817517, 52.039684], [-0.8335711, 52.0452941], [-0.837334, 52.045204], [-0.8428981, 52.0517068], [-0.8479968, 52.0541933], [-0.8503653, 52.0562394], [-0.8451073, 52.05822], [-0.865181983, 52.062640754], [-0.866680811, 52.060479345], [-0.868033897, 52.058307527], [-0.974296, 52.001942], [-0.985171, 52.001632]]}}, {"type": "Feature", "properties": {"route": "8", "route_name": "", "route_id": "41146", "agency": "Arriva Beds and Bucks", "agency_id": "OP58", "geometry_source": "GTFS stop sequence"}, "geometry": {"type": "LineString", "coordinates": [[-0.7992313, 52.0093804], [-0.8015908, 52.0072285], [-0.8037769, 52.0033755], [-0.7972867, 51.9982205], [-0.7943367, 52.0022993], [-0.7930047, 52.0036163]]}}, {"type": "Feature", "properties": {"route": "X6", "route_name": "", "route_id": "104061", "agency": "Arriva Beds and Bucks", "agency_id": "OP58", "geometry_source": "GTFS stop sequence"}, "geometry": {"type": "LineString", "coordinates": [[-0.985171, 52.001632], [-0.974294, 52.002032], [-0.86803394, 52.058882953], [-0.866930539, 52.060409818], [-0.865539504, 52.062347491], [-0.8433781, 52.0585357], [-0.8498225, 52.05636], [-0.8463654, 52.053548], [-0.8424098, 52.0519807], [-0.8374629, 52.0458529], [-0.8339774, 52.0453701], [-0.8169221, 52.0396526], [-0.8023615, 52.0334815], [-0.7977912, 52.0315828], [-0.7903847, 52.0321723], [-0.7873517, 52.0349014], [-0.7738443, 52.0351932], [-0.7678276, 52.0371625], [-0.7624425, 52.0394707], [-0.755994, 52.042253]]}}, {"type": "Feature", "properties": {"route": "5", "route_name": "", "route_id": "10965757", "agency": "Arriva Beds and Bucks", "agency_id": "OP58", "geometry_source": "GTFS stop sequence"}, "geometry": {"type": "LineString", "coordinates": [[-0.4303, 51.914], [-0.43073, 51.91287], [-0.43462, 51.90874], [-0.43527, 51.90654], [-0.43652, 51.90533], [-0.43801, 51.90341], [-0.43591, 51.90225], [-0.43539, 51.9002], [-0.43379, 51.89793], [-0.43208, 51.89528], [-0.42969, 51.89222], [-0.42762, 51.88959], [-0.42508, 51.88655], [-0.42098, 51.88671], [-0.42035, 51.88435], [-0.41522, 51.88226]]}}, {"type": "Feature", "properties": {"route": "2", "route_name": "", "route_id": "68681", "agency": "Arriva Beds and Bucks", "agency_id": "OP58", "geometry_source": "GTFS stop sequence"}, "geometry": {"type": "LineString", "coordinates": [[-0.7294134, 52.0782397], [-0.7255063, 52.0790603], [-0.7286619, 52.0846602], [-0.7256042, 52.0859489], [-0.7309073, 52.0852509], [-0.7402444, 52.0822671], [-0.7455155, 52.0800845], [-0.7475197, 52.0793865], [-0.7472257, 52.0778998], [-0.7444188, 52.0739229], [-0.7427473, 52.0700569], [-0.7398485, 52.0673016], [-0.7379989, 52.0660765], [-0.7362249, 52.0618142], [-0.7443142, 52.0589246], [-0.7439482, 52.0579317], [-0.7436306, 52.0551403], [-0.7462735, 52.0539906], [-0.7478796, 52.0529564], [-0.7444624, 52.048955], [-0.7515302, 52.0438961], [-0.755766, 52.0420618], [-0.7620515, 52.0393767], [-0.7674368, 52.0370595], [-0.7733262, 52.0349451], [-0.7760722, 52.0411595], [-0.7787583, 52.0447838], [-0.7820997, 52.0441621], [-0.798539, 52.0368592], [-0.8027039, 52.0348516], [-0.8023615, 52.0334815], [-0.7977912, 52.0315828], [-0.7950601, 52.0290643], [-0.7976865, 52.025162], [-0.8064751, 52.0218797]]}}, {"type": "Feature", "properties": {"route": "A", "route_name": "", "route_id": "1757959", "agency": "Arriva Beds and Bucks", "agency_id": "OP58", "geometry_source": "GTFS stop sequence"}, "geometry": {"type": "LineString", "coordinates": [[-0.37537, 51.8793], [-0.37742, 51.87654], [-0.38266, 51.87604], [-0.38485, 51.87489], [-0.39295, 51.87365], [-0.39674, 51.87433], [-0.40047, 51.87538], [-0.41599, 51.88227], [-0.43503, 51.88445], [-0.45868, 51.88804], [-0.47437, 51.88826], [-0.49779, 51.8857], [-0.51552, 51.8908], [-0.51687, 51.89055], [-0.52144, 51.88927], [-0.52166, 51.88667], [-0.51945, 51.88658], [-0.5136, 51.88706], [-0.51552, 51.8908], [-0.52495, 51.89404], [-0.52459, 51.89841], [-0.52567, 51.90041], [-0.52245, 51.9037], [-0.51956, 51.90585], [-0.52045, 51.90793], [-0.52141, 51.91035], [-0.51593, 51.91213], [-0.51047, 51.91315], [-0.50581, 51.91297], [-0.50069, 51.91033], [-0.49899, 51.9086], [-0.5024, 51.90182], [-0.49917, 51.90305], [-0.49733, 51.90292], [-0.49518, 51.90197], [-0.49348, 51.9], [-0.49231, 51.89755], [-0.48738, 51.89678], [-0.48361, 51.89698], [-0.47803, 51.89734], [-0.47602, 51.8943], [-0.47432, 51.89313], [-0.46511, 51.89288], [-0.46068, 51.89245], [-0.45668, 51.89209], [-0.45612, 51.8893], [-0.43479, 51.88447], [-0.41479, 51.88217], [-0.40183, 51.87545], [-0.39621, 51.87427], [-0.39084, 51.87372], [-0.38436, 51.87526], [-0.3829, 51.87603], [-0.37946, 51.8767], [-0.37537, 51.8793]]}}, {"type": "Feature", "properties": {"route": "5", "route_name": "", "route_id": "10965757", "agency": "Arriva Beds and Bucks", "agency_id": "OP58", "geometry_source": "GTFS stop sequence"}, "geometry": {"type": "LineString", "coordinates": [[-0.37527, 51.87932], [-0.37742, 51.87654], [-0.38266, 51.87604], [-0.38485, 51.87489], [-0.39295, 51.87365], [-0.39674, 51.87433], [-0.40047, 51.87538], [-0.41522, 51.88226], [-0.41538, 51.88018], [-0.42087, 51.88508], [-0.42158, 51.88689], [-0.42528, 51.88665], [-0.42808, 51.88998], [-0.42985, 51.89224], [-0.43247, 51.89555], [-0.43344, 51.89687], [-0.43407, 51.89823], [-0.43591, 51.9003], [-0.43711, 51.90298], [-0.43805, 51.9043], [-0.43534, 51.90687], [-0.43433, 51.90964], [-0.43266, 51.91169], [-0.43012, 51.9138], [-0.4315, 51.91456], [-0.43381, 51.91594], [-0.44311, 51.91423], [-0.44819, 51.91452], [-0.45048, 51.91617]]}}, {"type": "Feature", "properties": {"route": "321", "route_name": "", "route_id": "11940", "agency": "Arriva Beds and Bucks", "agency_id": "OP58", "geometry_source": "GTFS stop sequence"}, "geometry": {"type": "LineString", "coordinates": [[-0.41516, 51.88199], [-0.41063, 51.87922], [-0.41588, 51.87531], [-0.41834, 51.86866], [-0.41769, 51.86607], [-0.41697, 51.86395], [-0.41415, 51.85575], [-0.414, 51.85237], [-0.412212820090886, 51.846734262006834], [-0.409179965222174, 51.84298868481352], [-0.39362331607375, 51.83590754933644], [-0.38731354931283, 51.833357455614525], [-0.382438660658401, 51.831689973741106], [-0.377303038481558, 51.83001869035475], [-0.371360800847935, 51.82778751262381], [-0.368143720754113, 51.82525218568737], [-0.365394592910736, 51.82382926736968], [-0.362707234111146, 51.82230823336148], [-0.35990618026786, 51.820326967458804], [-0.357275760984321, 51.8172510118598], [-0.355967607667128, 51.81572210120872], [-0.351877372839505, 51.811717424234125], [-0.349022029308557, 51.809267551874285], [-0.345143942727679, 51.80742365758987], [-0.347043399001011, 51.806254455354754], [-0.351939665568878, 51.804839523710164], [-0.351702634698668, 51.80060103101451], [-0.350873540827191, 51.79748720872336], [-0.345784804066291, 51.79031213402523], [-0.343070425092157, 51.78524743997929], [-0.339293267300961, 51.78111181846757], [-0.336742053404284, 51.77676862273743], [-0.336155987122268, 51.774179647146276], [-0.333959579191477, 51.77045285556653], [-0.335096016460578, 51.766746295724595], [-0.333831663817943, 51.760937569797086], [-0.334151656387027, 51.75696766367801], [-0.337952819593312, 51.752885178303785], [-0.339444720330257, 51.751314690117795], [-0.340665701768741, 51.74922781704907], [-0.341605877658148, 51.74768547861973], [-0.342977029340252, 51.74544783701552], [-0.350270478231857, 51.7408746256711], [-0.35210249456559, 51.738292660754546], [-0.355197838906373, 51.734415529691624], [-0.357542917144749, 51.73124719063197], [-0.359610574115559, 51.72773323781151], [-0.359580365270324, 51.72456764302635], [-0.362725083626367, 51.72208475852864], [-0.367147216815385, 51.71869337606992], [-0.373910568230116, 51.71296936452254], [-0.377950974180562, 51.709680199337974], [-0.383845932293779, 51.69900703268172], [-0.384634980388922, 51.6947287079823], [-0.385741614968392, 51.69005909269349], [-0.388612949655848, 51.687832532009025], [-0.390668663858301, 51.68616122621708], [-0.391943749063039, 51.682429025979395], [-0.394527836652074, 51.680531093223806], [-0.396842068902874, 51.67766727752309], [-0.396750474237357, 51.67534609106152], [-0.396132463333158, 51.67318856476869], [-0.3969510560015, 51.67048415340398], [-0.397774806009869, 51.66804057438595], [-0.398707750846208, 51.6657783181812], [-0.396123128357449, 51.663216294171114], [-0.396935282654453, 51.659459724775594], [-0.395469973266324, 51.6571467474655], [-0.392027365333755, 51.65352083239743], [-0.390841526821033, 51.65230864834255], [-0.388567880579641, 51.65079378455915], [-0.387172824201991, 51.64937187386171], [-0.403490861736855, 51.64694220030515]]}}, {"type": "Feature", "properties": {"route": "2", "route_name": "", "route_id": "68681", "agency": "Arriva Beds and Bucks", "agency_id": "OP58", "geometry_source": "GTFS stop sequence"}, "geometry": {"type": "LineString", "coordinates": [[-0.8064751, 52.0218797], [-0.8073772, 52.0251603], [-0.812373, 52.027477], [-0.8157214, 52.0276451], [-0.8183461, 52.0303688], [-0.8169345, 52.0320013], [-0.811133, 52.034693], [-0.8028759, 52.0349613], [-0.7990637, 52.0368645], [-0.7822414, 52.0443164], [-0.7782886, 52.0448959], [-0.7756181, 52.0412357], [-0.7738443, 52.0351932], [-0.7675917, 52.0372589], [-0.7622209, 52.0395763], [-0.7565252, 52.0420249], [-0.7510947, 52.0443501], [-0.7446353, 52.0490288], [-0.7480264, 52.052922], [-0.7463446, 52.0540543], [-0.7442337, 52.0549579], [-0.7434993, 52.0572975], [-0.7435685, 52.0595101], [-0.7362789, 52.0619676], [-0.7401123, 52.0672595], [-0.7429955, 52.0700505], [-0.7447495, 52.0740972], [-0.7475036, 52.0778758], [-0.7477066, 52.0794874], [-0.7450243, 52.0804299], [-0.7426189, 52.0824183], [-0.744746, 52.084554], [-0.7478528, 52.0880178], [-0.7470982, 52.0907917], [-0.7431992, 52.090777], [-0.7381192, 52.0871712], [-0.73463, 52.085361], [-0.7312247, 52.0853801], [-0.7256042, 52.0859489], [-0.728498, 52.084712], [-0.7322397, 52.0820104], [-0.7318144, 52.0805403], [-0.7294134, 52.0782397]]}}, {"type": "Feature", "properties": {"route": "4", "route_name": "", "route_id": "118179", "agency": "Arriva Beds and Bucks", "agency_id": "OP58", "geometry_source": "GTFS stop sequence"}, "geometry": {"type": "LineString", "coordinates": [[-0.7339391, 51.9955876], [-0.7371736, 51.9934824], [-0.7430737, 51.9923946], [-0.7481032, 51.9917019], [-0.7536517, 51.9911943], [-0.7619712, 51.9900143], [-0.7665162, 51.9899721], [-0.7637352, 51.9920648], [-0.7593531, 51.9946352], [-0.7572222, 51.9958445], [-0.7550609, 51.9970985], [-0.7517371, 51.9992931], [-0.7504695, 52.0008711], [-0.7498513, 52.0063312], [-0.7489344, 52.0094324], [-0.7481695, 52.010737], [-0.7459657, 52.0160813], [-0.7435666, 52.0190139], [-0.734409, 52.024895], [-0.7341663, 52.029361], [-0.7352738, 52.0350553], [-0.7369481, 52.0361702], [-0.7375542, 52.0394944], [-0.7365225, 52.040922], [-0.7376037, 52.0418776], [-0.7424095, 52.0452018], [-0.750999, 52.0441243], [-0.755766, 52.0420618], [-0.7618155, 52.0394731], [-0.7672009, 52.0371559], [-0.773554, 52.0351453]]}}, {"type": "Feature", "properties": {"route": "7", "route_name": "", "route_id": "10965768", "agency": "Arriva Beds and Bucks", "agency_id": "OP58", "geometry_source": "GTFS stop sequence"}, "geometry": {"type": "LineString", "coordinates": [[-0.41522, 51.88226], [-0.41486, 51.87999], [-0.42716, 51.88412], [-0.43019, 51.88619], [-0.43252, 51.88851], [-0.43348, 51.891], [-0.43679, 51.89378], [-0.44056, 51.89558], [-0.44431, 51.89721], [-0.44715, 51.89925], [-0.45031, 51.9017], [-0.45295, 51.90431], [-0.45458, 51.9052], [-0.45996, 51.90729], [-0.46684, 51.91094], [-0.46888, 51.9138], [-0.4708, 51.91616], [-0.47179, 51.92022], [-0.47093, 51.92149], [-0.47521, 51.92294], [-0.4772, 51.93074], [-0.47752, 51.93136], [-0.48117, 51.9372], [-0.48026, 51.93883], [-0.47733, 51.94021]]}}, {"type": "Feature", "properties": {"route": "3", "route_name": "", "route_id": "109513", "agency": "Arriva Beds and Bucks", "agency_id": "OP58", "geometry_source": "GTFS stop sequence"}, "geometry": {"type": "LineString", "coordinates": [[-0.65114, 52.039858], [-0.650379, 52.035614], [-0.654139, 52.033943], [-0.6581248, 52.0340526], [-0.666915, 52.0320531], [-0.6722566, 52.0303691], [-0.677234, 52.028645], [-0.6795787, 52.0297231], [-0.6798896, 52.0331082], [-0.6857098, 52.033479], [-0.6900489, 52.0336532], [-0.6898609, 52.0360967], [-0.688392, 52.038867], [-0.68342, 52.042875], [-0.678314, 52.046415], [-0.68771, 52.0503058], [-0.69399, 52.052407], [-0.6984183, 52.0556844], [-0.7295858, 52.0541723], [-0.7389266, 52.0503075], [-0.7444624, 52.048955], [-0.7512204, 52.0440277], [-0.7556489, 52.0410266], [-0.7620515, 52.0393767], [-0.7674368, 52.0370595], [-0.7727906, 52.0342742]]}}, {"type": "Feature", "properties": {"route": "L", "route_name": "", "route_id": "1757931", "agency": "Arriva Beds and Bucks", "agency_id": "OP58", "geometry_source": "GTFS stop sequence"}, "geometry": {"type": "LineString", "coordinates": [[-0.49308, 51.91561], [-0.49708, 51.91666], [-0.50213, 51.91906], [-0.50837, 51.91906], [-0.50602, 51.91764], [-0.50581, 51.91297], [-0.50774, 51.91095], [-0.50996, 51.91011], [-0.51051, 51.90762], [-0.50855, 51.90607], [-0.50575, 51.90345], [-0.50416, 51.90263], [-0.50392, 51.90164], [-0.5024, 51.90182], [-0.49917, 51.90305], [-0.49733, 51.90292], [-0.49518, 51.90197], [-0.49348, 51.9], [-0.49231, 51.89755], [-0.49292, 51.89701], [-0.49409, 51.89548], [-0.49027, 51.89375], [-0.48417, 51.89004], [-0.47412, 51.88829], [-0.4582, 51.88815], [-0.43479, 51.88447], [-0.41588, 51.88214]]}}, {"type": "Feature", "properties": {"route": "2", "route_name": "", "route_id": "68681", "agency": "Arriva Beds and Bucks", "agency_id": "OP58", "geometry_source": "GTFS stop sequence"}, "geometry": {"type": "LineString", "coordinates": [[-0.7294134, 52.0782397], [-0.7255063, 52.0790603], [-0.7286619, 52.0846602], [-0.7256042, 52.0859489], [-0.7309073, 52.0852509], [-0.734717, 52.085405], [-0.7385964, 52.0873291], [-0.7435078, 52.0887035], [-0.7469679, 52.0907544], [-0.7439308, 52.0871526], [-0.7419053, 52.0823657], [-0.7455155, 52.0800845], [-0.7475197, 52.0793865], [-0.7472257, 52.0778998], [-0.7444188, 52.0739229], [-0.7427473, 52.0700569], [-0.7398485, 52.0673016], [-0.7379989, 52.0660765], [-0.7362249, 52.0618142], [-0.7443142, 52.0589246], [-0.7439482, 52.0579317], [-0.7436306, 52.0551403], [-0.7462735, 52.0539906], [-0.7478796, 52.0529564], [-0.7444624, 52.048955], [-0.7515302, 52.0438961], [-0.755766, 52.0420618], [-0.7620515, 52.0393767], [-0.7674368, 52.0370595], [-0.7733262, 52.0349451], [-0.7760722, 52.0411595], [-0.7787583, 52.0447838], [-0.7820997, 52.0441621], [-0.798539, 52.0368592], [-0.8027039, 52.0348516], [-0.8023615, 52.0334815], [-0.7977912, 52.0315828], [-0.7950601, 52.0290643], [-0.7976865, 52.025162], [-0.8064751, 52.0218797]]}}, {"type": "Feature", "properties": {"route": "321", "route_name": "", "route_id": "11940", "agency": "Arriva Beds and Bucks", "agency_id": "OP58", "geometry_source": "GTFS stop sequence"}, "geometry": {"type": "LineString", "coordinates": [[-0.41516, 51.88199], [-0.41063, 51.87922], [-0.41588, 51.87531], [-0.41834, 51.86866], [-0.41769, 51.86607], [-0.41697, 51.86395], [-0.41415, 51.85575], [-0.414, 51.85237], [-0.412212820090886, 51.846734262006834], [-0.409179965222174, 51.84298868481352], [-0.39362331607375, 51.83590754933644], [-0.38731354931283, 51.833357455614525], [-0.382438660658401, 51.831689973741106], [-0.377303038481558, 51.83001869035475], [-0.371360800847935, 51.82778751262381], [-0.368143720754113, 51.82525218568737], [-0.365394592910736, 51.82382926736968], [-0.362707234111146, 51.82230823336148], [-0.35990618026786, 51.820326967458804], [-0.357275760984321, 51.8172510118598], [-0.355967607667128, 51.81572210120872], [-0.351877372839505, 51.811717424234125], [-0.349022029308557, 51.809267551874285], [-0.345143942727679, 51.80742365758987], [-0.347043399001011, 51.806254455354754], [-0.351939665568878, 51.804839523710164], [-0.351702634698668, 51.80060103101451], [-0.350873540827191, 51.79748720872336], [-0.345784804066291, 51.79031213402523], [-0.343070425092157, 51.78524743997929], [-0.339293267300961, 51.78111181846757], [-0.336742053404284, 51.77676862273743], [-0.336155987122268, 51.774179647146276], [-0.333959579191477, 51.77045285556653], [-0.335096016460578, 51.766746295724595], [-0.333831663817943, 51.760937569797086], [-0.334151656387027, 51.75696766367801], [-0.337952819593312, 51.752885178303785], [-0.339444720330257, 51.751314690117795], [-0.340665701768741, 51.74922781704907], [-0.341605877658148, 51.74768547861973], [-0.342977029340252, 51.74544783701552], [-0.350270478231857, 51.7408746256711], [-0.35210249456559, 51.738292660754546], [-0.355197838906373, 51.734415529691624], [-0.357542917144749, 51.73124719063197], [-0.359610574115559, 51.72773323781151], [-0.359580365270324, 51.72456764302635], [-0.362725083626367, 51.72208475852864], [-0.367147216815385, 51.71869337606992], [-0.373910568230116, 51.71296936452254], [-0.377950974180562, 51.709680199337974], [-0.383845932293779, 51.69900703268172], [-0.384634980388922, 51.6947287079823], [-0.385741614968392, 51.69005909269349], [-0.388612949655848, 51.687832532009025], [-0.390668663858301, 51.68616122621708], [-0.391943749063039, 51.682429025979395], [-0.394527836652074, 51.680531093223806], [-0.396842068902874, 51.67766727752309], [-0.396750474237357, 51.67534609106152], [-0.396132463333158, 51.67318856476869], [-0.3969510560015, 51.67048415340398], [-0.397774806009869, 51.66804057438595], [-0.398707750846208, 51.6657783181812], [-0.396123128357449, 51.663216294171114], [-0.396935282654453, 51.659459724775594], [-0.395469973266324, 51.6571467474655]]}}, {"type": "Feature", "properties": {"route": "L", "route_name": "", "route_id": "1757931", "agency": "Arriva Beds and Bucks", "agency_id": "OP58", "geometry_source": "GTFS stop sequence"}, "geometry": {"type": "LineString", "coordinates": [[-0.41588, 51.88214], [-0.43503, 51.88445], [-0.45868, 51.88804], [-0.47437, 51.88826], [-0.48435, 51.88996], [-0.49088, 51.89386], [-0.49433, 51.89664], [-0.49278, 51.8979], [-0.49407, 51.90061], [-0.49572, 51.90213], [-0.49809, 51.90323], [-0.50239, 51.90172], [-0.50469, 51.90144], [-0.5045, 51.90277], [-0.50635, 51.9037], [-0.50866, 51.90594], [-0.50993, 51.90644], [-0.51075, 51.90817], [-0.51019, 51.91013], [-0.50702, 51.91133], [-0.50615, 51.91305], [-0.50763, 51.91427], [-0.50849, 51.91922], [-0.49308, 51.91561]]}}, {"type": "Feature", "properties": {"route": "X3", "route_name": "", "route_id": "2167550", "agency": "Arriva Beds and Bucks", "agency_id": "OP58", "geometry_source": "GTFS stop sequence"}, "geometry": {"type": "LineString", "coordinates": [[-0.37537, 51.8793], [-0.37742, 51.87654], [-0.38266, 51.87604], [-0.38485, 51.87489], [-0.39295, 51.87365], [-0.39674, 51.87433], [-0.40047, 51.87538], [-0.41599, 51.88227], [-0.43503, 51.88445], [-0.45868, 51.88804], [-0.47437, 51.88826], [-0.49779, 51.8857], [-0.51065, 51.88611], [-0.51416, 51.88688], [-0.52201, 51.88668], [-0.52486, 51.88881], [-0.5261, 51.88961], [-0.52942, 51.892], [-0.5337, 51.895], [-0.53698, 51.89725], [-0.54583, 51.90232], [-0.61212, 51.9005], [-0.61576, 51.90791], [-0.63344, 51.91134], [-0.63911, 51.91161], [-0.64488, 51.91325], [-0.64991, 51.9136], [-0.65463, 51.9135], [-0.65832, 51.91451], [-0.66009, 51.916], [-0.66431, 51.91586], [-0.67004, 51.91627], [-0.67267, 51.91695], [-0.67474, 51.91729], [-0.67647, 51.91643], [-0.67936, 51.9197], [-0.68374, 51.9218], [-0.68724, 51.92342], [-0.696733, 51.938507], [-0.705897, 51.947105], [-0.716764, 51.954822], [-0.717941, 51.955905], [-0.71866, 51.959275], [-0.717446, 51.971212], [-0.716525, 51.975913], [-0.7196249, 51.9816673], [-0.7198322, 51.9851222], [-0.7241781, 51.9895121], [-0.7285906, 51.9900364], [-0.7296889, 51.9918824], [-0.7302151, 51.9943877], [-0.7339527, 51.9956237], [-0.7266602, 52.0021267], [-0.7304938, 52.0087407], [-0.7320863, 52.0152854], [-0.7327426, 52.016812], [-0.7350905, 52.0193368], [-0.7381893, 52.0210783], [-0.7401635, 52.0223942], [-0.7427695, 52.0276908], [-0.7465762, 52.0307345], [-0.7527914, 52.0284447], [-0.7597038, 52.0262159], [-0.76215, 52.0284175], [-0.7652774, 52.0313005], [-0.773118, 52.0345653]]}}, {"type": "Feature", "properties": {"route": "X6", "route_name": "", "route_id": "104061", "agency": "Arriva Beds and Bucks", "agency_id": "OP58", "geometry_source": "GTFS stop sequence"}, "geometry": {"type": "LineString", "coordinates": [[-0.813328, 51.814875], [-0.809097, 51.815759], [-0.80949, 51.816806], [-0.812238, 51.818812], [-0.815422, 51.82075], [-0.814772, 51.826192], [-0.81481, 51.829699], [-0.818637, 51.839862], [-0.828498, 51.851389], [-0.830342, 51.858106], [-0.83216, 51.863609], [-0.833674, 51.865701], [-0.833375, 51.877261], [-0.836238, 51.879492], [-0.837136, 51.880724], [-0.840556, 51.881612], [-0.847764, 51.882681], [-0.860304, 51.884916], [-0.857824, 51.888174], [-0.874446, 51.895185], [-0.875697, 51.898056], [-0.877755, 51.900063], [-0.881887, 51.90806], [-0.885772, 51.918509], [-0.886835, 51.920191], [-0.887819, 51.923347], [-0.886624, 51.938154], [-0.886253, 51.941378], [-0.882943, 51.942839], [-0.881846, 51.945409], [-0.884378, 51.947744], [-0.88725, 51.948901], [-0.897128, 51.951137], [-0.904925, 51.95424], [-0.913482, 51.956603], [-0.931599, 51.961552], [-0.938009, 51.963139], [-0.947824, 51.96854], [-0.952391, 51.970568], [-0.966514, 51.979324], [-0.975846, 51.985106], [-0.978884, 51.989188], [-0.980444, 51.991692], [-0.983803, 51.99512], [-0.985276, 51.996957], [-0.985171, 52.001632]]}}, {"type": "Feature", "properties": {"route": "W", "route_name": "", "route_id": "10965780", "agency": "Arriva Beds and Bucks", "agency_id": "OP58", "geometry_source": "GTFS stop sequence"}, "geometry": {"type": "LineString", "coordinates": [[-0.41588, 51.88214], [-0.43503, 51.88445], [-0.45868, 51.88804], [-0.47437, 51.88826], [-0.49779, 51.8857], [-0.51552, 51.8908], [-0.50998, 51.88934]]}}, {"type": "Feature", "properties": {"route": "6", "route_name": "", "route_id": "10965759", "agency": "Arriva Beds and Bucks", "agency_id": "OP58", "geometry_source": "GTFS stop sequence"}, "geometry": {"type": "LineString", "coordinates": [[-0.4535, 51.9124], [-0.45108, 51.9144], [-0.45048, 51.91617], [-0.45188, 51.91815], [-0.45417, 51.92029], [-0.45516, 51.92174], [-0.45828, 51.92173], [-0.45947, 51.91896], [-0.45763, 51.91747], [-0.45725, 51.91495], [-0.45741, 51.91275]]}}, {"type": "Feature", "properties": {"route": "32", "route_name": "", "route_id": "12608", "agency": "Arriva Beds and Bucks", "agency_id": "OP58", "geometry_source": "GTFS stop sequence"}, "geometry": {"type": "LineString", "coordinates": [[-0.41651, 51.88226], [-0.42716, 51.88412], [-0.43078, 51.8864], [-0.43809, 51.88804], [-0.44262, 51.89018], [-0.44723, 51.89097], [-0.44962, 51.89245], [-0.4519, 51.89438], [-0.45427, 51.89623], [-0.45615, 51.89779], [-0.45842, 51.89779], [-0.46023, 51.89831], [-0.46274, 51.89769], [-0.46465, 51.89793], [-0.46581, 51.89851], [-0.46576, 51.89979], [-0.46385, 51.90106], [-0.46514, 51.90237], [-0.46753, 51.9027], [-0.46942, 51.90483], [-0.47107, 51.90539], [-0.47314, 51.90401], [-0.47621, 51.90372], [-0.4767, 51.90485], [-0.47563, 51.90553], [-0.47262, 51.90588], [-0.47128, 51.90571]]}}, {"type": "Feature", "properties": {"route": "4A", "route_name": "", "route_id": "1782592", "agency": "Arriva Beds and Bucks", "agency_id": "OP58", "geometry_source": "GTFS stop sequence"}, "geometry": {"type": "LineString", "coordinates": [[-0.41555, 51.88231], [-0.41585, 51.88041], [-0.41788, 51.88348], [-0.4176, 51.88451], [-0.418, 51.88538], [-0.4187, 51.88665], [-0.41867, 51.88934], [-0.41713, 51.89268], [-0.4166, 51.8943], [-0.41651, 51.89565], [-0.41592, 51.89921], [-0.4165, 51.90235], [-0.41623, 51.90504], [-0.41311, 51.90529], [-0.4102, 51.90577], [-0.41161, 51.90671], [-0.41381, 51.90706], [-0.41119, 51.90843], [-0.41466, 51.90938], [-0.41641, 51.91111], [-0.41797, 51.90985], [-0.418, 51.90807], [-0.42134, 51.90751], [-0.42438, 51.90775], [-0.42514, 51.91096], [-0.42697, 51.91686], [-0.42824, 51.92127], [-0.43103, 51.92565], [-0.43312, 51.9256], [-0.43413, 51.92351], [-0.43339, 51.92178], [-0.43431, 51.92038], [-0.43799, 51.91956], [-0.4409, 51.9216], [-0.44171, 51.92339], [-0.44533, 51.92458], [-0.44814, 51.92395], [-0.4513, 51.92325], [-0.4538, 51.92286], [-0.45468, 51.92127], [-0.45421, 51.91787], [-0.45725, 51.91495], [-0.45995, 51.91522], [-0.46044, 51.91686], [-0.46435, 51.91688], [-0.46997, 51.9154], [-0.46858, 51.91358], [-0.4669, 51.91142], [-0.46508, 51.90916], [-0.46179, 51.90718], [-0.46044, 51.90535], [-0.46305, 51.90325], [-0.46514, 51.90237], [-0.46753, 51.9027], [-0.46942, 51.90483], [-0.47128, 51.90571], [-0.46845, 51.90422], [-0.46712, 51.90239], [-0.46914, 51.90094], [-0.47395, 51.89938], [-0.47803, 51.89734], [-0.47602, 51.8943]]}}, {"type": "Feature", "properties": {"route": "H", "route_name": "", "route_id": "1757942", "agency": "Arriva Beds and Bucks", "agency_id": "OP58", "geometry_source": "GTFS stop sequence"}, "geometry": {"type": "LineString", "coordinates": [[-0.54637, 51.91066], [-0.54075, 51.91016], [-0.53671, 51.90961], [-0.53661, 51.91321], [-0.53287, 51.91426], [-0.53054, 51.91279], [-0.52504, 51.90771], [-0.52317, 51.90568], [-0.52146, 51.90471], [-0.51598, 51.90502], [-0.51273, 51.90669], [-0.50855, 51.90607], [-0.50575, 51.90345], [-0.50416, 51.90263], [-0.50392, 51.90164], [-0.5024, 51.90182], [-0.49917, 51.90305], [-0.49733, 51.90292], [-0.49518, 51.90197], [-0.49348, 51.9], [-0.49231, 51.89755], [-0.49292, 51.89701], [-0.49409, 51.89548], [-0.49027, 51.89375], [-0.48417, 51.89004], [-0.47412, 51.88829], [-0.4582, 51.88815], [-0.43479, 51.88447], [-0.41588, 51.88214]]}}, {"type": "Feature", "properties": {"route": "3", "route_name": "", "route_id": "109513", "agency": "Arriva Beds and Bucks", "agency_id": "OP58", "geometry_source": "GTFS stop sequence"}, "geometry": {"type": "LineString", "coordinates": [[-0.7738443, 52.0351932], [-0.7678276, 52.0371625], [-0.7624425, 52.0394707], [-0.7565252, 52.0420249], [-0.751626, 52.0441219], [-0.7446353, 52.0490288], [-0.7385545, 52.0505733], [-0.7304424, 52.0543074], [-0.6988201, 52.0554101], [-0.6941882, 52.0526975], [-0.6875313, 52.0504297], [-0.6792032, 52.0465064], [-0.683, 52.042763], [-0.688293, 52.038776], [-0.6898609, 52.0360967], [-0.6866044, 52.0337946], [-0.6798816, 52.0333779], [-0.6726976, 52.0377118], [-0.6643347, 52.0370329], [-0.65114, 52.039858]]}}, {"type": "Feature", "properties": {"route": "H", "route_name": "", "route_id": "1757942", "agency": "Arriva Beds and Bucks", "agency_id": "OP58", "geometry_source": "GTFS stop sequence"}, "geometry": {"type": "LineString", "coordinates": [[-0.41588, 51.88214], [-0.43503, 51.88445], [-0.45868, 51.88804], [-0.47437, 51.88826], [-0.48435, 51.88996], [-0.49088, 51.89386], [-0.49433, 51.89664], [-0.49278, 51.8979], [-0.49407, 51.90061], [-0.49572, 51.90213], [-0.49809, 51.90323], [-0.50239, 51.90172], [-0.50469, 51.90144], [-0.5045, 51.90277], [-0.50635, 51.9037], [-0.50993, 51.90644], [-0.51195, 51.90659], [-0.51599, 51.9049], [-0.52225, 51.90492], [-0.52363, 51.90602], [-0.52526, 51.90778], [-0.52936, 51.91132], [-0.53323, 51.9141], [-0.53553, 51.91229], [-0.53722, 51.90961], [-0.54168, 51.91056], [-0.54733, 51.91023]]}}, {"type": "Feature", "properties": {"route": "H", "route_name": "", "route_id": "1757942", "agency": "Arriva Beds and Bucks", "agency_id": "OP58", "geometry_source": "GTFS stop sequence"}, "geometry": {"type": "LineString", "coordinates": [[-0.41588, 51.88214], [-0.43503, 51.88445], [-0.45868, 51.88804], [-0.47437, 51.88826], [-0.48435, 51.88996], [-0.49088, 51.89386], [-0.49433, 51.89664], [-0.49278, 51.8979], [-0.49407, 51.90061], [-0.49572, 51.90213], [-0.49809, 51.90323], [-0.50239, 51.90172], [-0.50469, 51.90144], [-0.5045, 51.90277], [-0.50635, 51.9037], [-0.50993, 51.90644], [-0.51195, 51.90659], [-0.51599, 51.9049], [-0.52225, 51.90492], [-0.52363, 51.90602], [-0.52526, 51.90778], [-0.52936, 51.91132], [-0.53323, 51.9141], [-0.53553, 51.91229], [-0.53722, 51.90961], [-0.54168, 51.91056], [-0.54733, 51.91023], [-0.54534, 51.90209], [-0.53572, 51.89663], [-0.53358, 51.89508], [-0.53024, 51.89274], [-0.52795, 51.8911], [-0.52454, 51.88875], [-0.52166, 51.88667], [-0.51945, 51.88658]]}}, {"type": "Feature", "properties": {"route": "4A", "route_name": "", "route_id": "1782592", "agency": "Arriva Beds and Bucks", "agency_id": "OP58", "geometry_source": "GTFS stop sequence"}, "geometry": {"type": "LineString", "coordinates": [[-0.41555, 51.88231], [-0.41585, 51.88041], [-0.41788, 51.88348], [-0.4176, 51.88451], [-0.418, 51.88538], [-0.4187, 51.88665], [-0.41867, 51.88934], [-0.41713, 51.89268], [-0.4166, 51.8943], [-0.41651, 51.89565], [-0.41592, 51.89921], [-0.4165, 51.90235], [-0.41623, 51.90504], [-0.41311, 51.90529], [-0.4102, 51.90577], [-0.41161, 51.90671], [-0.41381, 51.90706], [-0.41119, 51.90843], [-0.41466, 51.90938], [-0.41641, 51.91111], [-0.41797, 51.90985], [-0.418, 51.90807], [-0.42134, 51.90751], [-0.42438, 51.90775], [-0.42514, 51.91096], [-0.42697, 51.91686], [-0.42824, 51.92127], [-0.43103, 51.92565], [-0.43312, 51.9256], [-0.43413, 51.92351], [-0.43339, 51.92178], [-0.43431, 51.92038], [-0.43799, 51.91956], [-0.4409, 51.9216], [-0.44171, 51.92339], [-0.44533, 51.92458], [-0.44814, 51.92395], [-0.4513, 51.92325], [-0.4538, 51.92286], [-0.45468, 51.92127], [-0.45421, 51.91787], [-0.45725, 51.91495], [-0.45995, 51.91522], [-0.46044, 51.91686], [-0.46435, 51.91688], [-0.46997, 51.9154], [-0.46858, 51.91358], [-0.4669, 51.91142], [-0.46508, 51.90916], [-0.46179, 51.90718], [-0.46044, 51.90535], [-0.46305, 51.90325], [-0.46514, 51.90237], [-0.46753, 51.9027], [-0.46942, 51.90483], [-0.47128, 51.90571], [-0.46845, 51.90422], [-0.46712, 51.90239], [-0.46914, 51.90094], [-0.47395, 51.89938], [-0.47803, 51.89734], [-0.47602, 51.8943], [-0.48024, 51.89215], [-0.48353, 51.89156], [-0.4884, 51.89061], [-0.48992, 51.89031], [-0.49688, 51.88901], [-0.50235, 51.88808], [-0.51136, 51.88967], [-0.51314, 51.89167], [-0.51489, 51.89141], [-0.51687, 51.89055], [-0.52144, 51.88927]]}}, {"type": "Feature", "properties": {"route": "3", "route_name": "", "route_id": "109513", "agency": "Arriva Beds and Bucks", "agency_id": "OP58", "geometry_source": "GTFS stop sequence"}, "geometry": {"type": "LineString", "coordinates": [[-0.65114, 52.039858], [-0.6645643, 52.0366669], [-0.6726268, 52.0376391], [-0.6798896, 52.0331082], [-0.6857098, 52.033479], [-0.6900489, 52.0336532], [-0.6898609, 52.0360967], [-0.688392, 52.038867], [-0.68342, 52.042875], [-0.678314, 52.046415], [-0.68771, 52.0503058], [-0.69399, 52.052407], [-0.6984183, 52.0556844], [-0.7295858, 52.0541723], [-0.7389266, 52.0503075], [-0.7444624, 52.048955], [-0.7512204, 52.0440277], [-0.7556489, 52.0410266], [-0.7620515, 52.0393767], [-0.7674368, 52.0370595], [-0.7727906, 52.0342742]]}}, {"type": "Feature", "properties": {"route": "6", "route_name": "", "route_id": "6684", "agency": "Arriva Beds and Bucks", "agency_id": "OP58", "geometry_source": "GTFS stop sequence"}, "geometry": {"type": "LineString", "coordinates": [[-0.7227389, 51.9873746], [-0.7243898, 51.9856482], [-0.7290546, 51.9844488], [-0.7295137, 51.9816035], [-0.7268649, 51.9810445], [-0.729228, 51.9778061], [-0.7265634, 51.9742168], [-0.7202166, 51.976234], [-0.7219255, 51.9796243], [-0.725311, 51.981954]]}}, {"type": "Feature", "properties": {"route": "X4", "route_name": "", "route_id": "87229", "agency": "Arriva Beds and Bucks", "agency_id": "OP58", "geometry_source": "GTFS stop sequence"}, "geometry": {"type": "LineString", "coordinates": [[-0.37537, 51.8793], [-0.37742, 51.87654], [-0.38266, 51.87604], [-0.38485, 51.87489], [-0.39295, 51.87365], [-0.39674, 51.87433], [-0.40047, 51.87538], [-0.41599, 51.88227], [-0.43503, 51.88445], [-0.45868, 51.88804], [-0.47437, 51.88826], [-0.49779, 51.8857], [-0.51065, 51.88611], [-0.51416, 51.88688], [-0.52201, 51.88668], [-0.52486, 51.88881], [-0.5261, 51.88961], [-0.52942, 51.892], [-0.5337, 51.895], [-0.53698, 51.89725], [-0.54583, 51.90232], [-0.56727, 51.91317], [-0.57583, 51.90864], [-0.58013, 51.9092], [-0.58608, 51.9078], [-0.59114, 51.90826], [-0.59659, 51.90864], [-0.59948, 51.90745], [-0.61576, 51.90791], [-0.63344, 51.91134], [-0.63911, 51.91161], [-0.64488, 51.91325], [-0.64991, 51.9136], [-0.65463, 51.9135], [-0.65832, 51.91451], [-0.66009, 51.916], [-0.66431, 51.91586], [-0.67004, 51.91627], [-0.67267, 51.91695], [-0.67474, 51.91729], [-0.67647, 51.91643]]}}, {"type": "Feature", "properties": {"route": "1", "route_name": "", "route_id": "2119142", "agency": "Arriva Beds and Bucks", "agency_id": "OP58", "geometry_source": "GTFS stop sequence"}, "geometry": {"type": "LineString", "coordinates": [[-0.43515, 51.87176], [-0.4381, 51.87274], [-0.43902, 51.87378], [-0.43994, 51.87445], [-0.44146, 51.87582], [-0.44316, 51.87623], [-0.44542, 51.8769], [-0.44636, 51.87801], [-0.44476, 51.87916], [-0.44289, 51.87821], [-0.43998, 51.87702], [-0.43737, 51.87655], [-0.43676, 51.87664], [-0.43315, 51.87557], [-0.43244, 51.87513], [-0.43175, 51.87434], [-0.43254, 51.87343], [-0.43278, 51.87203]]}}, {"type": "Feature", "properties": {"route": "X6", "route_name": "", "route_id": "104061", "agency": "Arriva Beds and Bucks", "agency_id": "OP58", "geometry_source": "GTFS stop sequence"}, "geometry": {"type": "LineString", "coordinates": [[-0.813328, 51.814875], [-0.809097, 51.815759], [-0.80949, 51.816806], [-0.812238, 51.818812], [-0.815422, 51.82075], [-0.814772, 51.826192], [-0.81481, 51.829699], [-0.818637, 51.839862], [-0.828498, 51.851389], [-0.830342, 51.858106], [-0.83216, 51.863609], [-0.833674, 51.865701], [-0.833375, 51.877261], [-0.836238, 51.879492], [-0.837136, 51.880724], [-0.87609, 51.940553], [-0.880163, 51.94115], [-0.881846, 51.945409], [-0.884378, 51.947744], [-0.88725, 51.948901], [-0.897128, 51.951137], [-0.904925, 51.95424], [-0.913482, 51.956603], [-0.931599, 51.961552], [-0.938009, 51.963139], [-0.947824, 51.96854], [-0.952391, 51.970568], [-0.966514, 51.979324], [-0.975846, 51.985106], [-0.978884, 51.989188], [-0.980444, 51.991692], [-0.983803, 51.99512], [-0.985276, 51.996957], [-0.985171, 52.001632]]}}, {"type": "Feature", "properties": {"route": "32", "route_name": "", "route_id": "12608", "agency": "Arriva Beds and Bucks", "agency_id": "OP58", "geometry_source": "GTFS stop sequence"}, "geometry": {"type": "LineString", "coordinates": [[-0.47128, 51.90571], [-0.46972, 51.90792], [-0.46762, 51.90767], [-0.46724, 51.90676], [-0.46859, 51.90516], [-0.46845, 51.90422], [-0.46712, 51.90239], [-0.46572, 51.90232], [-0.46392, 51.90096], [-0.46531, 51.89987], [-0.4651, 51.8983], [-0.46209, 51.89855], [-0.45965, 51.89803], [-0.4588, 51.89773], [-0.45531, 51.89731], [-0.45294, 51.89535], [-0.45178, 51.89438], [-0.44831, 51.89181], [-0.44459, 51.89077], [-0.43922, 51.88891], [-0.43174, 51.88685], [-0.42853, 51.88561], [-0.4251, 51.88259], [-0.41651, 51.88226]]}}, {"type": "Feature", "properties": {"route": "4A", "route_name": "", "route_id": "1782592", "agency": "Arriva Beds and Bucks", "agency_id": "OP58", "geometry_source": "GTFS stop sequence"}, "geometry": {"type": "LineString", "coordinates": [[-0.47573, 51.89363], [-0.47782, 51.89662], [-0.47843, 51.8987], [-0.4735, 51.89965], [-0.46878, 51.90119], [-0.46753, 51.9027], [-0.46942, 51.90483], [-0.47128, 51.90571], [-0.46845, 51.90422], [-0.46712, 51.90239], [-0.46572, 51.90232], [-0.46323, 51.90327], [-0.46083, 51.90523], [-0.4612, 51.9066], [-0.46285, 51.90762], [-0.46553, 51.90924], [-0.46684, 51.91094], [-0.46888, 51.9138], [-0.46932, 51.91608], [-0.4641, 51.91739], [-0.46044, 51.91746], [-0.4599, 51.91577], [-0.45955, 51.9146], [-0.45768, 51.91441], [-0.45437, 51.918], [-0.45417, 51.92029], [-0.45516, 51.92174], [-0.45325, 51.92316], [-0.45129, 51.92347], [-0.44855, 51.92394], [-0.44499, 51.92468], [-0.44142, 51.92329], [-0.44044, 51.92132], [-0.43764, 51.91959], [-0.43488, 51.92028], [-0.43374, 51.92218], [-0.43452, 51.92386], [-0.43416, 51.92513], [-0.42961, 51.92509], [-0.42797, 51.92086], [-0.42644, 51.91584], [-0.42499, 51.91125], [-0.42292, 51.90728], [-0.41768, 51.90892], [-0.41828, 51.91016], [-0.41569, 51.91096], [-0.41418, 51.90926], [-0.41121, 51.90872], [-0.4137, 51.90685], [-0.41252, 51.90653], [-0.40971, 51.90623], [-0.4106, 51.90537], [-0.41675, 51.90444], [-0.41591, 51.90131], [-0.41571, 51.89887], [-0.41635, 51.89583], [-0.41654, 51.89376], [-0.41744, 51.89192], [-0.41861, 51.88916], [-0.41867, 51.88688], [-0.41776, 51.88527], [-0.41701, 51.8834], [-0.41555, 51.88231]]}}, {"type": "Feature", "properties": {"route": "X14", "route_name": "", "route_id": "3298197", "agency": "Arriva Beds and Bucks", "agency_id": "OP58", "geometry_source": "GTFS stop sequence"}, "geometry": {"type": "LineString", "coordinates": [[-0.755994, 52.042253], [-0.7540325, 52.0362352], [-0.7514647, 52.0347335], [-0.7448659, 52.0309051], [-0.7426037, 52.0278869], [-0.7407924, 52.023354], [-0.7379828, 52.021166], [-0.7348842, 52.0194155], [-0.7325362, 52.0168997], [-0.731709, 52.014633], [-0.7301881, 52.0087284], [-0.7262861, 52.0019608], [-0.7338982, 51.9954883], [-0.7275793, 51.9964272], [-0.7258677, 51.9956624], [-0.7219208, 51.9961591], [-0.7182222, 51.995103], [-0.7207177, 51.9918663], [-0.7217881, 51.9900796], [-0.7227389, 51.9873746], [-0.7243898, 51.9856482], [-0.7290546, 51.9844488], [-0.7295137, 51.9816035], [-0.7268649, 51.9810445], [-0.729228, 51.9778061], [-0.7331675, 51.9733799], [-0.7342782, 51.971162], [-0.738886, 51.970803], [-0.742901, 51.972909], [-0.7383809, 51.9768776], [-0.7312984, 51.9750483], [-0.696686, 51.903952], [-0.70669, 51.898767], [-0.710081, 51.898112], [-0.715443, 51.896642], [-0.718131, 51.894108], [-0.719164, 51.893064], [-0.727258, 51.887904], [-0.756006, 51.868825], [-0.766743, 51.854256], [-0.773593, 51.843169], [-0.767529, 51.824852], [-0.771667, 51.824722], [-0.773847, 51.824099], [-0.790107, 51.816842], [-0.793606, 51.815124], [-0.797438, 51.815056], [-0.80196, 51.81521], [-0.80949, 51.816806], [-0.812238, 51.818812], [-0.816305, 51.819176], [-0.818219, 51.817002], [-0.813328, 51.814875]]}}, {"type": "Feature", "properties": {"route": "13", "route_name": "", "route_id": "42720", "agency": "Arriva Beds and Bucks", "agency_id": "OP58", "geometry_source": "GTFS stop sequence"}, "geometry": {"type": "LineString", "coordinates": [[-0.41159, 51.87883], [-0.40955, 51.87915], [-0.40302, 51.87953], [-0.3998, 51.88263], [-0.40262, 51.88284], [-0.40324, 51.88359], [-0.40211, 51.88443], [-0.40015, 51.8852], [-0.4005, 51.88627], [-0.40094, 51.88709], [-0.40117, 51.88803], [-0.3993, 51.88869], [-0.39719, 51.8895], [-0.39651, 51.8895], [-0.39566, 51.88884], [-0.39414, 51.88779], [-0.39297, 51.88648], [-0.39302, 51.88534], [-0.39136, 51.88557], [-0.39038, 51.88412], [-0.39039, 51.88272], [-0.39269, 51.88129], [-0.39565, 51.88005], [-0.39715, 51.88098], [-0.39936, 51.88205], [-0.40316, 51.87935], [-0.40955, 51.87735], [-0.41159, 51.87883]]}}, {"type": "Feature", "properties": {"route": "6A", "route_name": "", "route_id": "10965795", "agency": "Arriva Beds and Bucks", "agency_id": "OP58", "geometry_source": "GTFS stop sequence"}, "geometry": {"type": "LineString", "coordinates": [[-0.47128, 51.90571], [-0.47057, 51.90763], [-0.47119, 51.90907], [-0.47144, 51.91113], [-0.46746, 51.91034], [-0.46508, 51.90916], [-0.46179, 51.90718], [-0.4574, 51.9067], [-0.45414, 51.90512], [-0.4517, 51.90336], [-0.44905, 51.90093], [-0.44537, 51.89817], [-0.4427, 51.89643], [-0.44056, 51.89567], [-0.43877, 51.89493], [-0.43596, 51.89329], [-0.43247, 51.89036], [-0.4319, 51.88833], [-0.42853, 51.88561], [-0.4251, 51.88259], [-0.41522, 51.88226]]}}, {"type": "Feature", "properties": {"route": "5", "route_name": "", "route_id": "10965757", "agency": "Arriva Beds and Bucks", "agency_id": "OP58", "geometry_source": "GTFS stop sequence"}, "geometry": {"type": "LineString", "coordinates": [[-0.45048, 51.91617], [-0.45188, 51.91815], [-0.45417, 51.92029], [-0.45516, 51.92174], [-0.45828, 51.92173], [-0.45947, 51.91896], [-0.45763, 51.91747], [-0.45725, 51.91495], [-0.45741, 51.91275], [-0.4535, 51.9124], [-0.45108, 51.9144], [-0.44791, 51.91441], [-0.44412, 51.91417], [-0.4303, 51.914], [-0.43073, 51.91287], [-0.43462, 51.90874], [-0.43527, 51.90654], [-0.43652, 51.90533], [-0.43801, 51.90341], [-0.43591, 51.90225], [-0.43539, 51.9002], [-0.43379, 51.89793], [-0.43208, 51.89528], [-0.42969, 51.89222], [-0.42762, 51.88959], [-0.42508, 51.88655], [-0.42098, 51.88671], [-0.42035, 51.88435], [-0.41522, 51.88226], [-0.40183, 51.87545], [-0.39621, 51.87427], [-0.39084, 51.87372], [-0.38436, 51.87526], [-0.3829, 51.87603], [-0.37946, 51.8767], [-0.37527, 51.87932]]}}, {"type": "Feature", "properties": {"route": "L", "route_name": "", "route_id": "1757931", "agency": "Arriva Beds and Bucks", "agency_id": "OP58", "geometry_source": "GTFS stop sequence"}, "geometry": {"type": "LineString", "coordinates": [[-0.49308, 51.91561], [-0.5024, 51.90182], [-0.49917, 51.90305], [-0.49733, 51.90292], [-0.49518, 51.90197], [-0.49348, 51.9], [-0.49231, 51.89755], [-0.49292, 51.89701], [-0.49409, 51.89548], [-0.49027, 51.89375], [-0.48417, 51.89004], [-0.47412, 51.88829], [-0.4582, 51.88815], [-0.43479, 51.88447], [-0.41588, 51.88214]]}}, {"type": "Feature", "properties": {"route": "X4", "route_name": "", "route_id": "87229", "agency": "Arriva Beds and Bucks", "agency_id": "OP58", "geometry_source": "GTFS stop sequence"}, "geometry": {"type": "LineString", "coordinates": [[-0.67647, 51.91643], [-0.67241, 51.91695], [-0.6675, 51.91617], [-0.66402, 51.91598], [-0.66081, 51.91673], [-0.65711, 51.91353], [-0.65426, 51.91365], [-0.65051, 51.91367], [-0.64434, 51.9133], [-0.63911, 51.91161], [-0.63704, 51.91185], [-0.63192, 51.91116], [-0.62963, 51.91072], [-0.6155, 51.90788], [-0.59959, 51.9075], [-0.59583, 51.90879], [-0.59183, 51.90862], [-0.58862, 51.90798], [-0.58446, 51.90809], [-0.57806, 51.90961], [-0.56734, 51.91323], [-0.54534, 51.90209], [-0.53572, 51.89663], [-0.53358, 51.89508], [-0.53024, 51.89274], [-0.52795, 51.8911], [-0.52454, 51.88875], [-0.52166, 51.88667], [-0.51937, 51.8866], [-0.5136, 51.88706], [-0.49808, 51.88567], [-0.47412, 51.88829], [-0.4582, 51.88815], [-0.43479, 51.88447], [-0.41479, 51.88217], [-0.40183, 51.87545], [-0.39621, 51.87427], [-0.39084, 51.87372], [-0.38436, 51.87526], [-0.3829, 51.87603], [-0.37946, 51.8767], [-0.37537, 51.8793]]}}, {"type": "Feature", "properties": {"route": "X2", "route_name": "", "route_id": "1709208", "agency": "Arriva Beds and Bucks", "agency_id": "OP58", "geometry_source": "GTFS stop sequence"}, "geometry": {"type": "LineString", "coordinates": [[-0.67647, 51.91643], [-0.67241, 51.91695], [-0.6675, 51.91617], [-0.66402, 51.91598], [-0.66081, 51.91673], [-0.65746, 51.91763], [-0.65478, 51.91819], [-0.65053, 51.91838], [-0.64345, 51.91924], [-0.63911, 51.91996], [-0.63046, 51.9214], [-0.62748, 51.91923], [-0.62832, 51.91525], [-0.62873, 51.91228], [-0.6155, 51.90788], [-0.61185, 51.90083], [-0.54534, 51.90209], [-0.53572, 51.89663], [-0.53358, 51.89508], [-0.53024, 51.89274], [-0.52795, 51.8911], [-0.52454, 51.88875], [-0.52166, 51.88667], [-0.51937, 51.8866], [-0.5136, 51.88706], [-0.49808, 51.88567], [-0.47412, 51.88829], [-0.4582, 51.88815], [-0.43479, 51.88447], [-0.41479, 51.88217], [-0.40183, 51.87545], [-0.39621, 51.87427], [-0.39084, 51.87372], [-0.38436, 51.87526], [-0.3829, 51.87603], [-0.37946, 51.8767], [-0.37537, 51.8793]]}}, {"type": "Feature", "properties": {"route": "8", "route_name": "", "route_id": "41146", "agency": "Arriva Beds and Bucks", "agency_id": "OP58", "geometry_source": "GTFS stop sequence"}, "geometry": {"type": "LineString", "coordinates": [[-0.7992313, 52.0093804], [-0.8015908, 52.0072285], [-0.8037769, 52.0033755], [-0.7972867, 51.9982205], [-0.7943367, 52.0022993], [-0.7930047, 52.0036163], [-0.7902225, 52.0041452], [-0.7840858, 52.0080382], [-0.7786301, 52.0114973], [-0.7803516, 52.0140956], [-0.780683, 52.0201321], [-0.7700884, 52.0201209], [-0.7597038, 52.0262159], [-0.76215, 52.0284175], [-0.7652774, 52.0313005], [-0.7738443, 52.0351932], [-0.7678276, 52.0371625], [-0.7624425, 52.0394707], [-0.7565252, 52.0420249], [-0.751626, 52.0441219], [-0.7427737, 52.0452147], [-0.7378468, 52.0467085], [-0.7297613, 52.0469543], [-0.7248061, 52.0473683], [-0.7093548, 52.0481712], [-0.7010621, 52.0464976], [-0.6945533, 52.0416694], [-0.6920561, 52.0373079], [-0.6898609, 52.0360967], [-0.700765, 52.0331064], [-0.706702, 52.0304474], [-0.7054368, 52.0268101], [-0.7089734, 52.0239537], [-0.700535, 52.0229349], [-0.6963671, 52.0244263], [-0.689081, 52.024876], [-0.6900455, 52.0212992]]}}, {"type": "Feature", "properties": {"route": "7", "route_name": "", "route_id": "10965768", "agency": "Arriva Beds and Bucks", "agency_id": "OP58", "geometry_source": "GTFS stop sequence"}, "geometry": {"type": "LineString", "coordinates": [[-0.41522, 51.88226], [-0.41486, 51.87999], [-0.42716, 51.88412], [-0.43019, 51.88619], [-0.43252, 51.88851], [-0.43348, 51.891], [-0.43679, 51.89378], [-0.44056, 51.89558], [-0.44431, 51.89721], [-0.44715, 51.89925], [-0.45031, 51.9017], [-0.45295, 51.90431], [-0.45458, 51.9052], [-0.45996, 51.90729], [-0.46684, 51.91094], [-0.46888, 51.9138], [-0.4708, 51.91616], [-0.47179, 51.92022], [-0.47093, 51.92149], [-0.47521, 51.92294], [-0.49901, 51.9198], [-0.49637, 51.91639], [-0.49351, 51.91639]]}}, {"type": "Feature", "properties": {"route": "A", "route_name": "", "route_id": "1757959", "agency": "Arriva Beds and Bucks", "agency_id": "OP58", "geometry_source": "GTFS stop sequence"}, "geometry": {"type": "LineString", "coordinates": [[-0.37537, 51.8793], [-0.37742, 51.87654], [-0.38266, 51.87604], [-0.38485, 51.87489], [-0.39295, 51.87365], [-0.39674, 51.87433], [-0.40047, 51.87538], [-0.41599, 51.88227], [-0.43503, 51.88445], [-0.45868, 51.88804], [-0.47437, 51.88826], [-0.49779, 51.8857], [-0.51552, 51.8908], [-0.51687, 51.89055], [-0.52144, 51.88927], [-0.52166, 51.88667], [-0.51945, 51.88658], [-0.5136, 51.88706], [-0.51552, 51.8908], [-0.52495, 51.89404], [-0.52459, 51.89841], [-0.52567, 51.90041], [-0.52245, 51.9037], [-0.51956, 51.90585], [-0.52045, 51.90793], [-0.52141, 51.91035], [-0.51593, 51.91213], [-0.51047, 51.91315], [-0.50581, 51.91297], [-0.50069, 51.91033]]}}, {"type": "Feature", "properties": {"route": "CN7", "route_name": "", "route_id": "103281", "agency": "Arriva Beds and Bucks", "agency_id": "OP58", "geometry_source": "GTFS stop sequence"}, "geometry": {"type": "LineString", "coordinates": [[-0.42467, 51.92142], [-0.44311, 51.91423], [-0.45494, 51.90892], [-0.45996, 51.90729], [-0.46508, 51.90916], [-0.46179, 51.90718], [-0.46044, 51.90535], [-0.46305, 51.90325], [-0.46514, 51.90237], [-0.46914, 51.90094], [-0.47395, 51.89938], [-0.48001, 51.89814], [-0.48342, 51.89789], [-0.4859, 51.90023], [-0.48447, 51.90232], [-0.48142, 51.90278], [-0.48059, 51.90457], [-0.48268, 51.90651], [-0.48586, 51.9064], [-0.4887, 51.90542], [-0.49287, 51.90432], [-0.49725, 51.90364], [-0.49733, 51.90292], [-0.49518, 51.90197]]}}, {"type": "Feature", "properties": {"route": "Z", "route_name": "", "route_id": "1757946", "agency": "Arriva Beds and Bucks", "agency_id": "OP58", "geometry_source": "GTFS stop sequence"}, "geometry": {"type": "LineString", "coordinates": [[-0.47573, 51.89363], [-0.47782, 51.89662], [-0.48001, 51.89814], [-0.48393, 51.89672], [-0.48848, 51.89696], [-0.49278, 51.8979], [-0.49407, 51.90061], [-0.49572, 51.90213], [-0.49809, 51.90323], [-0.50239, 51.90172], [-0.49916, 51.90862], [-0.50134, 51.91087], [-0.50615, 51.91305], [-0.50861, 51.91336], [-0.51127, 51.91346], [-0.51637, 51.91191], [-0.52111, 51.90967], [-0.52012, 51.90739], [-0.51929, 51.9057], [-0.52216, 51.90371], [-0.52583, 51.90166], [-0.52447, 51.89819], [-0.52486, 51.89405], [-0.51687, 51.89055], [-0.52144, 51.88927], [-0.52166, 51.88667], [-0.51937, 51.8866], [-0.5136, 51.88706], [-0.49808, 51.88567], [-0.47412, 51.88829], [-0.4582, 51.88815], [-0.43479, 51.88447], [-0.41479, 51.88217], [-0.40183, 51.87545], [-0.39621, 51.87427], [-0.39084, 51.87372], [-0.38436, 51.87526], [-0.3829, 51.87603], [-0.37946, 51.8767], [-0.37527, 51.87932]]}}, {"type": "Feature", "properties": {"route": "7", "route_name": "", "route_id": "10965768", "agency": "Arriva Beds and Bucks", "agency_id": "OP58", "geometry_source": "GTFS stop sequence"}, "geometry": {"type": "LineString", "coordinates": [[-0.41522, 51.88226], [-0.41486, 51.87999], [-0.42716, 51.88412], [-0.43019, 51.88619], [-0.43252, 51.88851], [-0.43348, 51.891], [-0.43679, 51.89378], [-0.44056, 51.89558], [-0.44431, 51.89721], [-0.44715, 51.89925], [-0.45031, 51.9017], [-0.45295, 51.90431], [-0.45458, 51.9052], [-0.45996, 51.90729], [-0.46684, 51.91094], [-0.46888, 51.9138], [-0.4708, 51.91616], [-0.47521, 51.92294], [-0.49901, 51.9198], [-0.49637, 51.91639], [-0.49351, 51.91639]]}}, {"type": "Feature", "properties": {"route": "7", "route_name": "", "route_id": "10965768", "agency": "Arriva Beds and Bucks", "agency_id": "OP58", "geometry_source": "GTFS stop sequence"}, "geometry": {"type": "LineString", "coordinates": [[-0.41522, 51.88226], [-0.41486, 51.87999], [-0.42716, 51.88412], [-0.43019, 51.88619], [-0.43252, 51.88851], [-0.43348, 51.891], [-0.43679, 51.89378], [-0.44056, 51.89558], [-0.44431, 51.89721], [-0.44715, 51.89925], [-0.45031, 51.9017], [-0.45295, 51.90431], [-0.45458, 51.9052], [-0.45996, 51.90729], [-0.46684, 51.91094], [-0.46888, 51.9138], [-0.4708, 51.91616], [-0.47179, 51.92022], [-0.47093, 51.92149], [-0.47521, 51.92294], [-0.48707, 51.92203], [-0.49901, 51.9198], [-0.49637, 51.91639], [-0.49351, 51.91639]]}}, {"type": "Feature", "properties": {"route": "CN5", "route_name": "", "route_id": "103279", "agency": "Arriva Beds and Bucks", "agency_id": "OP58", "geometry_source": "GTFS stop sequence"}, "geometry": {"type": "LineString", "coordinates": [[-0.49518, 51.90197], [-0.49348, 51.9], [-0.49231, 51.89755], [-0.48738, 51.89678], [-0.48361, 51.89698], [-0.47803, 51.89734], [-0.47602, 51.8943], [-0.47432, 51.89313], [-0.46511, 51.89288], [-0.46068, 51.89245], [-0.45668, 51.89209], [-0.45204, 51.89511], [-0.44324, 51.90046], [-0.43995, 51.90388], [-0.4426, 51.90481], [-0.44307, 51.90662], [-0.42467, 51.92142]]}}, {"type": "Feature", "properties": {"route": "W", "route_name": "", "route_id": "10965780", "agency": "Arriva Beds and Bucks", "agency_id": "OP58", "geometry_source": "GTFS stop sequence"}, "geometry": {"type": "LineString", "coordinates": [[-0.50998, 51.88934], [-0.51136, 51.88967], [-0.51314, 51.89167], [-0.51489, 51.89141], [-0.51542, 51.89079], [-0.49808, 51.88567], [-0.47412, 51.88829], [-0.4582, 51.88815], [-0.43479, 51.88447], [-0.41588, 51.88214]]}}, {"type": "Feature", "properties": {"route": "33", "route_name": "", "route_id": "41022", "agency": "Arriva Beds and Bucks", "agency_id": "OP58", "geometry_source": "GTFS stop sequence"}, "geometry": {"type": "LineString", "coordinates": [[-0.8371669, 52.0927034], [-0.8328491, 52.1127287], [-0.8304893, 52.1152947], [-0.8290297, 52.1152622], [-0.8274258, 52.1140505], [-0.8324943, 52.1184884], [-0.8405621, 52.1238996], [-0.856167668, 52.143670183], [-0.848262304, 52.149311485], [-0.854024991, 52.146301706], [-0.85857807, 52.146561631], [-0.87721383, 52.142406865], [-0.879290547, 52.141176878], [-0.882941748, 52.141840874], [-0.882658309, 52.142656361], [-0.890613801, 52.154765576], [-0.890671994, 52.155952918], [-0.891525065, 52.158689827], [-0.89707997, 52.158103536], [-0.89822558, 52.160254064], [-0.900208994, 52.170531127], [-0.883104463, 52.176218843], [-0.868562594, 52.182198738], [-0.881864686, 52.197672869], [-0.886213629, 52.202218385], [-0.890784681, 52.2049317], [-0.889245747, 52.208549508], [-0.893113159, 52.213108205], [-0.896942977, 52.215670465], [-0.897598076, 52.219362801], [-0.897281777, 52.22267744], [-0.897121716, 52.224411162], [-0.896813264, 52.226224414], [-0.896488005, 52.229305204], [-0.897127112, 52.232466931], [-0.89755082, 52.234278029], [-0.898013832, 52.238642863]]}}, {"type": "Feature", "properties": {"route": "LOOP", "route_name": "", "route_id": "110100", "agency": "Arriva Beds and Bucks", "agency_id": "OP58", "geometry_source": "GTFS stop sequence"}, "geometry": {"type": "LineString", "coordinates": [[-0.7339943, 51.9956961], [-0.7371736, 51.9934824], [-0.7418604, 51.993074], [-0.7448821, 51.994392], [-0.7473929, 51.9957584], [-0.7503841, 51.9976604], [-0.7574016, 51.999362], [-0.7617345, 52.0017633], [-0.7667763, 52.0038302], [-0.7668852, 52.0046406], [-0.7614841, 52.0066159], [-0.7676596, 52.0082721], [-0.7720537, 52.0090193], [-0.7785026, 52.0113611], [-0.7839433, 52.0079198], [-0.788318, 52.0050787], [-0.7930047, 52.0036163], [-0.7902225, 52.0041452], [-0.7941706, 52.0073956], [-0.7973116, 52.0108803], [-0.7946636, 52.0123637], [-0.7905937, 52.0141562], [-0.7926417, 52.0171083], [-0.7890676, 52.0183304], [-0.780683, 52.0201321], [-0.7822227, 52.0219283], [-0.7843724, 52.0242779], [-0.7890903, 52.025047], [-0.7783971, 52.0232643], [-0.7765324, 52.0237665], [-0.775303, 52.0266219], [-0.7734883, 52.0348838], [-0.7675917, 52.0372589], [-0.7622209, 52.0395763], [-0.7565252, 52.0420249], [-0.7521719, 52.043894], [-0.7427737, 52.0452147], [-0.7378468, 52.0467085], [-0.7297613, 52.0469543], [-0.7248061, 52.0473683], [-0.7168242, 52.0403486], [-0.7140456, 52.0391953], [-0.7101612, 52.0383976], [-0.6993141, 52.0388988], [-0.6920561, 52.0373079], [-0.6898609, 52.0360967], [-0.6726976, 52.0377118], [-0.6643347, 52.0370329], [-0.666915, 52.0320531], [-0.6722566, 52.0303691], [-0.6685641, 52.027658], [-0.6627477, 52.0242564], [-0.6592971, 52.0221851], [-0.6544662, 52.0185246], [-0.6526064, 52.0178559], [-0.6493318, 52.0152919], [-0.646471, 52.0106196], [-0.6525453, 52.0116423], [-0.6790986, 52.0035451], [-0.6817088, 52.0024684], [-0.6870213, 52.0031302], [-0.692864, 52.0035998], [-0.6960506, 52.004732], [-0.6947289, 52.0086016], [-0.6965755, 52.013747], [-0.6994708, 52.01591], [-0.7018929, 52.0198299], [-0.7034787, 52.0234528], [-0.7089734, 52.0239537], [-0.7173253, 52.018839], [-0.7251898, 52.0179893], [-0.7260612, 52.0216851], [-0.7341674, 52.0246766], [-0.7379828, 52.021166], [-0.7348842, 52.0194155], [-0.7325362, 52.0168997], [-0.731709, 52.014633], [-0.7301881, 52.0087284], [-0.7262861, 52.0019608], [-0.7339943, 51.9956961]]}}, {"type": "Feature", "properties": {"route": "X1", "route_name": "", "route_id": "109273", "agency": "Arriva Beds and Bucks", "agency_id": "OP58", "geometry_source": "GTFS stop sequence"}, "geometry": {"type": "LineString", "coordinates": [[-0.37537, 51.8793], [-0.37742, 51.87654], [-0.38266, 51.87604], [-0.38485, 51.87489], [-0.39295, 51.87365], [-0.39674, 51.87433], [-0.40047, 51.87538], [-0.41599, 51.88227], [-0.43503, 51.88445], [-0.45868, 51.88804], [-0.47437, 51.88826], [-0.49779, 51.8857], [-0.51065, 51.88611], [-0.51416, 51.88688], [-0.52201, 51.88668], [-0.52486, 51.88881], [-0.5261, 51.88961], [-0.52942, 51.892], [-0.5337, 51.895], [-0.53698, 51.89725], [-0.54583, 51.90232], [-0.57585, 51.92389], [-0.58295, 51.92871], [-0.58871, 51.93245], [-0.59078, 51.9338], [-0.7133917, 51.9974599], [-0.72472, 52.00193], [-0.7304938, 52.0087407], [-0.7320863, 52.0152854], [-0.7327426, 52.016812], [-0.7350905, 52.0193368], [-0.7381893, 52.0210783], [-0.7401635, 52.0223942], [-0.7427695, 52.0276908], [-0.7468159, 52.0320677], [-0.749845, 52.0337453], [-0.7544013, 52.0360773], [-0.7552641, 52.0422813], [-0.7620515, 52.0393767], [-0.7674368, 52.0370595], [-0.7734883, 52.0348838]]}}, {"type": "Feature", "properties": {"route": "X33", "route_name": "", "route_id": "87431", "agency": "Arriva Beds and Bucks", "agency_id": "OP58", "geometry_source": "GTFS stop sequence"}, "geometry": {"type": "LineString", "coordinates": [[-0.848262304, 52.149311485], [-0.853649494, 52.146127231], [-0.85611107, 52.143597707], [-0.8407732, 52.1242074], [-0.8330315, 52.119168], [-0.8285533, 52.1156081], [-0.8272553, 52.113869], [-0.8293765, 52.1154005], [-0.8313245, 52.1146286], [-0.8326888, 52.1127181], [-0.8369177, 52.0927459], [-0.8323448, 52.0928985], [-0.8027239, 52.0788452], [-0.8063548, 52.0751148], [-0.8045977, 52.0644156], [-0.8094537, 52.0622889], [-0.8097485, 52.0632719], [-0.8041528, 52.0646898], [-0.802081, 52.0652442], [-0.78762, 52.0562401], [-0.7841036, 52.053066], [-0.781095, 52.0505444], [-0.7795856, 52.0470672], [-0.7782886, 52.0448959], [-0.7756181, 52.0412357], [-0.7556489, 52.0410266], [-0.7618155, 52.0394731], [-0.7672009, 52.0371559], [-0.7729759, 52.0344289]]}}, {"type": "Feature", "properties": {"route": "8", "route_name": "", "route_id": "41146", "agency": "Arriva Beds and Bucks", "agency_id": "OP58", "geometry_source": "GTFS stop sequence"}, "geometry": {"type": "LineString", "coordinates": [[-0.755766, 52.0420618], [-0.7620515, 52.0393767], [-0.7674368, 52.0370595], [-0.7733262, 52.0349451], [-0.7649941, 52.0315313], [-0.7617768, 52.0287373], [-0.7703393, 52.0200066], [-0.7803392, 52.0199128], [-0.7800872, 52.0141738], [-0.7785026, 52.0113611], [-0.7839433, 52.0079198], [-0.788318, 52.0050787], [-0.7930047, 52.0036163], [-0.7902225, 52.0041452], [-0.7941706, 52.0073956], [-0.7992313, 52.0093804]]}}, {"type": "Feature", "properties": {"route": "8", "route_name": "", "route_id": "41146", "agency": "Arriva Beds and Bucks", "agency_id": "OP58", "geometry_source": "GTFS stop sequence"}, "geometry": {"type": "LineString", "coordinates": [[-0.7992313, 52.0093804], [-0.8015908, 52.0072285], [-0.8037769, 52.0033755], [-0.7971525, 51.9970127], [-0.792236, 51.993123], [-0.7923802, 51.9886927], [-0.7862489, 51.9902064], [-0.7926256, 51.993183], [-0.7972867, 51.9982205], [-0.7943367, 52.0022993], [-0.7930047, 52.0036163], [-0.7902225, 52.0041452], [-0.7840858, 52.0080382], [-0.7786301, 52.0114973], [-0.7803516, 52.0140956], [-0.780683, 52.0201321], [-0.7700884, 52.0201209], [-0.7597038, 52.0262159], [-0.76215, 52.0284175], [-0.7652774, 52.0313005], [-0.7738443, 52.0351932], [-0.7678276, 52.0371625], [-0.7624425, 52.0394707], [-0.7565252, 52.0420249], [-0.751626, 52.0441219], [-0.7427737, 52.0452147], [-0.7378468, 52.0467085], [-0.7297613, 52.0469543], [-0.7248061, 52.0473683], [-0.7093548, 52.0481712], [-0.7010621, 52.0464976], [-0.6945533, 52.0416694], [-0.6920561, 52.0373079], [-0.6898609, 52.0360967], [-0.6903824, 52.0272281], [-0.689081, 52.024876], [-0.6900455, 52.0212992]]}}, {"type": "Feature", "properties": {"route": "X4", "route_name": "", "route_id": "87229", "agency": "Arriva Beds and Bucks", "agency_id": "OP58", "geometry_source": "GTFS stop sequence"}, "geometry": {"type": "LineString", "coordinates": [[-0.813328, 51.814875], [-0.809736, 51.815208], [-0.806818, 51.816356], [-0.800104, 51.815146], [-0.797377, 51.815154], [-0.793661, 51.815215], [-0.79039, 51.816566], [-0.774053, 51.82411], [-0.771962, 51.824783], [-0.772451, 51.826072], [-0.772127, 51.829206], [-0.768988, 51.830167], [-0.773893, 51.843891], [-0.768546, 51.853106], [-0.755719, 51.869226], [-0.727371, 51.88804], [-0.719204, 51.893149], [-0.718603, 51.894374], [-0.714934, 51.897131], [-0.709308, 51.898229], [-0.706746, 51.898866], [-0.696713, 51.904043], [-0.68034, 51.91189], [-0.68171, 51.91398], [-0.68109, 51.91528], [-0.67925, 51.91632], [-0.67807, 51.9178], [-0.676, 51.91841], [-0.67647, 51.91643], [-0.67241, 51.91695], [-0.6675, 51.91617], [-0.66402, 51.91598], [-0.66081, 51.91673], [-0.65711, 51.91353], [-0.65426, 51.91365], [-0.65051, 51.91367], [-0.64434, 51.9133], [-0.63911, 51.91161], [-0.63704, 51.91185], [-0.63192, 51.91116], [-0.62963, 51.91072], [-0.6155, 51.90788], [-0.59959, 51.9075], [-0.59583, 51.90879], [-0.59183, 51.90862], [-0.58862, 51.90798], [-0.58446, 51.90809], [-0.57806, 51.90961], [-0.56734, 51.91323], [-0.54534, 51.90209], [-0.53572, 51.89663], [-0.53358, 51.89508], [-0.53024, 51.89274], [-0.52795, 51.8911], [-0.52454, 51.88875], [-0.52166, 51.88667], [-0.51937, 51.8866], [-0.5136, 51.88706], [-0.49808, 51.88567], [-0.47412, 51.88829], [-0.4582, 51.88815], [-0.43479, 51.88447], [-0.41479, 51.88217], [-0.40183, 51.87545], [-0.39621, 51.87427], [-0.39084, 51.87372], [-0.38436, 51.87526], [-0.3829, 51.87603], [-0.37946, 51.8767], [-0.37537, 51.8793]]}}, {"type": "Feature", "properties": {"route": "321", "route_name": "", "route_id": "11940", "agency": "Arriva Beds and Bucks", "agency_id": "OP58", "geometry_source": "GTFS stop sequence"}, "geometry": {"type": "LineString", "coordinates": [[-0.41516, 51.88199], [-0.41063, 51.87922], [-0.41588, 51.87531], [-0.41834, 51.86866], [-0.41769, 51.86607], [-0.41697, 51.86395], [-0.41415, 51.85575], [-0.414, 51.85237], [-0.412212820090886, 51.846734262006834], [-0.409179965222174, 51.84298868481352], [-0.39362331607375, 51.83590754933644], [-0.38731354931283, 51.833357455614525], [-0.382438660658401, 51.831689973741106], [-0.377303038481558, 51.83001869035475], [-0.371360800847935, 51.82778751262381], [-0.368143720754113, 51.82525218568737], [-0.365394592910736, 51.82382926736968], [-0.362707234111146, 51.82230823336148], [-0.35990618026786, 51.820326967458804], [-0.357275760984321, 51.8172510118598], [-0.355967607667128, 51.81572210120872], [-0.351877372839505, 51.811717424234125], [-0.349022029308557, 51.809267551874285], [-0.345143942727679, 51.80742365758987], [-0.347043399001011, 51.806254455354754], [-0.351939665568878, 51.804839523710164], [-0.351702634698668, 51.80060103101451], [-0.350873540827191, 51.79748720872336], [-0.345784804066291, 51.79031213402523], [-0.343070425092157, 51.78524743997929], [-0.339293267300961, 51.78111181846757], [-0.336742053404284, 51.77676862273743], [-0.336155987122268, 51.774179647146276], [-0.333959579191477, 51.77045285556653], [-0.335096016460578, 51.766746295724595], [-0.333831663817943, 51.760937569797086], [-0.334151656387027, 51.75696766367801], [-0.337952819593312, 51.752885178303785]]}}, {"type": "Feature", "properties": {"route": "L", "route_name": "", "route_id": "1757931", "agency": "Arriva Beds and Bucks", "agency_id": "OP58", "geometry_source": "GTFS stop sequence"}, "geometry": {"type": "LineString", "coordinates": [[-0.41588, 51.88214], [-0.43503, 51.88445], [-0.45868, 51.88804], [-0.47437, 51.88826], [-0.48435, 51.88996], [-0.49088, 51.89386], [-0.49433, 51.89664], [-0.49278, 51.8979], [-0.49407, 51.90061], [-0.49572, 51.90213], [-0.49809, 51.90323], [-0.50239, 51.90172], [-0.49308, 51.91561]]}}, {"type": "Feature", "properties": {"route": "X6", "route_name": "", "route_id": "104061", "agency": "Arriva Beds and Bucks", "agency_id": "OP58", "geometry_source": "GTFS stop sequence"}, "geometry": {"type": "LineString", "coordinates": [[-0.985171, 52.001632], [-0.974294, 52.002032], [-0.86803394, 52.058882953], [-0.866930539, 52.060409818], [-0.865539504, 52.062347491], [-0.8433781, 52.0585357], [-0.8498225, 52.05636]]}}, {"type": "Feature", "properties": {"route": "X14", "route_name": "", "route_id": "3298197", "agency": "Arriva Beds and Bucks", "agency_id": "OP58", "geometry_source": "GTFS stop sequence"}, "geometry": {"type": "LineString", "coordinates": [[-0.755994, 52.042253], [-0.7540325, 52.0362352], [-0.7514647, 52.0347335], [-0.7448659, 52.0309051], [-0.7426037, 52.0278869], [-0.7407924, 52.023354], [-0.7379828, 52.021166], [-0.7348842, 52.0194155], [-0.7325362, 52.0168997], [-0.731709, 52.014633], [-0.7301881, 52.0087284], [-0.7262861, 52.0019608], [-0.7338982, 51.9954883], [-0.7275793, 51.9964272], [-0.7258677, 51.9956624], [-0.7219208, 51.9961591], [-0.7182222, 51.995103], [-0.7207177, 51.9918663], [-0.7217881, 51.9900796], [-0.7227389, 51.9873746], [-0.7243898, 51.9856482], [-0.7290546, 51.9844488], [-0.7295137, 51.9816035], [-0.7268649, 51.9810445], [-0.729228, 51.9778061], [-0.7313197, 51.9751477]]}}, {"type": "Feature", "properties": {"route": "CN1", "route_name": "", "route_id": "103275", "agency": "Arriva Beds and Bucks", "agency_id": "OP58", "geometry_source": "GTFS stop sequence"}, "geometry": {"type": "LineString", "coordinates": [[-0.42467, 51.92142], [-0.42644, 51.91584], [-0.42499, 51.91125], [-0.42338, 51.9061], [-0.42249, 51.90285], [-0.42156, 51.9], [-0.40578, 51.89234], [-0.40092, 51.89203], [-0.40126, 51.8931], [-0.40193, 51.8952], [-0.39983, 51.89859], [-0.39826, 51.90167], [-0.39448, 51.90165], [-0.39204, 51.89947], [-0.39338, 51.89774], [-0.39348, 51.89537], [-0.38914, 51.89284], [-0.3867, 51.89113], [-0.38548, 51.88975], [-0.38814, 51.88824], [-0.39297, 51.88648], [-0.39629, 51.88424], [-0.39936, 51.88205], [-0.40316, 51.87935]]}}, {"type": "Feature", "properties": {"route": "2", "route_name": "", "route_id": "68681", "agency": "Arriva Beds and Bucks", "agency_id": "OP58", "geometry_source": "GTFS stop sequence"}, "geometry": {"type": "LineString", "coordinates": [[-0.8064751, 52.0218797], [-0.8073772, 52.0251603], [-0.812373, 52.027477], [-0.8157214, 52.0276451], [-0.8183461, 52.0303688], [-0.8169345, 52.0320013], [-0.811133, 52.034693], [-0.8028759, 52.0349613], [-0.7990637, 52.0368645], [-0.7822414, 52.0443164], [-0.7782886, 52.0448959], [-0.7756181, 52.0412357], [-0.7738443, 52.0351932], [-0.7675917, 52.0372589], [-0.7622209, 52.0395763], [-0.7565252, 52.0420249], [-0.7510947, 52.0443501], [-0.7446353, 52.0490288], [-0.7480264, 52.052922], [-0.7463446, 52.0540543], [-0.7442337, 52.0549579], [-0.7434993, 52.0572975], [-0.7435685, 52.0595101], [-0.7362789, 52.0619676], [-0.7401123, 52.0672595], [-0.7429955, 52.0700505], [-0.7447495, 52.0740972], [-0.7475036, 52.0778758], [-0.7477066, 52.0794874], [-0.7450243, 52.0804299], [-0.7409577, 52.0823286], [-0.7351629, 52.0844334], [-0.7312247, 52.0853801], [-0.7256042, 52.0859489], [-0.728498, 52.084712], [-0.7322397, 52.0820104], [-0.7318144, 52.0805403], [-0.7294134, 52.0782397]]}}, {"type": "Feature", "properties": {"route": "LOOP", "route_name": "", "route_id": "110100", "agency": "Arriva Beds and Bucks", "agency_id": "OP58", "geometry_source": "GTFS stop sequence"}, "geometry": {"type": "LineString", "coordinates": [[-0.6469136, 52.0109214], [-0.6497831, 52.0157916], [-0.6529566, 52.0178419], [-0.6591738, 52.021923], [-0.6643337, 52.0243463], [-0.667741, 52.0264169], [-0.6724364, 52.0306948], [-0.668274, 52.031952], [-0.6645643, 52.0366669], [-0.6726268, 52.0376391], [-0.6898609, 52.0360967], [-0.6925821, 52.0372688], [-0.7001857, 52.0385038], [-0.7103595, 52.0385976], [-0.7144677, 52.0392179], [-0.7169129, 52.0403046], [-0.7263007, 52.0471147], [-0.7294032, 52.0467256], [-0.7382195, 52.0464158], [-0.7424095, 52.0452018], [-0.7515302, 52.0438961], [-0.7556489, 52.0410266], [-0.7620515, 52.0393767], [-0.7674368, 52.0370595], [-0.7733262, 52.0349451], [-0.7747688, 52.0264365], [-0.7785756, 52.0231313], [-0.7859781, 52.0258692], [-0.7894786, 52.0257793], [-0.7840871, 52.0240501], [-0.7820742, 52.0219614], [-0.7803392, 52.0199128], [-0.7891592, 52.0181785], [-0.792318, 52.017167], [-0.7905248, 52.0140117], [-0.7945364, 52.0122186], [-0.7930349, 52.0068265], [-0.7930047, 52.0036163], [-0.7840858, 52.0080382], [-0.7786301, 52.0114973], [-0.7714461, 52.0088601], [-0.7672172, 52.0084653], [-0.763025, 52.0062095], [-0.7667847, 52.0045856], [-0.7665403, 52.0039356], [-0.7617022, 52.0018799], [-0.7568673, 51.9991945], [-0.7500653, 51.997603], [-0.7470916, 51.9955934], [-0.7448502, 51.9944906], [-0.7374907, 51.9936027], [-0.7338566, 51.9954159]]}}, {"type": "Feature", "properties": {"route": "4", "route_name": "", "route_id": "1782600", "agency": "Arriva Beds and Bucks", "agency_id": "OP58", "geometry_source": "GTFS stop sequence"}, "geometry": {"type": "LineString", "coordinates": [[-0.41555, 51.88231], [-0.41585, 51.88041], [-0.41788, 51.88348], [-0.4176, 51.88451], [-0.418, 51.88538], [-0.4187, 51.88665], [-0.41867, 51.88934], [-0.41713, 51.89268], [-0.4166, 51.8943], [-0.41651, 51.89565], [-0.41592, 51.89921], [-0.4165, 51.90235], [-0.41623, 51.90504], [-0.41311, 51.90529], [-0.4102, 51.90577], [-0.41161, 51.90671], [-0.41381, 51.90706], [-0.41119, 51.90843], [-0.41466, 51.90938], [-0.41641, 51.91111], [-0.41797, 51.90985], [-0.418, 51.90807], [-0.42134, 51.90751], [-0.42438, 51.90775], [-0.42514, 51.91096], [-0.42697, 51.91686], [-0.42824, 51.92127], [-0.43103, 51.92565], [-0.43312, 51.9256], [-0.43413, 51.92351], [-0.43339, 51.92178], [-0.43431, 51.92038], [-0.43799, 51.91956], [-0.4409, 51.9216], [-0.44171, 51.92339], [-0.44533, 51.92458], [-0.44814, 51.92395], [-0.4513, 51.92325], [-0.4538, 51.92286], [-0.45468, 51.92127], [-0.45421, 51.91787], [-0.45725, 51.91495], [-0.45741, 51.91275], [-0.45494, 51.90892], [-0.45875, 51.90648], [-0.46044, 51.90535], [-0.46305, 51.90325], [-0.46514, 51.90237], [-0.46914, 51.90094], [-0.47395, 51.89938], [-0.48001, 51.89814], [-0.48342, 51.89789], [-0.4859, 51.90023], [-0.48447, 51.90232], [-0.48142, 51.90278], [-0.48059, 51.90457], [-0.48268, 51.90651], [-0.48586, 51.9064], [-0.4887, 51.90542], [-0.49287, 51.90432], [-0.49725, 51.90364], [-0.50239, 51.90172], [-0.50841, 51.89626], [-0.51113, 51.89405], [-0.51489, 51.89141], [-0.51687, 51.89055], [-0.52144, 51.88927]]}}, {"type": "Feature", "properties": {"route": "LOOP", "route_name": "", "route_id": "110100", "agency": "Arriva Beds and Bucks", "agency_id": "OP58", "geometry_source": "GTFS stop sequence"}, "geometry": {"type": "LineString", "coordinates": [[-0.7339943, 51.9956961], [-0.7371736, 51.9934824], [-0.7418604, 51.993074], [-0.7448821, 51.994392], [-0.7473929, 51.9957584], [-0.7503841, 51.9976604], [-0.7574016, 51.999362], [-0.7617345, 52.0017633], [-0.7667763, 52.0038302], [-0.7668852, 52.0046406], [-0.7614841, 52.0066159], [-0.7676596, 52.0082721], [-0.7720537, 52.0090193], [-0.7785026, 52.0113611], [-0.7839433, 52.0079198], [-0.788318, 52.0050787], [-0.7930047, 52.0036163], [-0.7902225, 52.0041452], [-0.7941706, 52.0073956], [-0.7973116, 52.0108803], [-0.7946636, 52.0123637], [-0.7905937, 52.0141562], [-0.7926417, 52.0171083], [-0.7890676, 52.0183304], [-0.780683, 52.0201321], [-0.7822227, 52.0219283], [-0.7843724, 52.0242779], [-0.7890903, 52.025047], [-0.7783971, 52.0232643], [-0.7765324, 52.0237665], [-0.775303, 52.0266219], [-0.7734883, 52.0348838], [-0.7675917, 52.0372589], [-0.7622209, 52.0395763], [-0.7565252, 52.0420249], [-0.7521719, 52.043894], [-0.7427737, 52.0452147], [-0.7378468, 52.0467085], [-0.7297613, 52.0469543], [-0.7248061, 52.0473683], [-0.7168242, 52.0403486], [-0.7140456, 52.0391953], [-0.7101612, 52.0383976], [-0.6993141, 52.0388988], [-0.6920561, 52.0373079], [-0.6898609, 52.0360967], [-0.6726976, 52.0377118], [-0.6643347, 52.0370329], [-0.666915, 52.0320531], [-0.6722566, 52.0303691], [-0.6685641, 52.027658], [-0.6627477, 52.0242564], [-0.6592971, 52.0221851], [-0.6544662, 52.0185246], [-0.6526064, 52.0178559], [-0.6493318, 52.0152919], [-0.646471, 52.0106196]]}}, {"type": "Feature", "properties": {"route": "1", "route_name": "", "route_id": "2119142", "agency": "Arriva Beds and Bucks", "agency_id": "OP58", "geometry_source": "GTFS stop sequence"}, "geometry": {"type": "LineString", "coordinates": [[-0.43515, 51.87176], [-0.4381, 51.87274], [-0.43902, 51.87378], [-0.43994, 51.87445], [-0.44146, 51.87582], [-0.44316, 51.87623], [-0.44542, 51.8769], [-0.44636, 51.87801], [-0.44476, 51.87916], [-0.44289, 51.87821], [-0.43998, 51.87702], [-0.43737, 51.87655], [-0.43676, 51.87664], [-0.43315, 51.87557], [-0.43244, 51.87513], [-0.43175, 51.87434], [-0.43254, 51.87343], [-0.43278, 51.87203], [-0.42952, 51.87017], [-0.42766, 51.86957], [-0.42375, 51.87181], [-0.41841, 51.87495], [-0.41616, 51.87739], [-0.41391, 51.87706], [-0.41065, 51.87944], [-0.41547, 51.88217], [-0.42716, 51.88412], [-0.43078, 51.8864], [-0.43809, 51.88804], [-0.44262, 51.89018], [-0.44723, 51.89097]]}}, {"type": "Feature", "properties": {"route": "1", "route_name": "", "route_id": "2119142", "agency": "Arriva Beds and Bucks", "agency_id": "OP58", "geometry_source": "GTFS stop sequence"}, "geometry": {"type": "LineString", "coordinates": [[-0.44831, 51.89181], [-0.44459, 51.89077], [-0.43922, 51.88891], [-0.43174, 51.88685], [-0.42853, 51.88561], [-0.4251, 51.88259], [-0.41522, 51.88226], [-0.41063, 51.87922], [-0.4171, 51.87629], [-0.41801, 51.87521], [-0.41935, 51.87387], [-0.42493, 51.8704], [-0.42705, 51.86958], [-0.43008, 51.87028], [-0.43368, 51.87198], [-0.43515, 51.87176]]}}, {"type": "Feature", "properties": {"route": "X2", "route_name": "", "route_id": "1709208", "agency": "Arriva Beds and Bucks", "agency_id": "OP58", "geometry_source": "GTFS stop sequence"}, "geometry": {"type": "LineString", "coordinates": [[-0.66431, 51.91586], [-0.67004, 51.91627], [-0.67267, 51.91695], [-0.67474, 51.91729], [-0.67647, 51.91643], [-0.67936, 51.9197], [-0.68374, 51.9218], [-0.68724, 51.92342], [-0.734193, 51.97155], [-0.7333796, 51.9734063], [-0.7290489, 51.9845729], [-0.7254182, 51.985253], [-0.72294, 51.987393], [-0.7241781, 51.9895121], [-0.7285906, 51.9900364], [-0.7296889, 51.9918824], [-0.7302151, 51.9943877], [-0.7339527, 51.9956237], [-0.7266602, 52.0021267], [-0.7304938, 52.0087407], [-0.7320863, 52.0152854], [-0.7327426, 52.016812], [-0.7350905, 52.0193368], [-0.7381893, 52.0210783], [-0.7401635, 52.0223942], [-0.7427695, 52.0276908], [-0.7465762, 52.0307345], [-0.7527914, 52.0284447], [-0.7597038, 52.0262159], [-0.76215, 52.0284175], [-0.7652774, 52.0313005], [-0.773118, 52.0345653]]}}, {"type": "Feature", "properties": {"route": "8", "route_name": "", "route_id": "41146", "agency": "Arriva Beds and Bucks", "agency_id": "OP58", "geometry_source": "GTFS stop sequence"}, "geometry": {"type": "LineString", "coordinates": [[-0.6900455, 52.0212992], [-0.6920012, 52.0152069], [-0.685434, 52.0150439], [-0.6791244, 52.0170233], [-0.6800444, 52.0209178], [-0.685973, 52.0215146], [-0.6894225, 52.024664], [-0.6961813, 52.0242984], [-0.7003932, 52.0227984], [-0.7091306, 52.0240633], [-0.7053751, 52.0264228], [-0.7069502, 52.0304322], [-0.7008139, 52.0334307], [-0.6898609, 52.0360967], [-0.6925821, 52.0372688], [-0.6949945, 52.0415394], [-0.7013466, 52.04624], [-0.7088927, 52.0480133], [-0.7263007, 52.0471147], [-0.7294032, 52.0467256], [-0.7382195, 52.0464158], [-0.7424095, 52.0452018], [-0.7512204, 52.0440277], [-0.755766, 52.0420618], [-0.7620515, 52.0393767], [-0.7674368, 52.0370595], [-0.7733262, 52.0349451], [-0.7649941, 52.0315313], [-0.7617768, 52.0287373], [-0.7703393, 52.0200066], [-0.7803392, 52.0199128], [-0.7800872, 52.0141738], [-0.7785026, 52.0113611], [-0.7839433, 52.0079198], [-0.788318, 52.0050787], [-0.7930047, 52.0036163], [-0.7902225, 52.0041452], [-0.7941706, 52.0073956], [-0.7992313, 52.0093804]]}}, {"type": "Feature", "properties": {"route": "LOOP", "route_name": "", "route_id": "110100", "agency": "Arriva Beds and Bucks", "agency_id": "OP58", "geometry_source": "GTFS stop sequence"}, "geometry": {"type": "LineString", "coordinates": [[-0.7338566, 51.9954159], [-0.7266602, 52.0021267], [-0.7304938, 52.0087407], [-0.7320863, 52.0152854], [-0.7350905, 52.0193368], [-0.7381893, 52.0210783], [-0.734409, 52.024895], [-0.7259396, 52.0223761], [-0.7247926, 52.0181199], [-0.7231865, 52.0177158], [-0.7188333, 52.0185947], [-0.7091306, 52.0240633], [-0.7032846, 52.0236125], [-0.7015539, 52.0194575], [-0.6992208, 52.0159881], [-0.6963265, 52.0137892], [-0.6944514, 52.0086255], [-0.695788, 52.0047471], [-0.6933422, 52.003686], [-0.6866848, 52.0031804], [-0.6826642, 52.0026769], [-0.6795872, 52.0032809], [-0.6521923, 52.0112696], [-0.6469136, 52.0109214], [-0.6497831, 52.0157916], [-0.6529566, 52.0178419], [-0.6591738, 52.021923], [-0.6643337, 52.0243463], [-0.667741, 52.0264169], [-0.6724364, 52.0306948], [-0.668274, 52.031952], [-0.6645643, 52.0366669], [-0.6726268, 52.0376391], [-0.6898609, 52.0360967], [-0.6925821, 52.0372688], [-0.7001857, 52.0385038], [-0.7103595, 52.0385976], [-0.7144677, 52.0392179], [-0.7169129, 52.0403046], [-0.7263007, 52.0471147], [-0.7294032, 52.0467256], [-0.7382195, 52.0464158], [-0.7424095, 52.0452018], [-0.7515302, 52.0438961], [-0.7556489, 52.0410266], [-0.7620515, 52.0393767], [-0.7674368, 52.0370595], [-0.7733262, 52.0349451], [-0.7747688, 52.0264365], [-0.7785756, 52.0231313], [-0.7859781, 52.0258692], [-0.7894786, 52.0257793], [-0.7840871, 52.0240501], [-0.7820742, 52.0219614], [-0.7803392, 52.0199128], [-0.7891592, 52.0181785], [-0.792318, 52.017167], [-0.7905248, 52.0140117], [-0.7945364, 52.0122186], [-0.7930349, 52.0068265], [-0.7930047, 52.0036163], [-0.7840858, 52.0080382], [-0.7786301, 52.0114973], [-0.7714461, 52.0088601], [-0.7672172, 52.0084653], [-0.763025, 52.0062095], [-0.7667847, 52.0045856], [-0.7665403, 52.0039356], [-0.7617022, 52.0018799], [-0.7568673, 51.9991945], [-0.7500653, 51.997603], [-0.7470916, 51.9955934], [-0.7448502, 51.9944906], [-0.7374907, 51.9936027], [-0.7338566, 51.9954159]]}}, {"type": "Feature", "properties": {"route": "X6", "route_name": "", "route_id": "104061", "agency": "Arriva Beds and Bucks", "agency_id": "OP58", "geometry_source": "GTFS stop sequence"}, "geometry": {"type": "LineString", "coordinates": [[-0.985171, 52.001632], [-0.984935, 51.996604], [-0.983728, 51.995236], [-0.980341, 51.991727], [-0.978379, 51.988995]]}}, {"type": "Feature", "properties": {"route": "4B", "route_name": "", "route_id": "10965799", "agency": "Arriva Beds and Bucks", "agency_id": "OP58", "geometry_source": "GTFS stop sequence"}, "geometry": {"type": "LineString", "coordinates": [[-0.41555, 51.88231], [-0.41585, 51.88041], [-0.41788, 51.88348], [-0.4176, 51.88451], [-0.418, 51.88538], [-0.4187, 51.88665], [-0.41867, 51.88934], [-0.41713, 51.89268], [-0.4166, 51.8943], [-0.41651, 51.89565], [-0.41592, 51.89921], [-0.4165, 51.90235], [-0.41623, 51.90504], [-0.41311, 51.90529], [-0.4102, 51.90577], [-0.41161, 51.90671], [-0.41381, 51.90706], [-0.41119, 51.90843], [-0.41466, 51.90938], [-0.41641, 51.91111], [-0.41797, 51.90985], [-0.418, 51.90807], [-0.42134, 51.90751], [-0.42438, 51.90775], [-0.42514, 51.91096], [-0.42697, 51.91686], [-0.42824, 51.92127]]}}, {"type": "Feature", "properties": {"route": "X15", "route_name": "", "route_id": "10965895", "agency": "Arriva Beds and Bucks", "agency_id": "OP58", "geometry_source": "GTFS stop sequence"}, "geometry": {"type": "LineString", "coordinates": [[-0.755994, 52.042253], [-0.7540325, 52.0362352], [-0.7514647, 52.0347335], [-0.7448659, 52.0309051], [-0.7426037, 52.0278869], [-0.7407924, 52.023354], [-0.7379828, 52.021166], [-0.7348842, 52.0194155], [-0.7325362, 52.0168997], [-0.731709, 52.014633], [-0.7301881, 52.0087284], [-0.7246803, 52.0020049], [-0.7151893, 51.9982708], [-0.65397, 51.9515], [-0.65518, 51.94961], [-0.65698, 51.94532], [-0.6552, 51.94263], [-0.65672, 51.93645], [-0.6572, 51.93358], [-0.65769, 51.93064], [-0.65831, 51.92698], [-0.65922, 51.92441], [-0.66013, 51.92091], [-0.65711, 51.91353], [-0.65464, 51.91111], [-0.65238, 51.90807], [-0.64911, 51.90661], [-0.64796, 51.90501], [-0.65192, 51.90353], [-0.65709, 51.9025], [-0.66193, 51.90489], [-0.66733, 51.90343], [-0.696686, 51.903952], [-0.70669, 51.898767], [-0.710081, 51.898112], [-0.715443, 51.896642], [-0.718131, 51.894108], [-0.719164, 51.893064], [-0.727258, 51.887904], [-0.756006, 51.868825], [-0.766743, 51.854256], [-0.773593, 51.843169], [-0.767529, 51.824852], [-0.771667, 51.824722], [-0.773847, 51.824099], [-0.790107, 51.816842], [-0.793606, 51.815124], [-0.797438, 51.815056], [-0.80196, 51.81521], [-0.80949, 51.816806], [-0.812238, 51.818812], [-0.816305, 51.819176], [-0.821674, 51.816371], [-0.824215, 51.813474]]}}, {"type": "Feature", "properties": {"route": "X6", "route_name": "", "route_id": "104061", "agency": "Arriva Beds and Bucks", "agency_id": "OP58", "geometry_source": "GTFS stop sequence"}, "geometry": {"type": "LineString", "coordinates": [[-0.755766, 52.0420618], [-0.7618155, 52.0394731], [-0.7672009, 52.0371559], [-0.7736966, 52.0352636], [-0.7871503, 52.0348005], [-0.7902429, 52.032027], [-0.798028, 52.0314503], [-0.8025251, 52.0333573], [-0.817517, 52.039684], [-0.8335711, 52.0452941], [-0.837334, 52.045204], [-0.8428981, 52.0517068], [-0.8479968, 52.0541933], [-0.8503653, 52.0562394], [-0.8451073, 52.05822], [-0.865181983, 52.062640754], [-0.866680811, 52.060479345], [-0.868033897, 52.058307527], [-0.974296, 52.001942], [-0.985171, 52.001632]]}}, {"type": "Feature", "properties": {"route": "X4", "route_name": "", "route_id": "87229", "agency": "Arriva Beds and Bucks", "agency_id": "OP58", "geometry_source": "GTFS stop sequence"}, "geometry": {"type": "LineString", "coordinates": [[-0.41599, 51.88227], [-0.43503, 51.88445], [-0.45868, 51.88804], [-0.47437, 51.88826], [-0.49779, 51.8857], [-0.51065, 51.88611], [-0.51416, 51.88688], [-0.52201, 51.88668], [-0.52486, 51.88881], [-0.5261, 51.88961], [-0.52942, 51.892], [-0.5337, 51.895], [-0.53698, 51.89725], [-0.54583, 51.90232], [-0.56727, 51.91317], [-0.57583, 51.90864], [-0.58013, 51.9092], [-0.58608, 51.9078], [-0.59114, 51.90826], [-0.59659, 51.90864], [-0.59948, 51.90745], [-0.61576, 51.90791], [-0.63344, 51.91134], [-0.63911, 51.91161], [-0.64488, 51.91325], [-0.64991, 51.9136], [-0.65463, 51.9135], [-0.65832, 51.91451], [-0.66009, 51.916], [-0.66431, 51.91586], [-0.67004, 51.91627], [-0.67267, 51.91695], [-0.67474, 51.91729], [-0.67647, 51.91643], [-0.678, 51.91775], [-0.67911, 51.91598], [-0.68157, 51.9149], [-0.68096, 51.91357], [-0.68069, 51.91111], [-0.696686, 51.903952], [-0.70669, 51.898767], [-0.710081, 51.898112], [-0.715443, 51.896642], [-0.718131, 51.894108], [-0.719164, 51.893064], [-0.727258, 51.887904], [-0.756006, 51.868825], [-0.766743, 51.854256], [-0.773593, 51.843169], [-0.767529, 51.824852], [-0.771667, 51.824722], [-0.773847, 51.824099], [-0.790107, 51.816842], [-0.793606, 51.815124], [-0.797438, 51.815056], [-0.80196, 51.81521], [-0.80949, 51.816806], [-0.812238, 51.818812], [-0.816305, 51.819176], [-0.818219, 51.817002], [-0.813328, 51.814875]]}}, {"type": "Feature", "properties": {"route": "4S", "route_name": "", "route_id": "8752395", "agency": "Arriva Beds and Bucks", "agency_id": "OP58", "geometry_source": "GTFS stop sequence"}, "geometry": {"type": "LineString", "coordinates": [[-0.7736728, 52.0350656], [-0.7678276, 52.0371625], [-0.7624425, 52.0394707], [-0.7563109, 52.0413393], [-0.7521719, 52.043894], [-0.7427737, 52.0452147], [-0.7373718, 52.0418302], [-0.7360768, 52.0407014], [-0.7375429, 52.0393774], [-0.7420512, 52.0330329], [-0.7465762, 52.0307345], [-0.7527914, 52.0284447], [-0.7567981, 52.0248277], [-0.7509697, 52.0205851], [-0.7466589, 52.017869], [-0.7456793, 52.0158985], [-0.7521843, 52.0114989], [-0.7496075, 52.0103747], [-0.7488683, 52.009189], [-0.7496822, 52.0056011], [-0.7499326, 52.0018455], [-0.7516833, 51.9991307], [-0.7549901, 51.9970258], [-0.7595494, 51.9943855], [-0.7633971, 51.9921782], [-0.7655896, 51.9908345], [-0.7607709, 51.9902354], [-0.7534311, 51.9912729], [-0.7478667, 51.9918253], [-0.7434648, 51.9924707], [-0.7374907, 51.9936027], [-0.7339391, 51.9955876]]}}, {"type": "Feature", "properties": {"route": "3S", "route_name": "", "route_id": "92443", "agency": "Arriva Beds and Bucks", "agency_id": "OP58", "geometry_source": "GTFS stop sequence"}, "geometry": {"type": "LineString", "coordinates": [[-0.7738443, 52.0351932], [-0.7678276, 52.0371625], [-0.7624425, 52.0394707], [-0.7565252, 52.0420249], [-0.751626, 52.0441219], [-0.7446353, 52.0490288], [-0.7385545, 52.0505733], [-0.7304424, 52.0543074], [-0.6941882, 52.0526975], [-0.6875313, 52.0504297], [-0.6792032, 52.0465064], [-0.683, 52.042763], [-0.688293, 52.038776], [-0.6898609, 52.0360967], [-0.6903824, 52.0272281], [-0.689081, 52.024876], [-0.6900455, 52.0212992]]}}, {"type": "Feature", "properties": {"route": "X33", "route_name": "", "route_id": "87431", "agency": "Arriva Beds and Bucks", "agency_id": "OP58", "geometry_source": "GTFS stop sequence"}, "geometry": {"type": "LineString", "coordinates": [[-0.898013832, 52.238642863], [-0.89626301, 52.230112269], [-0.896514367, 52.227651151], [-0.896687163, 52.225405077], [-0.897017093, 52.223906702], [-0.897154785, 52.221894057], [-0.897291797, 52.219908378], [-0.897036064, 52.216048947], [-0.892834909, 52.213114586], [-0.8892939, 52.208379137], [-0.890637483, 52.20496628], [-0.885994638, 52.202198337], [-0.881745633, 52.197752659], [-0.86860076, 52.182423876], [-0.900043752, 52.170709403], [-0.898053522, 52.160117595], [-0.896959052, 52.158264241], [-0.892050539, 52.158721736], [-0.890543371, 52.155834827], [-0.89042695, 52.154637946], [-0.882556715, 52.142628426], [-0.882620338, 52.14183783], [-0.879892911, 52.141047736], [-0.878062618, 52.141776587], [-0.858810238, 52.146626814], [-0.853538678, 52.146458817], [-0.848262304, 52.149311485], [-0.853649494, 52.146127231], [-0.85611107, 52.143597707], [-0.8407732, 52.1242074], [-0.8330315, 52.119168], [-0.8285533, 52.1156081], [-0.8272553, 52.113869], [-0.8293765, 52.1154005], [-0.8313245, 52.1146286], [-0.8326888, 52.1127181], [-0.8369177, 52.0927459], [-0.8323448, 52.0928985], [-0.8027239, 52.0788452], [-0.8063548, 52.0751148], [-0.8124443, 52.0666797], [-0.8173396, 52.0663693], [-0.8233887, 52.0621231], [-0.8190784, 52.0623947], [-0.8149865, 52.0626773], [-0.8094537, 52.0622889], [-0.8097485, 52.0632719], [-0.8041528, 52.0646898], [-0.802081, 52.0652442], [-0.7972156, 52.0655273], [-0.7934597, 52.0657766], [-0.7840092, 52.0672889], [-0.778304, 52.0678593], [-0.7750196, 52.0620619], [-0.7742669, 52.057055], [-0.7814155, 52.0548454], [-0.7841036, 52.053066], [-0.781095, 52.0505444], [-0.7795856, 52.0470672], [-0.7782886, 52.0448959], [-0.7756181, 52.0412357], [-0.7556489, 52.0410266], [-0.7618155, 52.0394731], [-0.7672009, 52.0371559], [-0.7729759, 52.0344289]]}}, {"type": "Feature", "properties": {"route": "5", "route_name": "", "route_id": "10965757", "agency": "Arriva Beds and Bucks", "agency_id": "OP58", "geometry_source": "GTFS stop sequence"}, "geometry": {"type": "LineString", "coordinates": [[-0.45048, 51.91617], [-0.45188, 51.91815], [-0.45417, 51.92029], [-0.45516, 51.92174], [-0.45828, 51.92173], [-0.45947, 51.91896], [-0.45763, 51.91747], [-0.45725, 51.91495], [-0.45741, 51.91275]]}}, {"type": "Feature", "properties": {"route": "4B", "route_name": "", "route_id": "10965799", "agency": "Arriva Beds and Bucks", "agency_id": "OP58", "geometry_source": "GTFS stop sequence"}, "geometry": {"type": "LineString", "coordinates": [[-0.42797, 51.92086], [-0.42644, 51.91584], [-0.42499, 51.91125], [-0.42292, 51.90728], [-0.41768, 51.90892], [-0.41828, 51.91016], [-0.41569, 51.91096], [-0.41418, 51.90926], [-0.41121, 51.90872], [-0.4137, 51.90685], [-0.41252, 51.90653], [-0.40971, 51.90623], [-0.4106, 51.90537], [-0.41675, 51.90444], [-0.41591, 51.90131], [-0.41571, 51.89887], [-0.41635, 51.89583], [-0.41654, 51.89376], [-0.41744, 51.89192], [-0.41861, 51.88916], [-0.41867, 51.88688], [-0.41776, 51.88527], [-0.41701, 51.8834], [-0.41555, 51.88231]]}}, {"type": "Feature", "properties": {"route": "757", "route_name": "", "route_id": "23431", "agency": "Arriva Beds and Bucks", "agency_id": "OP58", "geometry_source": "GTFS stop sequence"}, "geometry": {"type": "LineString", "coordinates": [[-0.46323, 51.90327], [-0.46083, 51.90523], [-0.45721, 51.90775], [-0.45468, 51.90933], [-0.45768, 51.91441], [-0.45437, 51.918], [-0.45417, 51.92029], [-0.45516, 51.92174], [-0.45325, 51.92316], [-0.45129, 51.92347], [-0.44855, 51.92394], [-0.44499, 51.92468], [-0.44142, 51.92329], [-0.44044, 51.92132], [-0.43764, 51.91959], [-0.43488, 51.92028], [-0.43374, 51.92218], [-0.43452, 51.92386], [-0.43416, 51.92513], [-0.42961, 51.92509], [-0.42797, 51.92086], [-0.42644, 51.91584], [-0.42499, 51.91125], [-0.42338, 51.9061], [-0.42249, 51.90285], [-0.42156, 51.9], [-0.4211, 51.89589], [-0.42105, 51.89366], [-0.42116, 51.88964], [-0.42098, 51.88671], [-0.42035, 51.88435], [-0.41479, 51.88217], [-0.37553, 51.87928]]}}, {"type": "Feature", "properties": {"route": "7S", "route_name": "", "route_id": "8752394", "agency": "Arriva Beds and Bucks", "agency_id": "OP58", "geometry_source": "GTFS stop sequence"}, "geometry": {"type": "LineString", "coordinates": [[-0.8094537, 52.0622889], [-0.8097485, 52.0632719], [-0.8041528, 52.0646898], [-0.7972156, 52.0655273], [-0.7934597, 52.0657766], [-0.7840092, 52.0672889], [-0.778304, 52.0678593], [-0.7765615, 52.0664926], [-0.7717497, 52.0664066], [-0.7688778, 52.0663316], [-0.7657118, 52.0652825], [-0.7637977, 52.0664493], [-0.7597663, 52.0650493], [-0.7577961, 52.064552], [-0.7536669, 52.0656323], [-0.7487415, 52.0649148], [-0.7463031, 52.0603034], [-0.7439482, 52.0579317], [-0.7416964, 52.0560555], [-0.7389266, 52.0503075], [-0.7444624, 52.048955], [-0.7512204, 52.0440277], [-0.7552641, 52.0422813], [-0.7540325, 52.0362352], [-0.7514647, 52.0347335], [-0.7527914, 52.0284447], [-0.7597038, 52.0262159], [-0.76215, 52.0284175], [-0.7652774, 52.0313005], [-0.7729759, 52.0344289]]}}, {"type": "Feature", "properties": {"route": "CN8", "route_name": "", "route_id": "3451963", "agency": "Arriva Beds and Bucks", "agency_id": "OP58", "geometry_source": "GTFS stop sequence"}, "geometry": {"type": "LineString", "coordinates": [[-0.46753, 51.9027], [-0.46942, 51.90483], [-0.47107, 51.90539], [-0.47128, 51.90571], [-0.47314, 51.90401], [-0.47621, 51.90372], [-0.4767, 51.90485], [-0.47834, 51.90788], [-0.4743, 51.91167], [-0.47144, 51.91113], [-0.46746, 51.91034], [-0.4574, 51.9067], [-0.45414, 51.90512], [-0.4517, 51.90336], [-0.44905, 51.90093], [-0.44324, 51.90046], [-0.43995, 51.90388], [-0.4426, 51.90481], [-0.44307, 51.90662], [-0.42467, 51.92142]]}}, {"type": "Feature", "properties": {"route": "4A", "route_name": "", "route_id": "1782592", "agency": "Arriva Beds and Bucks", "agency_id": "OP58", "geometry_source": "GTFS stop sequence"}, "geometry": {"type": "LineString", "coordinates": [[-0.52144, 51.88927], [-0.52166, 51.88667], [-0.51945, 51.88658], [-0.5136, 51.88706], [-0.50778, 51.88769], [-0.50287, 51.88813], [-0.50073, 51.88848], [-0.49588, 51.88936], [-0.48968, 51.89048], [-0.4874, 51.89092], [-0.4845, 51.89154], [-0.47972, 51.89249], [-0.47573, 51.89363], [-0.47782, 51.89662], [-0.47843, 51.8987], [-0.4735, 51.89965], [-0.46878, 51.90119], [-0.46753, 51.9027], [-0.46942, 51.90483], [-0.47128, 51.90571], [-0.46845, 51.90422], [-0.46712, 51.90239], [-0.46572, 51.90232], [-0.46323, 51.90327], [-0.46083, 51.90523], [-0.4612, 51.9066], [-0.46285, 51.90762], [-0.46553, 51.90924], [-0.46684, 51.91094], [-0.46888, 51.9138], [-0.46932, 51.91608], [-0.4641, 51.91739], [-0.46044, 51.91746], [-0.4599, 51.91577], [-0.45955, 51.9146], [-0.45768, 51.91441], [-0.45437, 51.918], [-0.45417, 51.92029], [-0.45516, 51.92174], [-0.45325, 51.92316], [-0.45129, 51.92347], [-0.44855, 51.92394], [-0.44499, 51.92468], [-0.44142, 51.92329], [-0.44044, 51.92132], [-0.43764, 51.91959], [-0.43488, 51.92028], [-0.43374, 51.92218], [-0.43452, 51.92386], [-0.43416, 51.92513], [-0.42961, 51.92509], [-0.42797, 51.92086], [-0.42644, 51.91584], [-0.42499, 51.91125], [-0.42292, 51.90728], [-0.41768, 51.90892], [-0.41828, 51.91016], [-0.41569, 51.91096], [-0.41418, 51.90926], [-0.41121, 51.90872], [-0.4137, 51.90685], [-0.41252, 51.90653], [-0.40971, 51.90623], [-0.4106, 51.90537], [-0.41675, 51.90444], [-0.41591, 51.90131], [-0.41571, 51.89887], [-0.41635, 51.89583], [-0.41654, 51.89376], [-0.41744, 51.89192], [-0.41861, 51.88916], [-0.41867, 51.88688], [-0.41776, 51.88527], [-0.41701, 51.8834], [-0.41555, 51.88231]]}}, {"type": "Feature", "properties": {"route": "X4", "route_name": "", "route_id": "87229", "agency": "Arriva Beds and Bucks", "agency_id": "OP58", "geometry_source": "GTFS stop sequence"}, "geometry": {"type": "LineString", "coordinates": [[-0.825953, 51.812569], [-0.823355, 51.814751], [-0.813328, 51.814875], [-0.809736, 51.815208], [-0.806818, 51.816356], [-0.800104, 51.815146], [-0.797377, 51.815154], [-0.793661, 51.815215], [-0.79039, 51.816566], [-0.774053, 51.82411], [-0.771962, 51.824783], [-0.772451, 51.826072], [-0.772127, 51.829206], [-0.768988, 51.830167], [-0.773893, 51.843891], [-0.768546, 51.853106], [-0.755719, 51.869226], [-0.727371, 51.88804], [-0.719204, 51.893149], [-0.718603, 51.894374], [-0.714934, 51.897131], [-0.709308, 51.898229], [-0.706746, 51.898866], [-0.696713, 51.904043], [-0.68034, 51.91189], [-0.68171, 51.91398], [-0.68109, 51.91528], [-0.67925, 51.91632], [-0.67807, 51.9178], [-0.676, 51.91841], [-0.67647, 51.91643], [-0.67241, 51.91695], [-0.6675, 51.91617], [-0.66402, 51.91598], [-0.66081, 51.91673], [-0.65711, 51.91353], [-0.65426, 51.91365], [-0.65051, 51.91367], [-0.64434, 51.9133], [-0.63911, 51.91161], [-0.63704, 51.91185], [-0.63192, 51.91116], [-0.62963, 51.91072], [-0.6155, 51.90788], [-0.59959, 51.9075], [-0.59583, 51.90879], [-0.59183, 51.90862], [-0.58862, 51.90798], [-0.58446, 51.90809], [-0.57806, 51.90961], [-0.56734, 51.91323], [-0.54534, 51.90209], [-0.53572, 51.89663], [-0.53358, 51.89508], [-0.53024, 51.89274], [-0.52795, 51.8911], [-0.52454, 51.88875], [-0.52166, 51.88667], [-0.51937, 51.8866], [-0.5136, 51.88706], [-0.49808, 51.88567], [-0.47412, 51.88829], [-0.4582, 51.88815], [-0.43479, 51.88447], [-0.41479, 51.88217]]}}, {"type": "Feature", "properties": {"route": "33", "route_name": "", "route_id": "41022", "agency": "Arriva Beds and Bucks", "agency_id": "OP58", "geometry_source": "GTFS stop sequence"}, "geometry": {"type": "LineString", "coordinates": [[-0.898013832, 52.238642863], [-0.89626301, 52.230112269], [-0.896514367, 52.227651151], [-0.896687163, 52.225405077], [-0.897017093, 52.223906702], [-0.897154785, 52.221894057], [-0.897291797, 52.219908378], [-0.897036064, 52.216048947], [-0.892834909, 52.213114586], [-0.8892939, 52.208379137], [-0.890637483, 52.20496628], [-0.885994638, 52.202198337], [-0.881745633, 52.197752659], [-0.86860076, 52.182423876], [-0.900043752, 52.170709403], [-0.898053522, 52.160117595], [-0.896959052, 52.158264241], [-0.892050539, 52.158721736], [-0.890543371, 52.155834827], [-0.89042695, 52.154637946], [-0.882556715, 52.142628426], [-0.882620338, 52.14183783], [-0.879892911, 52.141047736], [-0.878062618, 52.141776587], [-0.858810238, 52.146626814], [-0.853538678, 52.146458817], [-0.84009, 52.15726], [-0.848262304, 52.149311485], [-0.853649494, 52.146127231], [-0.85611107, 52.143597707], [-0.8407732, 52.1242074], [-0.8330315, 52.119168], [-0.8285533, 52.1156081], [-0.8272553, 52.113869], [-0.8293765, 52.1154005], [-0.8313245, 52.1146286], [-0.8326888, 52.1127181], [-0.8369177, 52.0927459], [-0.8323448, 52.0928985], [-0.8027239, 52.0788452], [-0.8063548, 52.0751148], [-0.8045977, 52.0644156], [-0.8107473, 52.0630122], [-0.8094537, 52.0622889], [-0.8152523, 52.0625541], [-0.8189495, 52.0623035], [-0.8230564, 52.0620029], [-0.827405, 52.0585937], [-0.8231148, 52.056447], [-0.8171366, 52.0541754], [-0.8114255, 52.049002], [-0.8091325, 52.0496801], [-0.8104426, 52.0519681], [-0.8103374, 52.0520839], [-0.8050387, 52.0495308], [-0.8021641, 52.0485036], [-0.7861785, 52.0513071], [-0.7866313, 52.049127], [-0.7864784, 52.0461583], [-0.7822414, 52.0443164], [-0.7782886, 52.0448959], [-0.7756181, 52.0412357], [-0.7556489, 52.0410266], [-0.7618155, 52.0394731], [-0.7672009, 52.0371559], [-0.7729759, 52.0344289]]}}, {"type": "Feature", "properties": {"route": "7", "route_name": "", "route_id": "6450", "agency": "Arriva Beds and Bucks", "agency_id": "OP58", "geometry_source": "GTFS stop sequence"}, "geometry": {"type": "LineString", "coordinates": [[-0.7736728, 52.0350656], [-0.7675917, 52.0372589], [-0.7622209, 52.0395763], [-0.7554032, 52.0425255], [-0.7513898, 52.0442273], [-0.7446353, 52.0490288], [-0.7385545, 52.0505733], [-0.7413111, 52.0552332], [-0.7434993, 52.0572975], [-0.7468994, 52.0608852], [-0.7487759, 52.0647264], [-0.7533458, 52.0656379], [-0.7578713, 52.0644719], [-0.760765, 52.06586], [-0.7637115, 52.0664034], [-0.765611, 52.0652365], [-0.7688652, 52.0662596], [-0.771737, 52.0663345], [-0.7765615, 52.0664926]]}}, {"type": "Feature", "properties": {"route": "X3", "route_name": "", "route_id": "2167550", "agency": "Arriva Beds and Bucks", "agency_id": "OP58", "geometry_source": "GTFS stop sequence"}, "geometry": {"type": "LineString", "coordinates": [[-0.7734883, 52.0348838], [-0.7675917, 52.0372589], [-0.7622209, 52.0395763], [-0.7563109, 52.0413393], [-0.7540325, 52.0362352], [-0.7514647, 52.0347335], [-0.7448659, 52.0309051], [-0.7426037, 52.0278869], [-0.7407924, 52.023354], [-0.7379828, 52.021166], [-0.7348842, 52.0194155], [-0.7325362, 52.0168997], [-0.731709, 52.014633], [-0.7301881, 52.0087284], [-0.7262861, 52.0019608], [-0.7339808, 51.99566], [-0.7289068, 51.9901836], [-0.7234077, 51.9894588], [-0.7210569, 51.9886511], [-0.7197794, 51.9844203], [-0.7190284, 51.9811393], [-0.716278, 51.975902], [-0.717286, 51.971219], [-0.718442, 51.959255], [-0.716756, 51.95511], [-0.705851, 51.947177], [-0.69622, 51.938115], [-0.68712, 51.92345], [-0.68073, 51.92026], [-0.676, 51.91841], [-0.67647, 51.91643], [-0.67241, 51.91695], [-0.6675, 51.91617], [-0.66402, 51.91598]]}}, {"type": "Feature", "properties": {"route": "LOOP", "route_name": "", "route_id": "110100", "agency": "Arriva Beds and Bucks", "agency_id": "OP58", "geometry_source": "GTFS stop sequence"}, "geometry": {"type": "LineString", "coordinates": [[-0.7733262, 52.0349451], [-0.7747688, 52.0264365], [-0.7785756, 52.0231313], [-0.7859781, 52.0258692], [-0.7894786, 52.0257793], [-0.7840871, 52.0240501], [-0.7820742, 52.0219614], [-0.7803392, 52.0199128], [-0.7891592, 52.0181785], [-0.792318, 52.017167], [-0.7905248, 52.0140117], [-0.7945364, 52.0122186], [-0.7930349, 52.0068265], [-0.7930047, 52.0036163], [-0.7840858, 52.0080382], [-0.7786301, 52.0114973], [-0.7714461, 52.0088601], [-0.7672172, 52.0084653], [-0.763025, 52.0062095], [-0.7667847, 52.0045856], [-0.7665403, 52.0039356], [-0.7617022, 52.0018799], [-0.7568673, 51.9991945], [-0.7500653, 51.997603], [-0.7470916, 51.9955934], [-0.7448502, 51.9944906], [-0.7374907, 51.9936027], [-0.7338566, 51.9954159]]}}, {"type": "Feature", "properties": {"route": "X3", "route_name": "", "route_id": "2167550", "agency": "Arriva Beds and Bucks", "agency_id": "OP58", "geometry_source": "GTFS stop sequence"}, "geometry": {"type": "LineString", "coordinates": [[-0.67647, 51.91643], [-0.67241, 51.91695], [-0.6675, 51.91617], [-0.66402, 51.91598], [-0.66081, 51.91673], [-0.65711, 51.91353], [-0.65426, 51.91365], [-0.65051, 51.91367], [-0.64434, 51.9133], [-0.63911, 51.91161], [-0.63704, 51.91185], [-0.63192, 51.91116], [-0.62963, 51.91072], [-0.6155, 51.90788], [-0.61185, 51.90083], [-0.54534, 51.90209], [-0.53572, 51.89663], [-0.53358, 51.89508], [-0.53024, 51.89274], [-0.52795, 51.8911], [-0.52454, 51.88875], [-0.52166, 51.88667], [-0.51937, 51.8866], [-0.5136, 51.88706], [-0.49808, 51.88567], [-0.47412, 51.88829], [-0.4582, 51.88815], [-0.43479, 51.88447], [-0.41479, 51.88217], [-0.40183, 51.87545], [-0.39621, 51.87427], [-0.39084, 51.87372], [-0.38436, 51.87526], [-0.3829, 51.87603], [-0.37946, 51.8767], [-0.37537, 51.8793]]}}, {"type": "Feature", "properties": {"route": "X33", "route_name": "", "route_id": "87431", "agency": "Arriva Beds and Bucks", "agency_id": "OP58", "geometry_source": "GTFS stop sequence"}, "geometry": {"type": "LineString", "coordinates": [[-0.7736728, 52.0350656], [-0.7675917, 52.0372589], [-0.7622209, 52.0395763], [-0.755994, 52.042253], [-0.7760722, 52.0411595], [-0.7787583, 52.0447838], [-0.7799819, 52.0469724], [-0.781313, 52.0500341], [-0.784458, 52.0529078], [-0.7842022, 52.0542718], [-0.7805097, 52.0554385], [-0.7743314, 52.0573614], [-0.775297, 52.0625863], [-0.7765615, 52.0664926], [-0.7782652, 52.0676791], [-0.786607, 52.0667133], [-0.7892923, 52.0661385], [-0.7931413, 52.0656835], [-0.7978468, 52.0653809], [-0.8045977, 52.0644156], [-0.8094537, 52.0622889], [-0.8097485, 52.0632719], [-0.8041528, 52.0646898], [-0.8053353, 52.0673901], [-0.8064691, 52.0752058], [-0.8043988, 52.0778732], [-0.8324201, 52.0928094], [-0.8371669, 52.0927034], [-0.8328491, 52.1127287], [-0.8304893, 52.1152947], [-0.8290297, 52.1152622], [-0.8274258, 52.1140505], [-0.8324943, 52.1184884], [-0.8405621, 52.1238996], [-0.856167668, 52.143670183], [-0.853538678, 52.146458817], [-0.84009, 52.15726], [-0.848262304, 52.149311485], [-0.854024991, 52.146301706], [-0.85857807, 52.146561631], [-0.87721383, 52.142406865], [-0.879290547, 52.141176878], [-0.882941748, 52.141840874], [-0.882658309, 52.142656361], [-0.890613801, 52.154765576], [-0.890671994, 52.155952918], [-0.891525065, 52.158689827], [-0.89707997, 52.158103536], [-0.89822558, 52.160254064], [-0.900208994, 52.170531127], [-0.883104463, 52.176218843], [-0.868562594, 52.182198738], [-0.881864686, 52.197672869], [-0.886213629, 52.202218385], [-0.890784681, 52.2049317], [-0.889245747, 52.208549508], [-0.893113159, 52.213108205], [-0.896942977, 52.215670465], [-0.897598076, 52.219362801], [-0.897281777, 52.22267744], [-0.897121716, 52.224411162], [-0.896813264, 52.226224414], [-0.896488005, 52.229305204], [-0.897127112, 52.232466931], [-0.89755082, 52.234278029], [-0.898013832, 52.238642863]]}}, {"type": "Feature", "properties": {"route": "33", "route_name": "", "route_id": "41022", "agency": "Arriva Beds and Bucks", "agency_id": "OP58", "geometry_source": "GTFS stop sequence"}, "geometry": {"type": "LineString", "coordinates": [[-0.7736728, 52.0350656], [-0.7675917, 52.0372589], [-0.7622209, 52.0395763], [-0.755994, 52.042253], [-0.7760722, 52.0411595], [-0.7787583, 52.0447838], [-0.7820997, 52.0441621], [-0.7865418, 52.0459702], [-0.7868757, 52.0492553], [-0.7863092, 52.0513265], [-0.7908313, 52.0518225], [-0.8019366, 52.0482855], [-0.8052304, 52.0494518], [-0.811615, 52.0490039], [-0.8180382, 52.0542743], [-0.8240273, 52.0566899], [-0.8281259, 52.0589155], [-0.8233887, 52.0621231], [-0.8190784, 52.0623947], [-0.8149865, 52.0626773], [-0.8097485, 52.0632719], [-0.8094537, 52.0622889], [-0.8097485, 52.0632719], [-0.8041528, 52.0646898], [-0.8053353, 52.0673901], [-0.8064691, 52.0752058], [-0.8043988, 52.0778732], [-0.8324201, 52.0928094], [-0.8371669, 52.0927034], [-0.8328491, 52.1127287], [-0.8304893, 52.1152947], [-0.8290297, 52.1152622], [-0.8274258, 52.1140505], [-0.8324943, 52.1184884], [-0.8405621, 52.1238996], [-0.856167668, 52.143670183], [-0.853538678, 52.146458817], [-0.84009, 52.15726], [-0.848262304, 52.149311485], [-0.854024991, 52.146301706], [-0.85857807, 52.146561631], [-0.87721383, 52.142406865], [-0.879290547, 52.141176878], [-0.882941748, 52.141840874], [-0.882658309, 52.142656361], [-0.890613801, 52.154765576], [-0.890671994, 52.155952918], [-0.891525065, 52.158689827], [-0.89707997, 52.158103536], [-0.89822558, 52.160254064], [-0.900208994, 52.170531127], [-0.883104463, 52.176218843], [-0.868562594, 52.182198738], [-0.881864686, 52.197672869], [-0.886213629, 52.202218385], [-0.890784681, 52.2049317], [-0.889245747, 52.208549508], [-0.893113159, 52.213108205], [-0.896942977, 52.215670465], [-0.897598076, 52.219362801], [-0.897281777, 52.22267744], [-0.897121716, 52.224411162], [-0.896813264, 52.226224414], [-0.896488005, 52.229305204], [-0.897127112, 52.232466931], [-0.89755082, 52.234278029], [-0.898013832, 52.238642863]]}}, {"type": "Feature", "properties": {"route": "33", "route_name": "", "route_id": "41022", "agency": "Arriva Beds and Bucks", "agency_id": "OP58", "geometry_source": "GTFS stop sequence"}, "geometry": {"type": "LineString", "coordinates": [[-0.898013832, 52.238642863], [-0.89626301, 52.230112269], [-0.896514367, 52.227651151], [-0.896687163, 52.225405077], [-0.897017093, 52.223906702], [-0.897154785, 52.221894057], [-0.897291797, 52.219908378], [-0.897036064, 52.216048947], [-0.892834909, 52.213114586], [-0.8892939, 52.208379137], [-0.890637483, 52.20496628], [-0.885994638, 52.202198337], [-0.881745633, 52.197752659], [-0.86860076, 52.182423876], [-0.900043752, 52.170709403], [-0.898053522, 52.160117595], [-0.896959052, 52.158264241], [-0.892050539, 52.158721736], [-0.890543371, 52.155834827], [-0.89042695, 52.154637946], [-0.882556715, 52.142628426], [-0.882620338, 52.14183783], [-0.879892911, 52.141047736], [-0.878062618, 52.141776587], [-0.858810238, 52.146626814], [-0.853538678, 52.146458817], [-0.84009, 52.15726], [-0.848262304, 52.149311485], [-0.853649494, 52.146127231], [-0.85611107, 52.143597707], [-0.8407732, 52.1242074], [-0.8330315, 52.119168], [-0.8285533, 52.1156081], [-0.8272553, 52.113869], [-0.8293765, 52.1154005], [-0.8313245, 52.1146286], [-0.8326888, 52.1127181], [-0.8369177, 52.0927459], [-0.8323448, 52.0928985], [-0.8027239, 52.0788452], [-0.8063548, 52.0751148], [-0.8045977, 52.0644156], [-0.8094537, 52.0622889], [-0.8107473, 52.0630122], [-0.8152523, 52.0625541], [-0.8189495, 52.0623035], [-0.8230564, 52.0620029], [-0.827405, 52.0585937], [-0.8231148, 52.056447], [-0.8171366, 52.0541754], [-0.8114255, 52.049002], [-0.8091325, 52.0496801], [-0.8104426, 52.0519681], [-0.8103374, 52.0520839], [-0.8050387, 52.0495308], [-0.8021641, 52.0485036], [-0.7861785, 52.0513071], [-0.7866313, 52.049127], [-0.7864784, 52.0461583], [-0.7822414, 52.0443164], [-0.7782886, 52.0448959], [-0.7756181, 52.0412357], [-0.7556489, 52.0410266], [-0.7618155, 52.0394731], [-0.7672009, 52.0371559], [-0.7729759, 52.0344289]]}}, {"type": "Feature", "properties": {"route": "LOOP", "route_name": "", "route_id": "110100", "agency": "Arriva Beds and Bucks", "agency_id": "OP58", "geometry_source": "GTFS stop sequence"}, "geometry": {"type": "LineString", "coordinates": [[-0.7339943, 51.9956961], [-0.7371736, 51.9934824], [-0.7418604, 51.993074], [-0.7448821, 51.994392], [-0.7473929, 51.9957584], [-0.7503841, 51.9976604], [-0.7574016, 51.999362], [-0.7617345, 52.0017633], [-0.7667763, 52.0038302], [-0.7668852, 52.0046406], [-0.7614841, 52.0066159], [-0.7676596, 52.0082721], [-0.7720537, 52.0090193], [-0.7785026, 52.0113611], [-0.7839433, 52.0079198], [-0.788318, 52.0050787], [-0.7930047, 52.0036163], [-0.7902225, 52.0041452], [-0.7941706, 52.0073956], [-0.7973116, 52.0108803], [-0.7946636, 52.0123637], [-0.7905937, 52.0141562], [-0.7926417, 52.0171083], [-0.7890676, 52.0183304], [-0.780683, 52.0201321], [-0.7822227, 52.0219283], [-0.7843724, 52.0242779], [-0.7890903, 52.025047], [-0.7783971, 52.0232643], [-0.7765324, 52.0237665], [-0.775303, 52.0266219], [-0.7734883, 52.0348838], [-0.7675917, 52.0372589], [-0.7622209, 52.0395763], [-0.7565252, 52.0420249], [-0.7521719, 52.043894], [-0.7427737, 52.0452147], [-0.7378468, 52.0467085], [-0.7297613, 52.0469543], [-0.7248061, 52.0473683], [-0.7168242, 52.0403486], [-0.7140456, 52.0391953], [-0.7101612, 52.0383976], [-0.6993141, 52.0388988], [-0.6920561, 52.0373079], [-0.6898609, 52.0360967], [-0.6726976, 52.0377118], [-0.6643347, 52.0370329], [-0.666915, 52.0320531], [-0.6722566, 52.0303691], [-0.6685641, 52.027658], [-0.6627477, 52.0242564], [-0.6592971, 52.0221851], [-0.6544662, 52.0185246], [-0.6526064, 52.0178559], [-0.6493318, 52.0152919], [-0.646471, 52.0106196]]}}, {"type": "Feature", "properties": {"route": "X6", "route_name": "", "route_id": "104061", "agency": "Arriva Beds and Bucks", "agency_id": "OP58", "geometry_source": "GTFS stop sequence"}, "geometry": {"type": "LineString", "coordinates": [[-0.985171, 52.001632], [-0.984935, 51.996604], [-0.983728, 51.995236], [-0.980341, 51.991727], [-0.978379, 51.988995], [-0.975728, 51.98515], [-0.966038, 51.979122], [-0.952299, 51.970783], [-0.947677, 51.968575], [-0.937891, 51.9632], [-0.930409, 51.961433], [-0.913292, 51.956664], [-0.904518, 51.9542], [-0.89643, 51.951113], [-0.888711, 51.949794], [-0.883226, 51.947284], [-0.881476, 51.944507], [-0.882814, 51.942757], [-0.886099, 51.940523], [-0.886658, 51.937956], [-0.887387, 51.923181], [-0.886577, 51.920036], [-0.885328, 51.918217], [-0.881789, 51.907942], [-0.877453, 51.899916], [-0.87525, 51.897917], [-0.874059, 51.895002], [-0.857768, 51.888668], [-0.860102, 51.884878], [-0.847106, 51.882854], [-0.840944, 51.88176], [-0.836891, 51.88065], [-0.835992, 51.879454], [-0.831907, 51.876734], [-0.833337, 51.86639], [-0.831829, 51.863507], [-0.830203, 51.85788], [-0.82838, 51.852026], [-0.818334, 51.839796], [-0.814512, 51.828357], [-0.814582, 51.826244], [-0.814543, 51.824949], [-0.815235, 51.820712], [-0.816305, 51.819176], [-0.818219, 51.817002], [-0.813328, 51.814875]]}}, {"type": "Feature", "properties": {"route": "X6", "route_name": "", "route_id": "104061", "agency": "Arriva Beds and Bucks", "agency_id": "OP58", "geometry_source": "GTFS stop sequence"}, "geometry": {"type": "LineString", "coordinates": [[-0.813328, 51.814875], [-0.809097, 51.815759], [-0.80949, 51.816806], [-0.812238, 51.818812], [-0.815422, 51.82075], [-0.814772, 51.826192], [-0.81481, 51.829699], [-0.818637, 51.839862], [-0.828498, 51.851389], [-0.830342, 51.858106], [-0.83216, 51.863609], [-0.833674, 51.865701], [-0.833375, 51.877261], [-0.836238, 51.879492], [-0.837136, 51.880724], [-0.87609, 51.940553], [-0.880163, 51.94115], [-0.881846, 51.945409], [-0.884378, 51.947744], [-0.88725, 51.948901], [-0.889306, 51.948782], [-0.897128, 51.951137], [-0.904925, 51.95424], [-0.913482, 51.956603], [-0.931599, 51.961552], [-0.938009, 51.963139], [-0.947824, 51.96854], [-0.952391, 51.970568], [-0.966514, 51.979324], [-0.975846, 51.985106], [-0.978884, 51.989188], [-0.980444, 51.991692], [-0.983803, 51.99512], [-0.985276, 51.996957], [-0.985171, 52.001632]]}}, {"type": "Feature", "properties": {"route": "321", "route_name": "", "route_id": "11940", "agency": "Arriva Beds and Bucks", "agency_id": "OP58", "geometry_source": "GTFS stop sequence"}, "geometry": {"type": "LineString", "coordinates": [[-0.33657864269359, 51.7544033621421], [-0.334473228619451, 51.75689129329041], [-0.333967375629612, 51.76039997662673], [-0.335442720473578, 51.766382536398794], [-0.334311802630937, 51.77072760506295], [-0.336229800575436, 51.77374907941465], [-0.336903023280255, 51.77712158502967], [-0.339667682687507, 51.78118005034025], [-0.343353655779708, 51.78543126942443], [-0.34542641874096, 51.789803545001575], [-0.350943185686122, 51.796373192653924], [-0.352135291915203, 51.801065680758114], [-0.352451979388754, 51.804711825078535], [-0.347931034321821, 51.80617701103582], [-0.344963041165197, 51.807214298570926], [-0.349966459700036, 51.80962249865997], [-0.352457752376007, 51.81211220685872], [-0.355309534072461, 51.81466984507031], [-0.357315548720932, 51.816954836832736], [-0.359787736952816, 51.81999261765253], [-0.36129510885243, 51.82123652088785], [-0.366029161488228, 51.82393699557769], [-0.368375781261553, 51.8252554053957], [-0.371255461906588, 51.82748932403672], [-0.37803764719819, 51.830172692238186], [-0.383432170167138, 51.831910444578824], [-0.388721716826738, 51.833754410094365], [-0.394546035577625, 51.83608199962286], [-0.409072441414816, 51.842744453281455], [-0.412580937057332, 51.84699999080275], [-0.41418, 51.85199], [-0.41457, 51.85578], [-0.41789, 51.86568], [-0.41856, 51.86741], [-0.41821, 51.86956], [-0.41661, 51.87487], [-0.4124, 51.8785], [-0.41516, 51.88199]]}}, {"type": "Feature", "properties": {"route": "X14", "route_name": "", "route_id": "3298197", "agency": "Arriva Beds and Bucks", "agency_id": "OP58", "geometry_source": "GTFS stop sequence"}, "geometry": {"type": "LineString", "coordinates": [[-0.813328, 51.814875], [-0.809736, 51.815208], [-0.806818, 51.816356], [-0.800104, 51.815146], [-0.797377, 51.815154], [-0.793661, 51.815215], [-0.79039, 51.816566], [-0.774053, 51.82411], [-0.771962, 51.824783], [-0.772451, 51.826072], [-0.772127, 51.829206], [-0.768988, 51.830167], [-0.773893, 51.843891], [-0.768546, 51.853106], [-0.755719, 51.869226], [-0.727371, 51.88804], [-0.719204, 51.893149], [-0.718603, 51.894374], [-0.714934, 51.897131], [-0.709308, 51.898229], [-0.706746, 51.898866], [-0.696713, 51.904043], [-0.734193, 51.97155], [-0.7333796, 51.9734063], [-0.7265634, 51.9742168], [-0.7202166, 51.976234], [-0.7219255, 51.9796243], [-0.725311, 51.981954], [-0.7224943, 51.983173], [-0.7198322, 51.9851222], [-0.7220197, 51.9901271], [-0.720476, 51.9921693], [-0.71889, 51.9946696], [-0.7228282, 51.9960071], [-0.726854, 51.9952955], [-0.7277525, 51.996483], [-0.7339253, 51.9955605], [-0.7266602, 52.0021267], [-0.7304938, 52.0087407], [-0.7320863, 52.0152854], [-0.7327426, 52.016812], [-0.7350905, 52.0193368], [-0.7381893, 52.0210783], [-0.7401635, 52.0223942], [-0.7427695, 52.0276908], [-0.7468159, 52.0320677], [-0.749845, 52.0337453], [-0.7544013, 52.0360773], [-0.755766, 52.0420618]]}}, {"type": "Feature", "properties": {"route": "5", "route_name": "", "route_id": "6311", "agency": "Arriva Beds and Bucks", "agency_id": "OP58", "geometry_source": "GTFS stop sequence"}, "geometry": {"type": "LineString", "coordinates": [[-0.7227389, 51.9873746], [-0.7243898, 51.9856482], [-0.7290546, 51.9844488], [-0.7295137, 51.9816035], [-0.7268649, 51.9810445], [-0.729228, 51.9778061], [-0.7265634, 51.9742168], [-0.7202166, 51.976234], [-0.7219255, 51.9796243], [-0.725311, 51.981954]]}}, {"type": "Feature", "properties": {"route": "X14", "route_name": "", "route_id": "3298197", "agency": "Arriva Beds and Bucks", "agency_id": "OP58", "geometry_source": "GTFS stop sequence"}, "geometry": {"type": "LineString", "coordinates": [[-0.7313197, 51.9751477], [-0.7383822, 51.9768327], [-0.742867, 51.972927], [-0.738837, 51.97083], [-0.734193, 51.97155], [-0.7333796, 51.9734063]]}}, {"type": "Feature", "properties": {"route": "CN5", "route_name": "", "route_id": "103279", "agency": "Arriva Beds and Bucks", "agency_id": "OP58", "geometry_source": "GTFS stop sequence"}, "geometry": {"type": "LineString", "coordinates": [[-0.42467, 51.92142], [-0.44175, 51.90997], [-0.443, 51.90732], [-0.44132, 51.90436], [-0.4432, 51.90035], [-0.45193, 51.89501], [-0.45769, 51.89207], [-0.46086, 51.89229], [-0.46612, 51.89285], [-0.47573, 51.89363], [-0.47782, 51.89662], [-0.48001, 51.89814], [-0.48393, 51.89672], [-0.48848, 51.89696], [-0.49278, 51.8979], [-0.49407, 51.90061], [-0.49572, 51.90213]]}}, {"type": "Feature", "properties": {"route": "CN6", "route_name": "", "route_id": "10454443", "agency": "Arriva Beds and Bucks", "agency_id": "OP58", "geometry_source": "GTFS stop sequence"}, "geometry": {"type": "LineString", "coordinates": [[-0.42467, 51.92142], [-0.44311, 51.91423], [-0.45494, 51.90892], [-0.45996, 51.90729], [-0.46508, 51.90916], [-0.46179, 51.90718], [-0.46044, 51.90535], [-0.46305, 51.90325], [-0.46514, 51.90237], [-0.46914, 51.90094], [-0.47395, 51.89938], [-0.48001, 51.89814], [-0.48393, 51.89672], [-0.48848, 51.89696], [-0.49278, 51.8979], [-0.49407, 51.90061], [-0.49572, 51.90213], [-0.49809, 51.90323], [-0.50239, 51.90172], [-0.50469, 51.90144], [-0.5045, 51.90277], [-0.50635, 51.9037], [-0.50866, 51.90594], [-0.50993, 51.90644], [-0.51599, 51.9049]]}}, {"type": "Feature", "properties": {"route": "CN6", "route_name": "", "route_id": "10454443", "agency": "Arriva Beds and Bucks", "agency_id": "OP58", "geometry_source": "GTFS stop sequence"}, "geometry": {"type": "LineString", "coordinates": [[-0.51598, 51.90502], [-0.51273, 51.90669], [-0.50855, 51.90607], [-0.50575, 51.90345], [-0.50416, 51.90263], [-0.50392, 51.90164], [-0.5024, 51.90182], [-0.49917, 51.90305], [-0.49733, 51.90292], [-0.49518, 51.90197], [-0.49348, 51.9], [-0.49231, 51.89755], [-0.48738, 51.89678], [-0.48361, 51.89698], [-0.47843, 51.8987], [-0.4735, 51.89965], [-0.46878, 51.90119], [-0.46572, 51.90232], [-0.46323, 51.90327], [-0.46083, 51.90523], [-0.4612, 51.9066], [-0.46285, 51.90762], [-0.46553, 51.90924], [-0.45721, 51.90775], [-0.45468, 51.90933], [-0.4482, 51.91277], [-0.44412, 51.91417], [-0.42467, 51.92142]]}}, {"type": "Feature", "properties": {"route": "X6", "route_name": "", "route_id": "104061", "agency": "Arriva Beds and Bucks", "agency_id": "OP58", "geometry_source": "GTFS stop sequence"}, "geometry": {"type": "LineString", "coordinates": [[-0.7736966, 52.0352636], [-0.7871503, 52.0348005], [-0.7902429, 52.032027], [-0.798028, 52.0314503], [-0.8025251, 52.0333573], [-0.817517, 52.039684], [-0.8335711, 52.0452941], [-0.837334, 52.045204], [-0.8428981, 52.0517068], [-0.8479968, 52.0541933], [-0.8503653, 52.0562394], [-0.8451073, 52.05822], [-0.865181983, 52.062640754], [-0.866680811, 52.060479345], [-0.868033897, 52.058307527], [-0.974296, 52.001942], [-0.985171, 52.001632]]}}, {"type": "Feature", "properties": {"route": "7", "route_name": "", "route_id": "10965768", "agency": "Arriva Beds and Bucks", "agency_id": "OP58", "geometry_source": "GTFS stop sequence"}, "geometry": {"type": "LineString", "coordinates": [[-0.47733, 51.94021], [-0.48026, 51.93874], [-0.48082, 51.93678], [-0.47763, 51.93155], [-0.47698, 51.93083], [-0.47262, 51.923], [-0.47094, 51.92159], [-0.47176, 51.9201], [-0.47202, 51.91816], [-0.46997, 51.9154], [-0.46858, 51.91358], [-0.4669, 51.91142], [-0.4574, 51.9067], [-0.45414, 51.90512], [-0.4517, 51.90336], [-0.44905, 51.90093], [-0.44537, 51.89817], [-0.4427, 51.89643], [-0.44056, 51.89567], [-0.43877, 51.89493], [-0.43596, 51.89329], [-0.43247, 51.89036], [-0.4319, 51.88833], [-0.42853, 51.88561], [-0.4251, 51.88259], [-0.41522, 51.88226]]}}, {"type": "Feature", "properties": {"route": "CN1", "route_name": "", "route_id": "103275", "agency": "Arriva Beds and Bucks", "agency_id": "OP58", "geometry_source": "GTFS stop sequence"}, "geometry": {"type": "LineString", "coordinates": [[-0.40302, 51.87953], [-0.39794, 51.88316], [-0.39441, 51.88568], [-0.39215, 51.88707], [-0.38758, 51.88873], [-0.38633, 51.8906], [-0.38873, 51.89252], [-0.39054, 51.89341], [-0.39373, 51.89534], [-0.39311, 51.89805], [-0.39236, 51.89979], [-0.39444, 51.90149], [-0.39854, 51.90116], [-0.3997, 51.89895], [-0.40159, 51.89419], [-0.40092, 51.89203], [-0.40347, 51.89222], [-0.40648, 51.89224], [-0.42123, 51.89778], [-0.42233, 51.90154], [-0.42307, 51.90401], [-0.42438, 51.90775], [-0.42514, 51.91096], [-0.42697, 51.91686], [-0.42467, 51.92142]]}}, {"type": "Feature", "properties": {"route": "4B", "route_name": "", "route_id": "10965799", "agency": "Arriva Beds and Bucks", "agency_id": "OP58", "geometry_source": "GTFS stop sequence"}, "geometry": {"type": "LineString", "coordinates": [[-0.42797, 51.92086], [-0.42644, 51.91584], [-0.42499, 51.91125], [-0.42292, 51.90728], [-0.41716, 51.90767], [-0.41675, 51.90444], [-0.41591, 51.90131], [-0.41571, 51.89887], [-0.41635, 51.89583], [-0.41654, 51.89376], [-0.41744, 51.89192], [-0.41861, 51.88916], [-0.41867, 51.88688], [-0.41776, 51.88527], [-0.41701, 51.8834], [-0.41555, 51.88231]]}}, {"type": "Feature", "properties": {"route": "X14", "route_name": "", "route_id": "3298197", "agency": "Arriva Beds and Bucks", "agency_id": "OP58", "geometry_source": "GTFS stop sequence"}, "geometry": {"type": "LineString", "coordinates": [[-0.813328, 51.814875], [-0.809736, 51.815208], [-0.806818, 51.816356], [-0.800104, 51.815146], [-0.797377, 51.815154], [-0.793661, 51.815215], [-0.79039, 51.816566], [-0.774053, 51.82411], [-0.771962, 51.824783], [-0.772451, 51.826072], [-0.772127, 51.829206], [-0.768988, 51.830167], [-0.773893, 51.843891], [-0.768546, 51.853106], [-0.755719, 51.869226], [-0.727371, 51.88804], [-0.719204, 51.893149], [-0.718603, 51.894374], [-0.714934, 51.897131], [-0.709308, 51.898229], [-0.706746, 51.898866], [-0.696713, 51.904043], [-0.7313197, 51.9751477], [-0.7383822, 51.9768327], [-0.742867, 51.972927], [-0.738837, 51.97083], [-0.734193, 51.97155], [-0.7333796, 51.9734063], [-0.7265634, 51.9742168], [-0.7202166, 51.976234], [-0.7219255, 51.9796243], [-0.725311, 51.981954], [-0.7224943, 51.983173], [-0.7198322, 51.9851222], [-0.7220197, 51.9901271], [-0.720476, 51.9921693], [-0.71889, 51.9946696], [-0.7228282, 51.9960071], [-0.726854, 51.9952955], [-0.7277525, 51.996483], [-0.7339253, 51.9955605], [-0.7266602, 52.0021267], [-0.7304938, 52.0087407], [-0.7320863, 52.0152854], [-0.7327426, 52.016812], [-0.7350905, 52.0193368], [-0.7381893, 52.0210783], [-0.7401635, 52.0223942], [-0.7427695, 52.0276908], [-0.7468159, 52.0320677], [-0.749845, 52.0337453], [-0.7544013, 52.0360773], [-0.755766, 52.0420618]]}}, {"type": "Feature", "properties": {"route": "X33", "route_name": "", "route_id": "87431", "agency": "Arriva Beds and Bucks", "agency_id": "OP58", "geometry_source": "GTFS stop sequence"}, "geometry": {"type": "LineString", "coordinates": [[-0.7736728, 52.0350656], [-0.7675917, 52.0372589], [-0.7622209, 52.0395763], [-0.755994, 52.042253], [-0.7760722, 52.0411595], [-0.7787583, 52.0447838], [-0.7799819, 52.0469724], [-0.781313, 52.0500341], [-0.784458, 52.0529078], [-0.7880244, 52.0563881], [-0.8023161, 52.0651836], [-0.8045977, 52.0644156], [-0.8094537, 52.0622889], [-0.8097485, 52.0632719], [-0.8041528, 52.0646898], [-0.8053353, 52.0673901], [-0.8064691, 52.0752058], [-0.8043988, 52.0778732], [-0.8324201, 52.0928094], [-0.8371669, 52.0927034], [-0.8328491, 52.1127287], [-0.8304893, 52.1152947], [-0.8290297, 52.1152622], [-0.8274258, 52.1140505]]}}, {"type": "Feature", "properties": {"route": "X33", "route_name": "", "route_id": "87431", "agency": "Arriva Beds and Bucks", "agency_id": "OP58", "geometry_source": "GTFS stop sequence"}, "geometry": {"type": "LineString", "coordinates": [[-0.898013832, 52.238642863], [-0.89626301, 52.230112269], [-0.896514367, 52.227651151], [-0.896687163, 52.225405077], [-0.897017093, 52.223906702], [-0.897154785, 52.221894057], [-0.897291797, 52.219908378], [-0.897036064, 52.216048947], [-0.892834909, 52.213114586], [-0.8892939, 52.208379137], [-0.890637483, 52.20496628], [-0.885994638, 52.202198337], [-0.881745633, 52.197752659], [-0.86860076, 52.182423876], [-0.900043752, 52.170709403], [-0.898053522, 52.160117595], [-0.896959052, 52.158264241], [-0.892050539, 52.158721736], [-0.890543371, 52.155834827], [-0.89042695, 52.154637946], [-0.882556715, 52.142628426], [-0.882620338, 52.14183783], [-0.879892911, 52.141047736], [-0.878062618, 52.141776587], [-0.858810238, 52.146626814], [-0.853538678, 52.146458817], [-0.848262304, 52.149311485], [-0.853649494, 52.146127231], [-0.85611107, 52.143597707], [-0.8407732, 52.1242074], [-0.8330315, 52.119168], [-0.8285533, 52.1156081], [-0.8272553, 52.113869], [-0.8293765, 52.1154005], [-0.8313245, 52.1146286], [-0.8326888, 52.1127181], [-0.8369177, 52.0927459], [-0.8323448, 52.0928985], [-0.8027239, 52.0788452], [-0.8063548, 52.0751148], [-0.8045977, 52.0644156], [-0.8094537, 52.0622889]]}}, {"type": "Feature", "properties": {"route": "CN7", "route_name": "", "route_id": "103281", "agency": "Arriva Beds and Bucks", "agency_id": "OP58", "geometry_source": "GTFS stop sequence"}, "geometry": {"type": "LineString", "coordinates": [[-0.49572, 51.90213], [-0.49809, 51.90323], [-0.49579, 51.90422], [-0.49163, 51.90463], [-0.48972, 51.90523], [-0.48568, 51.90654], [-0.48246, 51.90644], [-0.48021, 51.90425], [-0.48192, 51.90269], [-0.48464, 51.90168], [-0.48532, 51.90034], [-0.48355, 51.89815], [-0.47843, 51.8987], [-0.4735, 51.89965], [-0.46878, 51.90119], [-0.46572, 51.90232], [-0.46323, 51.90327], [-0.46083, 51.90523], [-0.4612, 51.9066], [-0.46285, 51.90762], [-0.46553, 51.90924], [-0.45721, 51.90775], [-0.45468, 51.90933], [-0.4482, 51.91277], [-0.44412, 51.91417], [-0.42467, 51.92142]]}}, {"type": "Feature", "properties": {"route": "LOOP", "route_name": "", "route_id": "110100", "agency": "Arriva Beds and Bucks", "agency_id": "OP58", "geometry_source": "GTFS stop sequence"}, "geometry": {"type": "LineString", "coordinates": [[-0.6469136, 52.0109214], [-0.6497831, 52.0157916], [-0.6529566, 52.0178419], [-0.6591738, 52.021923], [-0.6643337, 52.0243463], [-0.667741, 52.0264169], [-0.6724364, 52.0306948], [-0.668274, 52.031952], [-0.6645643, 52.0366669], [-0.6726268, 52.0376391], [-0.6898609, 52.0360967], [-0.6925821, 52.0372688], [-0.7001857, 52.0385038], [-0.7103595, 52.0385976], [-0.7144677, 52.0392179], [-0.7169129, 52.0403046], [-0.7263007, 52.0471147], [-0.7294032, 52.0467256], [-0.7382195, 52.0464158], [-0.7424095, 52.0452018], [-0.7515302, 52.0438961], [-0.7556489, 52.0410266], [-0.7620515, 52.0393767], [-0.7674368, 52.0370595], [-0.7733262, 52.0349451]]}}, {"type": "Feature", "properties": {"route": "7", "route_name": "", "route_id": "6450", "agency": "Arriva Beds and Bucks", "agency_id": "OP58", "geometry_source": "GTFS stop sequence"}, "geometry": {"type": "LineString", "coordinates": [[-0.7765615, 52.0664926], [-0.7717497, 52.0664066], [-0.7688778, 52.0663316], [-0.7657118, 52.0652825], [-0.7637977, 52.0664493], [-0.7597663, 52.0650493], [-0.7577961, 52.064552], [-0.7536669, 52.0656323], [-0.7487415, 52.0649148], [-0.7463031, 52.0603034], [-0.7439482, 52.0579317], [-0.7416964, 52.0560555], [-0.7389266, 52.0503075], [-0.7444624, 52.048955], [-0.7512204, 52.0440277], [-0.7552641, 52.0422813], [-0.7620515, 52.0393767], [-0.7674368, 52.0370595], [-0.7729759, 52.0344289]]}}, {"type": "Feature", "properties": {"route": "3S", "route_name": "", "route_id": "92443", "agency": "Arriva Beds and Bucks", "agency_id": "OP58", "geometry_source": "GTFS stop sequence"}, "geometry": {"type": "LineString", "coordinates": [[-0.6900455, 52.0212992], [-0.6894225, 52.024664], [-0.6907639, 52.0271425], [-0.6898609, 52.0360967], [-0.688392, 52.038867], [-0.68342, 52.042875], [-0.678314, 52.046415], [-0.68771, 52.0503058], [-0.69399, 52.052407], [-0.7295858, 52.0541723], [-0.7389266, 52.0503075], [-0.7444624, 52.048955], [-0.7512204, 52.0440277], [-0.7556489, 52.0410266]]}}, {"type": "Feature", "properties": {"route": "X2", "route_name": "", "route_id": "1709208", "agency": "Arriva Beds and Bucks", "agency_id": "OP58", "geometry_source": "GTFS stop sequence"}, "geometry": {"type": "LineString", "coordinates": [[-0.7734883, 52.0348838], [-0.7675917, 52.0372589], [-0.7622209, 52.0395763], [-0.7563109, 52.0413393], [-0.7540325, 52.0362352], [-0.7514647, 52.0347335], [-0.7448659, 52.0309051], [-0.7426037, 52.0278869], [-0.7407924, 52.023354], [-0.7379828, 52.021166], [-0.7348842, 52.0194155], [-0.7325362, 52.0168997], [-0.731709, 52.014633], [-0.7301881, 52.0087284], [-0.7262861, 52.0019608], [-0.7339808, 51.99566], [-0.7289068, 51.9901836], [-0.7234077, 51.9894588], [-0.7227389, 51.9873746], [-0.7243898, 51.9856482], [-0.7290546, 51.9844488], [-0.7331675, 51.9733799], [-0.7342782, 51.971162], [-0.68712, 51.92345], [-0.68073, 51.92026], [-0.676, 51.91841], [-0.67647, 51.91643], [-0.67241, 51.91695], [-0.6675, 51.91617], [-0.66402, 51.91598], [-0.66081, 51.91673], [-0.65746, 51.91763], [-0.65478, 51.91819], [-0.65053, 51.91838], [-0.64345, 51.91924], [-0.63911, 51.91996], [-0.63046, 51.9214], [-0.62748, 51.91923], [-0.62832, 51.91525], [-0.62873, 51.91228], [-0.6155, 51.90788], [-0.61185, 51.90083], [-0.54534, 51.90209], [-0.53572, 51.89663], [-0.53358, 51.89508], [-0.53024, 51.89274], [-0.52795, 51.8911], [-0.52454, 51.88875], [-0.52166, 51.88667], [-0.51937, 51.8866], [-0.5136, 51.88706], [-0.49808, 51.88567], [-0.47412, 51.88829], [-0.4582, 51.88815], [-0.43479, 51.88447], [-0.41479, 51.88217]]}}, {"type": "Feature", "properties": {"route": "CN4", "route_name": "", "route_id": "10454439", "agency": "Arriva Beds and Bucks", "agency_id": "OP58", "geometry_source": "GTFS stop sequence"}, "geometry": {"type": "LineString", "coordinates": [[-0.44476, 51.87916], [-0.44289, 51.87821], [-0.43998, 51.87702], [-0.43737, 51.87655], [-0.43676, 51.87664], [-0.43315, 51.87557], [-0.43244, 51.87513], [-0.43175, 51.87434], [-0.43254, 51.87343], [-0.43278, 51.87203], [-0.42952, 51.87017], [-0.42766, 51.86957], [-0.42375, 51.87181], [-0.41841, 51.87495], [-0.42356, 51.88103], [-0.42442, 51.88117], [-0.42909, 51.8812], [-0.43164, 51.88161], [-0.43654, 51.8825], [-0.44346, 51.88328], [-0.44772, 51.88391], [-0.45174, 51.88444], [-0.45403, 51.88467], [-0.45729, 51.88701], [-0.45618, 51.8898], [-0.45569, 51.89316], [-0.45758, 51.89528], [-0.46023, 51.89831], [-0.46158, 51.89945], [-0.46323, 51.90327], [-0.46285, 51.90762], [-0.46553, 51.90924], [-0.45721, 51.90775], [-0.45468, 51.90933], [-0.4535, 51.9124], [-0.45108, 51.9144], [-0.44791, 51.91441], [-0.44412, 51.91417], [-0.42467, 51.92142]]}}, {"type": "Feature", "properties": {"route": "X4", "route_name": "", "route_id": "87229", "agency": "Arriva Beds and Bucks", "agency_id": "OP58", "geometry_source": "GTFS stop sequence"}, "geometry": {"type": "LineString", "coordinates": [[-0.37537, 51.8793], [-0.37742, 51.87654], [-0.38266, 51.87604], [-0.38485, 51.87489], [-0.39295, 51.87365], [-0.39674, 51.87433], [-0.40047, 51.87538], [-0.41599, 51.88227], [-0.43503, 51.88445], [-0.45868, 51.88804], [-0.47437, 51.88826], [-0.49779, 51.8857], [-0.51065, 51.88611], [-0.51416, 51.88688], [-0.52201, 51.88668], [-0.52486, 51.88881], [-0.5261, 51.88961], [-0.52942, 51.892], [-0.5337, 51.895], [-0.53698, 51.89725], [-0.54583, 51.90232], [-0.56727, 51.91317], [-0.57583, 51.90864], [-0.58013, 51.9092], [-0.58608, 51.9078], [-0.59114, 51.90826], [-0.59659, 51.90864], [-0.59948, 51.90745], [-0.61576, 51.90791], [-0.63344, 51.91134], [-0.63911, 51.91161], [-0.64488, 51.91325], [-0.64991, 51.9136], [-0.65463, 51.9135], [-0.65832, 51.91451], [-0.66009, 51.916], [-0.66431, 51.91586], [-0.67004, 51.91627], [-0.67267, 51.91695], [-0.67474, 51.91729], [-0.67647, 51.91643], [-0.678, 51.91775], [-0.67911, 51.91598], [-0.68157, 51.9149], [-0.68096, 51.91357], [-0.68069, 51.91111], [-0.696686, 51.903952], [-0.70669, 51.898767], [-0.710081, 51.898112], [-0.715443, 51.896642], [-0.718131, 51.894108], [-0.719164, 51.893064], [-0.727258, 51.887904], [-0.756006, 51.868825], [-0.766743, 51.854256], [-0.773593, 51.843169], [-0.767529, 51.824852], [-0.771667, 51.824722], [-0.773847, 51.824099], [-0.790107, 51.816842], [-0.793606, 51.815124], [-0.797438, 51.815056], [-0.80196, 51.81521], [-0.80949, 51.816806], [-0.812238, 51.818812], [-0.816305, 51.819176], [-0.821674, 51.816371], [-0.824215, 51.813474]]}}, {"type": "Feature", "properties": {"route": "CN8", "route_name": "", "route_id": "3451963", "agency": "Arriva Beds and Bucks", "agency_id": "OP58", "geometry_source": "GTFS stop sequence"}, "geometry": {"type": "LineString", "coordinates": [[-0.42467, 51.92142], [-0.44175, 51.90997], [-0.443, 51.90732], [-0.44132, 51.90436], [-0.4432, 51.90035], [-0.44715, 51.89925], [-0.45031, 51.9017], [-0.45295, 51.90431], [-0.45458, 51.9052], [-0.45996, 51.90729], [-0.46802, 51.91034], [-0.4725, 51.91118], [-0.47559, 51.91175], [-0.47629, 51.91133], [-0.47557, 51.91016], [-0.47624, 51.90854], [-0.4779, 51.90713], [-0.47563, 51.90553], [-0.47262, 51.90588], [-0.47128, 51.90571], [-0.46845, 51.90422], [-0.46712, 51.90239]]}}, {"type": "Feature", "properties": {"route": "X2", "route_name": "", "route_id": "1709208", "agency": "Arriva Beds and Bucks", "agency_id": "OP58", "geometry_source": "GTFS stop sequence"}, "geometry": {"type": "LineString", "coordinates": [[-0.62867, 51.91188], [-0.62857, 51.91498], [-0.62789, 51.91957], [-0.63122, 51.92116], [-0.63686, 51.92023], [-0.64492, 51.91899], [-0.65184, 51.91823], [-0.65759, 51.91748], [-0.66009, 51.916], [-0.66431, 51.91586], [-0.67004, 51.91627], [-0.67267, 51.91695], [-0.67474, 51.91729], [-0.67647, 51.91643], [-0.67936, 51.9197], [-0.68374, 51.9218], [-0.68724, 51.92342], [-0.734193, 51.97155], [-0.7333796, 51.9734063], [-0.7290489, 51.9845729], [-0.7254182, 51.985253], [-0.72294, 51.987393], [-0.7241781, 51.9895121], [-0.7285906, 51.9900364], [-0.7296889, 51.9918824], [-0.7302151, 51.9943877], [-0.7339527, 51.9956237], [-0.7266602, 52.0021267], [-0.7304938, 52.0087407], [-0.7320863, 52.0152854], [-0.7327426, 52.016812], [-0.7350905, 52.0193368], [-0.7381893, 52.0210783], [-0.7401635, 52.0223942], [-0.7427695, 52.0276908], [-0.7465762, 52.0307345], [-0.7527914, 52.0284447], [-0.7597038, 52.0262159], [-0.76215, 52.0284175], [-0.7652774, 52.0313005], [-0.773118, 52.0345653]]}}, {"type": "Feature", "properties": {"route": "4", "route_name": "", "route_id": "118179", "agency": "Arriva Beds and Bucks", "agency_id": "OP58", "geometry_source": "GTFS stop sequence"}, "geometry": {"type": "LineString", "coordinates": [[-0.7339391, 51.9955876], [-0.7371736, 51.9934824], [-0.7430737, 51.9923946], [-0.7481032, 51.9917019], [-0.7536517, 51.9911943], [-0.7619712, 51.9900143], [-0.7665162, 51.9899721], [-0.7637352, 51.9920648], [-0.7593531, 51.9946352], [-0.7572222, 51.9958445], [-0.7550609, 51.9970985], [-0.7517371, 51.9992931], [-0.7504695, 52.0008711], [-0.7498513, 52.0063312], [-0.7489344, 52.0094324], [-0.7481695, 52.010737], [-0.7459657, 52.0160813], [-0.7435666, 52.0190139], [-0.734409, 52.024895], [-0.7341663, 52.029361], [-0.7352738, 52.0350553], [-0.7369481, 52.0361702], [-0.7375542, 52.0394944], [-0.7365225, 52.040922], [-0.7376037, 52.0418776], [-0.7424095, 52.0452018], [-0.750999, 52.0441243], [-0.755766, 52.0420618], [-0.7618155, 52.0394731], [-0.7672009, 52.0371559], [-0.773554, 52.0351453], [-0.7871503, 52.0348005], [-0.7902429, 52.032027], [-0.7894786, 52.0257793], [-0.7902767, 52.0280713], [-0.7923335, 52.0328846], [-0.7942734, 52.0339295], [-0.7966667, 52.0354645], [-0.798539, 52.0368592], [-0.8027039, 52.0348516], [-0.8028759, 52.0349613], [-0.7990637, 52.0368645], [-0.8014968, 52.0380132], [-0.8024174, 52.0401175], [-0.8032044, 52.0434072], [-0.8052304, 52.0494518], [-0.8104426, 52.0519681], [-0.8180382, 52.0542743], [-0.8281259, 52.0589155], [-0.8233887, 52.0621231], [-0.8190784, 52.0623947], [-0.8149865, 52.0626773], [-0.8097485, 52.0632719], [-0.8094537, 52.0622889]]}}, {"type": "Feature", "properties": {"route": "X33", "route_name": "", "route_id": "87431", "agency": "Arriva Beds and Bucks", "agency_id": "OP58", "geometry_source": "GTFS stop sequence"}, "geometry": {"type": "LineString", "coordinates": [[-0.898013832, 52.238642863], [-0.89626301, 52.230112269], [-0.896514367, 52.227651151], [-0.896687163, 52.225405077], [-0.897017093, 52.223906702], [-0.897154785, 52.221894057], [-0.897291797, 52.219908378], [-0.897036064, 52.216048947], [-0.892834909, 52.213114586], [-0.8892939, 52.208379137], [-0.890637483, 52.20496628], [-0.885994638, 52.202198337], [-0.881745633, 52.197752659], [-0.86860076, 52.182423876], [-0.900043752, 52.170709403], [-0.898053522, 52.160117595], [-0.896959052, 52.158264241], [-0.892050539, 52.158721736], [-0.890543371, 52.155834827], [-0.89042695, 52.154637946], [-0.882556715, 52.142628426], [-0.882620338, 52.14183783], [-0.879892911, 52.141047736], [-0.878062618, 52.141776587], [-0.858810238, 52.146626814], [-0.853538678, 52.146458817], [-0.848262304, 52.149311485], [-0.853649494, 52.146127231], [-0.85611107, 52.143597707], [-0.8407732, 52.1242074], [-0.8330315, 52.119168], [-0.8285533, 52.1156081], [-0.8272553, 52.113869], [-0.8293765, 52.1154005], [-0.8313245, 52.1146286], [-0.8326888, 52.1127181], [-0.8369177, 52.0927459], [-0.8323448, 52.0928985], [-0.8027239, 52.0788452], [-0.8063548, 52.0751148], [-0.8045977, 52.0644156], [-0.8094537, 52.0622889], [-0.8097485, 52.0632719], [-0.8041528, 52.0646898], [-0.802081, 52.0652442], [-0.78762, 52.0562401], [-0.7841036, 52.053066], [-0.781095, 52.0505444], [-0.7795856, 52.0470672], [-0.7782886, 52.0448959], [-0.7756181, 52.0412357], [-0.7556489, 52.0410266], [-0.7618155, 52.0394731], [-0.7672009, 52.0371559], [-0.7729759, 52.0344289]]}}, {"type": "Feature", "properties": {"route": "X15", "route_name": "", "route_id": "10965895", "agency": "Arriva Beds and Bucks", "agency_id": "OP58", "geometry_source": "GTFS stop sequence"}, "geometry": {"type": "LineString", "coordinates": [[-0.825953, 51.812569], [-0.823355, 51.814751], [-0.818219, 51.817002], [-0.809736, 51.815208], [-0.806818, 51.816356], [-0.800104, 51.815146], [-0.797377, 51.815154], [-0.793661, 51.815215], [-0.79039, 51.816566], [-0.774053, 51.82411], [-0.771962, 51.824783], [-0.772451, 51.826072], [-0.772127, 51.829206], [-0.768988, 51.830167], [-0.773893, 51.843891], [-0.768546, 51.853106], [-0.755719, 51.869226], [-0.727371, 51.88804], [-0.719204, 51.893149], [-0.718603, 51.894374], [-0.714934, 51.897131], [-0.709308, 51.898229], [-0.706746, 51.898866], [-0.696713, 51.904043], [-0.66571, 51.90512], [-0.66117, 51.90433], [-0.65709, 51.9025], [-0.65215, 51.90353], [-0.64723, 51.90553], [-0.6498, 51.9067], [-0.65252, 51.90805], [-0.65832, 51.91451], [-0.66009, 51.916], [-0.66081, 51.91673], [-0.66031, 51.92139], [-0.65927, 51.92459], [-0.65837, 51.92736], [-0.65779, 51.9311], [-0.65727, 51.93405], [-0.65684, 51.93729], [-0.65537, 51.94302], [-0.65754, 51.94561], [-0.6556, 51.94918], [-0.65393, 51.95176], [-0.7133917, 51.9974599], [-0.72472, 52.00193], [-0.7304938, 52.0087407], [-0.7320863, 52.0152854], [-0.7327426, 52.016812], [-0.7350905, 52.0193368], [-0.7381893, 52.0210783], [-0.7401635, 52.0223942], [-0.7427695, 52.0276908], [-0.7468159, 52.0320677], [-0.749845, 52.0337453], [-0.7544013, 52.0360773], [-0.755766, 52.0420618]]}}, {"type": "Feature", "properties": {"route": "Z", "route_name": "", "route_id": "1757946", "agency": "Arriva Beds and Bucks", "agency_id": "OP58", "geometry_source": "GTFS stop sequence"}, "geometry": {"type": "LineString", "coordinates": [[-0.37527, 51.87932], [-0.37742, 51.87654], [-0.38266, 51.87604], [-0.38485, 51.87489], [-0.39295, 51.87365], [-0.39674, 51.87433], [-0.40047, 51.87538], [-0.41588, 51.88214], [-0.43503, 51.88445], [-0.45618, 51.8898], [-0.45769, 51.89207], [-0.46086, 51.89229], [-0.46612, 51.89285], [-0.47573, 51.89363], [-0.47782, 51.89662], [-0.48001, 51.89814], [-0.48393, 51.89672], [-0.48848, 51.89696], [-0.49278, 51.8979], [-0.49407, 51.90061], [-0.49572, 51.90213], [-0.49809, 51.90323], [-0.50239, 51.90172], [-0.49916, 51.90862], [-0.50134, 51.91087], [-0.50615, 51.91305], [-0.50861, 51.91336], [-0.51127, 51.91346], [-0.51637, 51.91191], [-0.52111, 51.90967], [-0.52012, 51.90739], [-0.51929, 51.9057], [-0.52216, 51.90371]]}}, {"type": "Feature", "properties": {"route": "2", "route_name": "", "route_id": "68681", "agency": "Arriva Beds and Bucks", "agency_id": "OP58", "geometry_source": "GTFS stop sequence"}, "geometry": {"type": "LineString", "coordinates": [[-0.8064751, 52.0218797], [-0.8073772, 52.0251603], [-0.812373, 52.027477], [-0.8157214, 52.0276451], [-0.8183461, 52.0303688], [-0.8169345, 52.0320013]]}}, {"type": "Feature", "properties": {"route": "LOOP", "route_name": "", "route_id": "110100", "agency": "Arriva Beds and Bucks", "agency_id": "OP58", "geometry_source": "GTFS stop sequence"}, "geometry": {"type": "LineString", "coordinates": [[-0.7734883, 52.0348838], [-0.7675917, 52.0372589], [-0.7622209, 52.0395763], [-0.7565252, 52.0420249], [-0.7521719, 52.043894], [-0.7427737, 52.0452147], [-0.7378468, 52.0467085], [-0.7297613, 52.0469543], [-0.7248061, 52.0473683], [-0.7168242, 52.0403486], [-0.7140456, 52.0391953], [-0.7101612, 52.0383976], [-0.6993141, 52.0388988], [-0.6920561, 52.0373079], [-0.6898609, 52.0360967], [-0.6726976, 52.0377118], [-0.6643347, 52.0370329], [-0.666915, 52.0320531], [-0.6722566, 52.0303691], [-0.6685641, 52.027658], [-0.6627477, 52.0242564], [-0.6592971, 52.0221851], [-0.6544662, 52.0185246], [-0.6526064, 52.0178559], [-0.6493318, 52.0152919], [-0.646471, 52.0106196], [-0.6525453, 52.0116423], [-0.6790986, 52.0035451], [-0.6817088, 52.0024684], [-0.6870213, 52.0031302], [-0.692864, 52.0035998], [-0.6960506, 52.004732], [-0.6947289, 52.0086016], [-0.6965755, 52.013747], [-0.6994708, 52.01591], [-0.7018929, 52.0198299], [-0.7034787, 52.0234528], [-0.7089734, 52.0239537], [-0.7173253, 52.018839], [-0.7251898, 52.0179893], [-0.7260612, 52.0216851], [-0.7341674, 52.0246766], [-0.7379828, 52.021166], [-0.7348842, 52.0194155], [-0.7325362, 52.0168997], [-0.731709, 52.014633], [-0.7301881, 52.0087284], [-0.7262861, 52.0019608], [-0.7339943, 51.9956961]]}}, {"type": "Feature", "properties": {"route": "2", "route_name": "", "route_id": "68681", "agency": "Arriva Beds and Bucks", "agency_id": "OP58", "geometry_source": "GTFS stop sequence"}, "geometry": {"type": "LineString", "coordinates": [[-0.8064751, 52.0218797], [-0.8073772, 52.0251603], [-0.812373, 52.027477], [-0.8157214, 52.0276451], [-0.8183461, 52.0303688], [-0.8169345, 52.0320013], [-0.811133, 52.034693], [-0.8028759, 52.0349613], [-0.7990637, 52.0368645], [-0.7822414, 52.0443164], [-0.7782886, 52.0448959], [-0.7756181, 52.0412357], [-0.7738443, 52.0351932], [-0.7675917, 52.0372589], [-0.7622209, 52.0395763], [-0.7565252, 52.0420249]]}}, {"type": "Feature", "properties": {"route": "CN4", "route_name": "", "route_id": "10454439", "agency": "Arriva Beds and Bucks", "agency_id": "OP58", "geometry_source": "GTFS stop sequence"}, "geometry": {"type": "LineString", "coordinates": [[-0.42467, 51.92142], [-0.44311, 51.91423], [-0.44819, 51.91452], [-0.45494, 51.90892], [-0.45996, 51.90729], [-0.46508, 51.90916], [-0.46305, 51.90325], [-0.46237, 51.90035], [-0.45965, 51.89803], [-0.45762, 51.89562], [-0.45551, 51.89312], [-0.45612, 51.8893], [-0.4569, 51.88696], [-0.45206, 51.88456], [-0.44555, 51.88381], [-0.44313, 51.8835], [-0.43577, 51.88259], [-0.43067, 51.88156], [-0.42788, 51.88119], [-0.42502, 51.88113], [-0.42266, 51.88056], [-0.42026, 51.87897], [-0.4171, 51.87629], [-0.41801, 51.87521], [-0.41935, 51.87387], [-0.42493, 51.8704], [-0.42705, 51.86958], [-0.43008, 51.87028], [-0.43368, 51.87198], [-0.43515, 51.87176], [-0.4381, 51.87274], [-0.43902, 51.87378], [-0.43994, 51.87445], [-0.44146, 51.87582], [-0.44316, 51.87623], [-0.44542, 51.8769], [-0.44636, 51.87801], [-0.44476, 51.87916], [-0.44289, 51.87821], [-0.43998, 51.87702], [-0.43737, 51.87655], [-0.43676, 51.87664], [-0.43315, 51.87557], [-0.43244, 51.87513], [-0.43175, 51.87434], [-0.43254, 51.87343], [-0.43288, 51.87241]]}}, {"type": "Feature", "properties": {"route": "QA1", "route_name": "", "route_id": "3298096", "agency": "Arriva Beds and Bucks", "agency_id": "OP58", "geometry_source": "GTFS stop sequence"}, "geometry": {"type": "LineString", "coordinates": [[-0.52369, 51.87838], [-0.5271, 51.88017], [-0.52893, 51.87943], [-0.53157, 51.87985], [-0.53461, 51.88161], [-0.53583, 51.88358], [-0.54006, 51.88696], [-0.5387, 51.89006], [-0.5337, 51.895], [-0.53698, 51.89725], [-0.54583, 51.90232], [-0.54637, 51.91066], [-0.54075, 51.91016], [-0.53671, 51.90961], [-0.53661, 51.91321], [-0.53287, 51.91426], [-0.53054, 51.91279], [-0.52504, 51.90771], [-0.52317, 51.90568], [-0.52146, 51.90471], [-0.51598, 51.90502], [-0.51273, 51.90669], [-0.51075, 51.90817], [-0.51019, 51.91013], [-0.50702, 51.91133], [-0.50615, 51.91305], [-0.50763, 51.91427], [-0.50221, 51.9176], [-0.50213, 51.91906], [-0.50837, 51.91906]]}}, {"type": "Feature", "properties": {"route": "X2", "route_name": "", "route_id": "1709208", "agency": "Arriva Beds and Bucks", "agency_id": "OP58", "geometry_source": "GTFS stop sequence"}, "geometry": {"type": "LineString", "coordinates": [[-0.7734883, 52.0348838], [-0.7675917, 52.0372589], [-0.7622209, 52.0395763], [-0.7563109, 52.0413393], [-0.7540325, 52.0362352], [-0.7514647, 52.0347335], [-0.7448659, 52.0309051], [-0.7426037, 52.0278869], [-0.7407924, 52.023354], [-0.7379828, 52.021166], [-0.7348842, 52.0194155], [-0.7325362, 52.0168997], [-0.731709, 52.014633], [-0.7301881, 52.0087284], [-0.7262861, 52.0019608], [-0.7339808, 51.99566], [-0.7289068, 51.9901836], [-0.7234077, 51.9894588], [-0.7227389, 51.9873746], [-0.7243898, 51.9856482], [-0.7290546, 51.9844488], [-0.7331675, 51.9733799], [-0.7342782, 51.971162], [-0.68712, 51.92345], [-0.68073, 51.92026], [-0.676, 51.91841], [-0.67647, 51.91643], [-0.67241, 51.91695], [-0.6675, 51.91617], [-0.66402, 51.91598], [-0.66081, 51.91673], [-0.65746, 51.91763], [-0.65478, 51.91819], [-0.65053, 51.91838], [-0.64345, 51.91924], [-0.63911, 51.91996], [-0.63046, 51.9214], [-0.62748, 51.91923], [-0.62832, 51.91525], [-0.62873, 51.91228]]}}, {"type": "Feature", "properties": {"route": "757", "route_name": "", "route_id": "23431", "agency": "Arriva Beds and Bucks", "agency_id": "OP58", "geometry_source": "GTFS stop sequence"}, "geometry": {"type": "LineString", "coordinates": [[-0.37544, 51.87929], [-0.41516, 51.88199], [-0.42087, 51.88508], [-0.42118, 51.88756], [-0.42129, 51.8907], [-0.4212, 51.89447], [-0.42123, 51.89778], [-0.42233, 51.90154], [-0.42307, 51.90401], [-0.42438, 51.90775], [-0.42514, 51.91096], [-0.42697, 51.91686], [-0.42824, 51.92127], [-0.43103, 51.92565], [-0.43312, 51.9256], [-0.43413, 51.92351], [-0.43339, 51.92178], [-0.43431, 51.92038], [-0.43799, 51.91956], [-0.4409, 51.9216], [-0.44171, 51.92339], [-0.44533, 51.92458], [-0.44814, 51.92395], [-0.4513, 51.92325], [-0.4538, 51.92286], [-0.45468, 51.92127], [-0.45421, 51.91787], [-0.45725, 51.91495], [-0.45741, 51.91275], [-0.45494, 51.90892], [-0.45875, 51.90648], [-0.46044, 51.90535]]}}, {"type": "Feature", "properties": {"route": "X6", "route_name": "", "route_id": "104061", "agency": "Arriva Beds and Bucks", "agency_id": "OP58", "geometry_source": "GTFS stop sequence"}, "geometry": {"type": "LineString", "coordinates": [[-0.978884, 51.989188], [-0.980444, 51.991692], [-0.983803, 51.99512], [-0.985276, 51.996957], [-0.985171, 52.001632]]}}, {"type": "Feature", "properties": {"route": "8", "route_name": "", "route_id": "41146", "agency": "Arriva Beds and Bucks", "agency_id": "OP58", "geometry_source": "GTFS stop sequence"}, "geometry": {"type": "LineString", "coordinates": [[-0.6900455, 52.0212992], [-0.6920012, 52.0152069], [-0.685434, 52.0150439], [-0.6791244, 52.0170233], [-0.6800444, 52.0209178], [-0.685973, 52.0215146], [-0.6900455, 52.0212992], [-0.6894225, 52.024664], [-0.6907639, 52.0271425], [-0.6898609, 52.0360967], [-0.6925821, 52.0372688], [-0.6949945, 52.0415394], [-0.7013466, 52.04624], [-0.7088927, 52.0480133], [-0.7263007, 52.0471147], [-0.7294032, 52.0467256], [-0.7382195, 52.0464158], [-0.7424095, 52.0452018], [-0.7512204, 52.0440277], [-0.755766, 52.0420618], [-0.7620515, 52.0393767], [-0.7674368, 52.0370595], [-0.7733262, 52.0349451]]}}, {"type": "Feature", "properties": {"route": "4", "route_name": "", "route_id": "1782600", "agency": "Arriva Beds and Bucks", "agency_id": "OP58", "geometry_source": "GTFS stop sequence"}, "geometry": {"type": "LineString", "coordinates": [[-0.41119, 51.90843], [-0.41466, 51.90938], [-0.41641, 51.91111], [-0.41797, 51.90985], [-0.418, 51.90807], [-0.42134, 51.90751], [-0.42438, 51.90775], [-0.42514, 51.91096], [-0.42697, 51.91686], [-0.42824, 51.92127], [-0.43103, 51.92565], [-0.43312, 51.9256], [-0.43413, 51.92351], [-0.43339, 51.92178], [-0.43431, 51.92038], [-0.43799, 51.91956], [-0.4409, 51.9216], [-0.44171, 51.92339], [-0.44533, 51.92458], [-0.44814, 51.92395], [-0.4513, 51.92325], [-0.4538, 51.92286], [-0.45468, 51.92127], [-0.45421, 51.91787], [-0.45725, 51.91495], [-0.45741, 51.91275], [-0.45494, 51.90892], [-0.45875, 51.90648], [-0.46044, 51.90535], [-0.46305, 51.90325], [-0.46514, 51.90237], [-0.46914, 51.90094], [-0.47395, 51.89938], [-0.48001, 51.89814], [-0.48342, 51.89789], [-0.4859, 51.90023], [-0.48447, 51.90232], [-0.48142, 51.90278], [-0.48059, 51.90457], [-0.48268, 51.90651], [-0.48586, 51.9064], [-0.4887, 51.90542], [-0.49287, 51.90432], [-0.49725, 51.90364], [-0.50239, 51.90172], [-0.50841, 51.89626], [-0.51113, 51.89405], [-0.51489, 51.89141], [-0.51687, 51.89055], [-0.52144, 51.88927]]}}, {"type": "Feature", "properties": {"route": "CN3", "route_name": "", "route_id": "103277", "agency": "Arriva Beds and Bucks", "agency_id": "OP58", "geometry_source": "GTFS stop sequence"}, "geometry": {"type": "LineString", "coordinates": [[-0.42467, 51.92142], [-0.42797, 51.92086], [-0.42644, 51.91584], [-0.42499, 51.91125], [-0.42338, 51.9061], [-0.42249, 51.90285], [-0.42156, 51.9], [-0.4211, 51.89589], [-0.42105, 51.89366], [-0.42116, 51.88964], [-0.42098, 51.88671], [-0.42035, 51.88435], [-0.42266, 51.88056], [-0.42026, 51.87897], [-0.4171, 51.87629], [-0.41801, 51.87521], [-0.41935, 51.87387], [-0.42493, 51.8704], [-0.42705, 51.86958], [-0.43008, 51.87028], [-0.43368, 51.87198], [-0.43515, 51.87176], [-0.4381, 51.87274], [-0.43902, 51.87378], [-0.43994, 51.87445], [-0.44146, 51.87582], [-0.44316, 51.87623], [-0.44542, 51.8769], [-0.44636, 51.87801], [-0.44476, 51.87916], [-0.44289, 51.87821], [-0.43998, 51.87702], [-0.43737, 51.87655], [-0.43676, 51.87664], [-0.43315, 51.87557], [-0.43244, 51.87513], [-0.43175, 51.87434], [-0.43254, 51.87343]]}}, {"type": "Feature", "properties": {"route": "LOOP", "route_name": "", "route_id": "110100", "agency": "Arriva Beds and Bucks", "agency_id": "OP58", "geometry_source": "GTFS stop sequence"}, "geometry": {"type": "LineString", "coordinates": [[-0.7338566, 51.9954159], [-0.7266602, 52.0021267], [-0.7304938, 52.0087407], [-0.7320863, 52.0152854], [-0.7350905, 52.0193368], [-0.7381893, 52.0210783], [-0.734409, 52.024895], [-0.7259396, 52.0223761], [-0.7247926, 52.0181199], [-0.7231865, 52.0177158], [-0.7188333, 52.0185947], [-0.7091306, 52.0240633], [-0.7032846, 52.0236125], [-0.7015539, 52.0194575], [-0.6992208, 52.0159881], [-0.6963265, 52.0137892], [-0.6944514, 52.0086255], [-0.695788, 52.0047471], [-0.6933422, 52.003686], [-0.6866848, 52.0031804], [-0.6826642, 52.0026769], [-0.6795872, 52.0032809], [-0.6521923, 52.0112696], [-0.6469136, 52.0109214], [-0.6497831, 52.0157916], [-0.6529566, 52.0178419], [-0.6591738, 52.021923], [-0.6643337, 52.0243463], [-0.667741, 52.0264169], [-0.6724364, 52.0306948], [-0.668274, 52.031952], [-0.6645643, 52.0366669], [-0.6726268, 52.0376391], [-0.6898609, 52.0360967], [-0.6925821, 52.0372688], [-0.7001857, 52.0385038], [-0.7103595, 52.0385976], [-0.7144677, 52.0392179], [-0.7169129, 52.0403046], [-0.7263007, 52.0471147], [-0.7294032, 52.0467256], [-0.7382195, 52.0464158], [-0.7424095, 52.0452018], [-0.7515302, 52.0438961], [-0.7556489, 52.0410266], [-0.7620515, 52.0393767], [-0.7674368, 52.0370595], [-0.7733262, 52.0349451]]}}, {"type": "Feature", "properties": {"route": "CN2", "route_name": "", "route_id": "103276", "agency": "Arriva Beds and Bucks", "agency_id": "OP58", "geometry_source": "GTFS stop sequence"}, "geometry": {"type": "LineString", "coordinates": [[-0.42467, 51.92142], [-0.42797, 51.92086], [-0.42644, 51.91584], [-0.42499, 51.91125], [-0.42292, 51.90728], [-0.41716, 51.90767], [-0.41675, 51.90444], [-0.41591, 51.90131], [-0.41571, 51.89887], [-0.40578, 51.89234], [-0.40092, 51.89203], [-0.40126, 51.8931], [-0.40193, 51.8952], [-0.38758, 51.88873], [-0.38449, 51.89], [-0.38157, 51.88922], [-0.3808, 51.88735], [-0.37859, 51.88556], [-0.37439, 51.88634], [-0.37173, 51.88784], [-0.36818, 51.88809], [-0.36478, 51.88877], [-0.36323, 51.89064], [-0.36543, 51.89171], [-0.36787, 51.89297], [-0.37037, 51.89232], [-0.37336, 51.89105], [-0.37703, 51.89082], [-0.37766, 51.89285], [-0.38059, 51.89453], [-0.38092, 51.89594], [-0.37851, 51.89746], [-0.37799, 51.8994], [-0.38035, 51.89918], [-0.38343, 51.89831], [-0.38329, 51.89718], [-0.38152, 51.89693]]}}, {"type": "Feature", "properties": {"route": "CN2", "route_name": "", "route_id": "103276", "agency": "Arriva Beds and Bucks", "agency_id": "OP58", "geometry_source": "GTFS stop sequence"}, "geometry": {"type": "LineString", "coordinates": [[-0.37851, 51.89746], [-0.37799, 51.8994], [-0.38035, 51.89918], [-0.38343, 51.89831], [-0.38329, 51.89718], [-0.38152, 51.89693], [-0.38087, 51.89569], [-0.38011, 51.89443], [-0.37719, 51.89246], [-0.37686, 51.89064], [-0.37319, 51.89126], [-0.36953, 51.89281], [-0.36754, 51.89287], [-0.36797, 51.89094], [-0.36941, 51.8891], [-0.36827, 51.88832], [-0.37173, 51.88784], [-0.37627, 51.88568], [-0.37913, 51.88581], [-0.38076, 51.88707], [-0.38174, 51.88933], [-0.38548, 51.88975], [-0.38814, 51.88824], [-0.40159, 51.89419], [-0.40092, 51.89203], [-0.40347, 51.89222], [-0.40648, 51.89224], [-0.41592, 51.89921], [-0.4165, 51.90235], [-0.41708, 51.90546], [-0.418, 51.90807], [-0.42134, 51.90751], [-0.42438, 51.90775], [-0.42514, 51.91096], [-0.42697, 51.91686], [-0.42467, 51.92142]]}}, {"type": "Feature", "properties": {"route": "X3", "route_name": "", "route_id": "2167550", "agency": "Arriva Beds and Bucks", "agency_id": "OP58", "geometry_source": "GTFS stop sequence"}, "geometry": {"type": "LineString", "coordinates": [[-0.41599, 51.88227], [-0.43503, 51.88445], [-0.45868, 51.88804], [-0.47437, 51.88826], [-0.49779, 51.8857], [-0.51065, 51.88611], [-0.51416, 51.88688], [-0.52201, 51.88668], [-0.52486, 51.88881], [-0.5261, 51.88961], [-0.52942, 51.892], [-0.5337, 51.895], [-0.53698, 51.89725], [-0.54583, 51.90232], [-0.61212, 51.9005], [-0.61576, 51.90791], [-0.63344, 51.91134], [-0.63911, 51.91161], [-0.64488, 51.91325], [-0.64991, 51.9136], [-0.65463, 51.9135], [-0.65832, 51.91451], [-0.66009, 51.916], [-0.66431, 51.91586], [-0.67004, 51.91627], [-0.67267, 51.91695], [-0.67474, 51.91729], [-0.67647, 51.91643], [-0.67936, 51.9197], [-0.68374, 51.9218], [-0.68724, 51.92342], [-0.696733, 51.938507], [-0.705897, 51.947105], [-0.716764, 51.954822], [-0.717941, 51.955905], [-0.71866, 51.959275], [-0.717446, 51.971212], [-0.716525, 51.975913], [-0.7196249, 51.9816673], [-0.7198322, 51.9851222], [-0.7241781, 51.9895121], [-0.7285906, 51.9900364], [-0.7296889, 51.9918824], [-0.7302151, 51.9943877], [-0.7339527, 51.9956237], [-0.7266602, 52.0021267], [-0.7304938, 52.0087407], [-0.7320863, 52.0152854], [-0.7327426, 52.016812], [-0.7350905, 52.0193368], [-0.7381893, 52.0210783], [-0.7401635, 52.0223942], [-0.7427695, 52.0276908], [-0.7465762, 52.0307345], [-0.7527914, 52.0284447], [-0.7597038, 52.0262159], [-0.76215, 52.0284175], [-0.7652774, 52.0313005], [-0.773118, 52.0345653]]}}, {"type": "Feature", "properties": {"route": "33", "route_name": "", "route_id": "41022", "agency": "Arriva Beds and Bucks", "agency_id": "OP58", "geometry_source": "GTFS stop sequence"}, "geometry": {"type": "LineString", "coordinates": [[-0.7736728, 52.0350656], [-0.7675917, 52.0372589], [-0.7622209, 52.0395763], [-0.755994, 52.042253], [-0.7760722, 52.0411595], [-0.7787583, 52.0447838], [-0.7820997, 52.0441621], [-0.7865418, 52.0459702], [-0.7868757, 52.0492553], [-0.7863092, 52.0513265], [-0.7908313, 52.0518225], [-0.8019366, 52.0482855], [-0.8052304, 52.0494518], [-0.811615, 52.0490039], [-0.8180382, 52.0542743], [-0.8240273, 52.0566899], [-0.8281259, 52.0589155], [-0.8233887, 52.0621231], [-0.8190784, 52.0623947], [-0.8149865, 52.0626773], [-0.8097485, 52.0632719], [-0.8094537, 52.0622889], [-0.8097485, 52.0632719], [-0.8041528, 52.0646898], [-0.8053353, 52.0673901], [-0.8064691, 52.0752058], [-0.8043988, 52.0778732], [-0.8324201, 52.0928094], [-0.8371669, 52.0927034], [-0.8328491, 52.1127287], [-0.8304893, 52.1152947], [-0.8290297, 52.1152622], [-0.8274258, 52.1140505], [-0.8324943, 52.1184884], [-0.8405621, 52.1238996], [-0.856167668, 52.143670183], [-0.853538678, 52.146458817], [-0.848262304, 52.149311485], [-0.854024991, 52.146301706], [-0.85857807, 52.146561631], [-0.87721383, 52.142406865], [-0.879290547, 52.141176878], [-0.882941748, 52.141840874], [-0.882658309, 52.142656361], [-0.890613801, 52.154765576], [-0.890671994, 52.155952918], [-0.891525065, 52.158689827], [-0.89707997, 52.158103536], [-0.89822558, 52.160254064], [-0.900208994, 52.170531127], [-0.883104463, 52.176218843], [-0.868562594, 52.182198738], [-0.881864686, 52.197672869], [-0.886213629, 52.202218385], [-0.890784681, 52.2049317], [-0.889245747, 52.208549508], [-0.893113159, 52.213108205], [-0.896942977, 52.215670465], [-0.897598076, 52.219362801], [-0.897281777, 52.22267744], [-0.897121716, 52.224411162], [-0.896813264, 52.226224414], [-0.896488005, 52.229305204], [-0.897127112, 52.232466931], [-0.89755082, 52.234278029], [-0.898013832, 52.238642863]]}}, {"type": "Feature", "properties": {"route": "CS1", "route_name": "", "route_id": "1503771", "agency": "Arriva Beds and Bucks", "agency_id": "OP58", "geometry_source": "GTFS stop sequence"}, "geometry": {"type": "LineString", "coordinates": [[-0.67449, 51.90855], [-0.6675, 51.91617], [-0.66402, 51.91598], [-0.66081, 51.91673], [-0.65711, 51.91353], [-0.65426, 51.91365], [-0.65051, 51.91367], [-0.64434, 51.9133], [-0.63911, 51.91161], [-0.63704, 51.91185], [-0.63192, 51.91116], [-0.62963, 51.91072], [-0.6155, 51.90788], [-0.59959, 51.9075], [-0.59583, 51.90879], [-0.59183, 51.90862], [-0.58862, 51.90798], [-0.58446, 51.90809], [-0.57806, 51.90961], [-0.57554, 51.90883], [-0.56734, 51.91323], [-0.54534, 51.90209], [-0.53572, 51.89663], [-0.53358, 51.89508], [-0.53024, 51.89274], [-0.52795, 51.8911], [-0.52454, 51.88875], [-0.52166, 51.88667], [-0.51945, 51.88658], [-0.5136, 51.88706], [-0.49808, 51.88567], [-0.47412, 51.88829], [-0.4582, 51.88815], [-0.43479, 51.88447], [-0.41555, 51.88231]]}}, {"type": "Feature", "properties": {"route": "LOOP", "route_name": "", "route_id": "110100", "agency": "Arriva Beds and Bucks", "agency_id": "OP58", "geometry_source": "GTFS stop sequence"}, "geometry": {"type": "LineString", "coordinates": [[-0.7930047, 52.0036163], [-0.7902225, 52.0041452], [-0.7941706, 52.0073956], [-0.7973116, 52.0108803], [-0.7946636, 52.0123637], [-0.7905937, 52.0141562], [-0.7926417, 52.0171083], [-0.7890676, 52.0183304], [-0.780683, 52.0201321], [-0.7822227, 52.0219283], [-0.7843724, 52.0242779], [-0.7890903, 52.025047], [-0.7783971, 52.0232643], [-0.7765324, 52.0237665], [-0.775303, 52.0266219], [-0.7734883, 52.0348838], [-0.7675917, 52.0372589], [-0.7622209, 52.0395763], [-0.7565252, 52.0420249], [-0.7521719, 52.043894], [-0.7427737, 52.0452147], [-0.7378468, 52.0467085], [-0.7297613, 52.0469543], [-0.7248061, 52.0473683], [-0.7168242, 52.0403486], [-0.7140456, 52.0391953], [-0.7101612, 52.0383976], [-0.6993141, 52.0388988], [-0.6920561, 52.0373079], [-0.6898609, 52.0360967], [-0.6726976, 52.0377118], [-0.6643347, 52.0370329], [-0.666915, 52.0320531], [-0.6722566, 52.0303691], [-0.6685641, 52.027658], [-0.6627477, 52.0242564], [-0.6592971, 52.0221851], [-0.6544662, 52.0185246], [-0.6526064, 52.0178559], [-0.6493318, 52.0152919], [-0.646471, 52.0106196]]}}, {"type": "Feature", "properties": {"route": "7", "route_name": "", "route_id": "10965768", "agency": "Arriva Beds and Bucks", "agency_id": "OP58", "geometry_source": "GTFS stop sequence"}, "geometry": {"type": "LineString", "coordinates": [[-0.47176, 51.9201], [-0.47202, 51.91816], [-0.46997, 51.9154], [-0.46858, 51.91358], [-0.4669, 51.91142], [-0.4574, 51.9067], [-0.45414, 51.90512], [-0.4517, 51.90336], [-0.44905, 51.90093], [-0.44537, 51.89817], [-0.4427, 51.89643], [-0.44056, 51.89567], [-0.43877, 51.89493], [-0.43596, 51.89329], [-0.43247, 51.89036], [-0.4319, 51.88833], [-0.42853, 51.88561], [-0.4251, 51.88259], [-0.41522, 51.88226]]}}, {"type": "Feature", "properties": {"route": "CS1", "route_name": "", "route_id": "1503771", "agency": "Arriva Beds and Bucks", "agency_id": "OP58", "geometry_source": "GTFS stop sequence"}, "geometry": {"type": "LineString", "coordinates": [[-0.41599, 51.88227], [-0.43503, 51.88445], [-0.45868, 51.88804], [-0.47437, 51.88826], [-0.49779, 51.8857], [-0.51065, 51.88611], [-0.51416, 51.88688], [-0.52201, 51.88668], [-0.52486, 51.88881], [-0.5261, 51.88961], [-0.52942, 51.892], [-0.5337, 51.895], [-0.53698, 51.89725], [-0.54583, 51.90232], [-0.56727, 51.91317], [-0.58013, 51.9092], [-0.58608, 51.9078], [-0.59114, 51.90826], [-0.59659, 51.90864], [-0.59948, 51.90745], [-0.61576, 51.90791], [-0.63344, 51.91134], [-0.63911, 51.91161], [-0.64488, 51.91325], [-0.64991, 51.9136], [-0.65463, 51.9135], [-0.65832, 51.91451], [-0.66009, 51.916], [-0.66431, 51.91586], [-0.67004, 51.91627], [-0.67449, 51.90855]]}}, {"type": "Feature", "properties": {"route": "8", "route_name": "", "route_id": "41146", "agency": "Arriva Beds and Bucks", "agency_id": "OP58", "geometry_source": "GTFS stop sequence"}, "geometry": {"type": "LineString", "coordinates": [[-0.7992313, 52.0093804], [-0.8015908, 52.0072285], [-0.8037769, 52.0033755], [-0.7972867, 51.9982205], [-0.7943367, 52.0022993], [-0.7930047, 52.0036163], [-0.7902225, 52.0041452], [-0.7840858, 52.0080382], [-0.7786301, 52.0114973], [-0.7803516, 52.0140956], [-0.780683, 52.0201321], [-0.7700884, 52.0201209], [-0.7597038, 52.0262159], [-0.76215, 52.0284175], [-0.7652774, 52.0313005], [-0.7738443, 52.0351932], [-0.7678276, 52.0371625], [-0.7624425, 52.0394707], [-0.7565252, 52.0420249]]}}, {"type": "Feature", "properties": {"route": "CN3", "route_name": "", "route_id": "103277", "agency": "Arriva Beds and Bucks", "agency_id": "OP58", "geometry_source": "GTFS stop sequence"}, "geometry": {"type": "LineString", "coordinates": [[-0.43994, 51.87445], [-0.44146, 51.87582], [-0.44316, 51.87623], [-0.44542, 51.8769], [-0.44636, 51.87801], [-0.44476, 51.87916], [-0.44289, 51.87821], [-0.43998, 51.87702], [-0.43737, 51.87655], [-0.43676, 51.87664], [-0.43315, 51.87557], [-0.43244, 51.87513], [-0.43175, 51.87434], [-0.43254, 51.87343], [-0.43278, 51.87203], [-0.42952, 51.87017], [-0.42766, 51.86957], [-0.42375, 51.87181], [-0.41841, 51.87495], [-0.42087, 51.88508], [-0.42118, 51.88756], [-0.42129, 51.8907], [-0.4212, 51.89447], [-0.42123, 51.89778], [-0.42233, 51.90154], [-0.42307, 51.90401], [-0.42438, 51.90775], [-0.42514, 51.91096], [-0.42697, 51.91686], [-0.42467, 51.92142]]}}, {"type": "Feature", "properties": {"route": "4", "route_name": "", "route_id": "118179", "agency": "Arriva Beds and Bucks", "agency_id": "OP58", "geometry_source": "GTFS stop sequence"}, "geometry": {"type": "LineString", "coordinates": [[-0.8094537, 52.0622889], [-0.8107473, 52.0630122], [-0.8152523, 52.0625541], [-0.8189495, 52.0623035], [-0.8230564, 52.0620029], [-0.827405, 52.0585937], [-0.8231148, 52.056447], [-0.8171366, 52.0541754], [-0.8103374, 52.0520839], [-0.8050387, 52.0495308], [-0.8033863, 52.0431483], [-0.80207, 52.040024], [-0.801583, 52.0386075], [-0.7997913, 52.0380048], [-0.797259, 52.0362078], [-0.7946154, 52.0342207], [-0.7915054, 52.0322378], [-0.7890903, 52.025047], [-0.7902767, 52.0280713], [-0.7903847, 52.0321723], [-0.7873517, 52.0349014], [-0.7736728, 52.0350656], [-0.7678276, 52.0371625], [-0.7624425, 52.0394707], [-0.7563109, 52.0413393], [-0.7521719, 52.043894], [-0.7427737, 52.0452147], [-0.7373718, 52.0418302], [-0.7360768, 52.0407014], [-0.7375429, 52.0393774], [-0.7349338, 52.0352225], [-0.7334839, 52.0292638], [-0.7341674, 52.0246766], [-0.7422038, 52.0197995], [-0.7456793, 52.0158985], [-0.7521843, 52.0114989], [-0.7496075, 52.0103747], [-0.7488683, 52.009189], [-0.7496822, 52.0056011], [-0.7499326, 52.0018455], [-0.7516833, 51.9991307], [-0.7549901, 51.9970258], [-0.7595494, 51.9943855], [-0.7633971, 51.9921782], [-0.7655896, 51.9908345], [-0.7607709, 51.9902354], [-0.7534311, 51.9912729], [-0.7478667, 51.9918253], [-0.7434648, 51.9924707], [-0.7374907, 51.9936027], [-0.7339391, 51.9955876]]}}, {"type": "Feature", "properties": {"route": "X33", "route_name": "", "route_id": "87431", "agency": "Arriva Beds and Bucks", "agency_id": "OP58", "geometry_source": "GTFS stop sequence"}, "geometry": {"type": "LineString", "coordinates": [[-0.7736728, 52.0350656], [-0.7675917, 52.0372589], [-0.7622209, 52.0395763], [-0.755994, 52.042253], [-0.7760722, 52.0411595], [-0.7787583, 52.0447838], [-0.7799819, 52.0469724], [-0.781313, 52.0500341], [-0.784458, 52.0529078], [-0.7880244, 52.0563881], [-0.8023161, 52.0651836], [-0.8045977, 52.0644156], [-0.8094537, 52.0622889], [-0.8097485, 52.0632719], [-0.8041528, 52.0646898], [-0.8053353, 52.0673901], [-0.8064691, 52.0752058], [-0.8043988, 52.0778732], [-0.8324201, 52.0928094], [-0.8371669, 52.0927034], [-0.8328491, 52.1127287], [-0.8304893, 52.1152947], [-0.8290297, 52.1152622], [-0.8274258, 52.1140505], [-0.8324943, 52.1184884], [-0.8405621, 52.1238996], [-0.856167668, 52.143670183], [-0.853538678, 52.146458817], [-0.848262304, 52.149311485], [-0.854024991, 52.146301706], [-0.85857807, 52.146561631], [-0.87721383, 52.142406865], [-0.879290547, 52.141176878], [-0.882941748, 52.141840874], [-0.882658309, 52.142656361], [-0.890613801, 52.154765576], [-0.890671994, 52.155952918], [-0.891525065, 52.158689827], [-0.89707997, 52.158103536], [-0.89822558, 52.160254064], [-0.900208994, 52.170531127], [-0.883104463, 52.176218843], [-0.868562594, 52.182198738], [-0.881864686, 52.197672869], [-0.886213629, 52.202218385], [-0.890784681, 52.2049317], [-0.889245747, 52.208549508], [-0.893113159, 52.213108205], [-0.896942977, 52.215670465], [-0.897598076, 52.219362801], [-0.897281777, 52.22267744], [-0.897121716, 52.224411162], [-0.896813264, 52.226224414], [-0.896488005, 52.229305204], [-0.897127112, 52.232466931], [-0.89755082, 52.234278029], [-0.898013832, 52.238642863]]}}, {"type": "Feature", "properties": {"route": "7S", "route_name": "", "route_id": "8752394", "agency": "Arriva Beds and Bucks", "agency_id": "OP58", "geometry_source": "GTFS stop sequence"}, "geometry": {"type": "LineString", "coordinates": [[-0.7736728, 52.0350656], [-0.7649941, 52.0315313], [-0.7617768, 52.0287373], [-0.7592904, 52.0264094], [-0.7530811, 52.0285107], [-0.7468159, 52.0320677], [-0.749845, 52.0337453], [-0.7544013, 52.0360773], [-0.7554032, 52.0425255], [-0.7513898, 52.0442273], [-0.7446353, 52.0490288], [-0.7385545, 52.0505733], [-0.7413111, 52.0552332], [-0.7434993, 52.0572975], [-0.7468994, 52.0608852], [-0.7487759, 52.0647264], [-0.7533458, 52.0656379], [-0.7578713, 52.0644719], [-0.760765, 52.06586], [-0.7637115, 52.0664034], [-0.765611, 52.0652365], [-0.7688652, 52.0662596], [-0.771737, 52.0663345], [-0.7765615, 52.0664926], [-0.7782652, 52.0676791], [-0.786607, 52.0667133], [-0.7892923, 52.0661385], [-0.7931413, 52.0656835], [-0.7978468, 52.0653809], [-0.8045977, 52.0644156], [-0.8094537, 52.0622889]]}}, {"type": "Feature", "properties": {"route": "33", "route_name": "", "route_id": "41022", "agency": "Arriva Beds and Bucks", "agency_id": "OP58", "geometry_source": "GTFS stop sequence"}, "geometry": {"type": "LineString", "coordinates": [[-0.898013832, 52.238642863], [-0.89626301, 52.230112269], [-0.896514367, 52.227651151], [-0.896687163, 52.225405077], [-0.897017093, 52.223906702], [-0.897154785, 52.221894057], [-0.897291797, 52.219908378], [-0.897036064, 52.216048947], [-0.892834909, 52.213114586], [-0.8892939, 52.208379137], [-0.890637483, 52.20496628], [-0.885994638, 52.202198337], [-0.881745633, 52.197752659], [-0.86860076, 52.182423876], [-0.900043752, 52.170709403], [-0.898053522, 52.160117595], [-0.896959052, 52.158264241], [-0.892050539, 52.158721736], [-0.890543371, 52.155834827], [-0.89042695, 52.154637946], [-0.882556715, 52.142628426], [-0.882620338, 52.14183783], [-0.879892911, 52.141047736], [-0.878062618, 52.141776587], [-0.858810238, 52.146626814], [-0.853538678, 52.146458817], [-0.848262304, 52.149311485], [-0.853649494, 52.146127231], [-0.85611107, 52.143597707], [-0.8407732, 52.1242074], [-0.8330315, 52.119168], [-0.8285533, 52.1156081], [-0.8272553, 52.113869], [-0.8293765, 52.1154005], [-0.8313245, 52.1146286], [-0.8326888, 52.1127181], [-0.8369177, 52.0927459], [-0.8323448, 52.0928985], [-0.8027239, 52.0788452], [-0.8063548, 52.0751148], [-0.8045977, 52.0644156], [-0.8094537, 52.0622889], [-0.8107473, 52.0630122], [-0.8152523, 52.0625541], [-0.8189495, 52.0623035], [-0.8230564, 52.0620029], [-0.827405, 52.0585937], [-0.8231148, 52.056447], [-0.8171366, 52.0541754], [-0.8114255, 52.049002], [-0.8091325, 52.0496801], [-0.8104426, 52.0519681], [-0.8103374, 52.0520839], [-0.8050387, 52.0495308], [-0.8021641, 52.0485036], [-0.7861785, 52.0513071], [-0.7866313, 52.049127], [-0.7864784, 52.0461583], [-0.7822414, 52.0443164], [-0.7782886, 52.0448959], [-0.7756181, 52.0412357], [-0.7556489, 52.0410266], [-0.7618155, 52.0394731], [-0.7672009, 52.0371559], [-0.7729759, 52.0344289]]}}, {"type": "Feature", "properties": {"route": "4S", "route_name": "", "route_id": "8752395", "agency": "Arriva Beds and Bucks", "agency_id": "OP58", "geometry_source": "GTFS stop sequence"}, "geometry": {"type": "LineString", "coordinates": [[-0.7339391, 51.9955876], [-0.7371736, 51.9934824], [-0.7430737, 51.9923946], [-0.7481032, 51.9917019], [-0.7536517, 51.9911943], [-0.7619712, 51.9900143], [-0.7665162, 51.9899721], [-0.7637352, 51.9920648], [-0.7593531, 51.9946352], [-0.7572222, 51.9958445], [-0.7550609, 51.9970985], [-0.7517371, 51.9992931], [-0.7504695, 52.0008711], [-0.7498513, 52.0063312], [-0.7489344, 52.0094324], [-0.7481695, 52.010737], [-0.7459657, 52.0160813], [-0.746298, 52.0172267], [-0.75137, 52.0203376], [-0.7570382, 52.0245784], [-0.7530811, 52.0285107], [-0.7445104, 52.032151], [-0.7369481, 52.0361702], [-0.7375542, 52.0394944], [-0.7365225, 52.040922], [-0.7376037, 52.0418776], [-0.7424095, 52.0452018], [-0.750999, 52.0441243], [-0.755766, 52.0420618], [-0.7618155, 52.0394731], [-0.7672009, 52.0371559], [-0.773554, 52.0351453]]}}]}