{"type": "FeatureCollection", "name": "Arriva Herts and Essex", "crs": {"type": "name", "properties": {"name": "urn:ogc:def:crs:OGC:1.3:CRS84"}}, "features": [{"type": "Feature", "properties": {"route": "1X", "route_name": "", "route_id": "10632642", "agency": "Arriva Herts and Essex", "agency_id": "OP50", "geometry_source": "GTFS stop sequence"}, "geometry": {"type": "LineString", "coordinates": [[0.7147508814, 51.5365072583], [0.7224312843, 51.5351959851], [0.7239808115, 51.5338559115], [0.7143514784, 51.5331888404], [0.7039041658, 51.5333133012], [0.6952799966, 51.5345191439], [0.685342161, 51.5357094708], [0.6780453142, 51.5366947663], [0.6778127279, 51.5391193622], [0.6770155649, 51.5456849153], [0.6721187698, 51.5460574101], [0.6647348707, 51.5473136499], [0.6564726074, 51.547860841], [0.6476179127, 51.5483938434], [0.630206324, 51.5483809264], [0.6182658036, 51.5504468152], [0.6106017189, 51.5526412024], [0.6062303575, 51.5538985838], [0.6024936624, 51.5556633404], [0.5995880029, 51.5565731658], [0.5939564839, 51.5542066609], [0.5879945465, 51.5521079912], [0.5806414052, 51.5506511967], [0.5725011505, 51.5459735739], [0.5653053923, 51.5454926593], [0.562801159, 51.543281066], [0.5647685311, 51.537230442], [0.568772024, 51.5345706884], [0.575049697, 51.5328681433], [0.5785163606, 51.5322073912], [0.5796934419, 51.5310932926], [0.5755246375, 51.5287656868], [0.5733093701, 51.5265569625], [0.5697173502, 51.5252417498], [0.5678622506, 51.5227642209], [0.5691726682, 51.5204331887], [0.5718418225, 51.5199609738], [0.5761574375, 51.5200550977], [0.5812253106, 51.5201954591], [0.5859733997, 51.5202886938], [0.5886724196, 51.5203460516], [0.5916619514, 51.520441894], [0.5942437784, 51.5230019084], [0.5979206129, 51.5227586175], [0.6012291904, 51.5226313033], [0.6045617178, 51.520650698], [0.6076079859, 51.5194677923], [0.6107414939, 51.5185526695], [0.6158632175, 51.5183755587], [0.6177636377, 51.5185849633]]}}, {"type": "Feature", "properties": {"route": "2", "route_name": "", "route_id": "115649", "agency": "Arriva Herts and Essex", "agency_id": "OP50", "geometry_source": "GTFS stop sequence"}, "geometry": {"type": "LineString", "coordinates": [[-0.447911378734304, 51.742429470191055], [-0.450263575471299, 51.74268530620354], [-0.446709138516399, 51.74074110150248], [-0.448234140384477, 51.73808167243777], [-0.452218187398485, 51.73465435935512], [-0.456039897261437, 51.732573559055865], [-0.460223624731465, 51.73559576253708], [-0.462019155475997, 51.73730974176845], [-0.46565371719374, 51.73989294927389], [-0.468292781736944, 51.74108732053817], [-0.471304000244552, 51.74327557435817], [-0.473981411857074, 51.746781213529296], [-0.473738050666018, 51.748414565434125], [-0.472429120615024, 51.752003281237286], [-0.472717476482068, 51.754192039847325], [-0.472846177479619, 51.75681932144735], [-0.470107467688882, 51.758114496046936], [-0.466640431604914, 51.75866278001591], [-0.462373643769471, 51.76014464397885], [-0.463098690734184, 51.76183559538276], [-0.461337996617958, 51.76460901574279], [-0.461149935306598, 51.76545178422215], [-0.458767513546845, 51.76647261429676], [-0.457504989670999, 51.77034950817564], [-0.458462303786322, 51.772879770562845], [-0.455828838381057, 51.77402313520205], [-0.453293092476725, 51.7735761774486], [-0.448953837834231, 51.77288958004794], [-0.447378729215339, 51.771484048499225], [-0.44256906486474, 51.77352451277508], [-0.436866592506121, 51.77538206942396], [-0.434779026769551, 51.77748535534953]]}}, {"type": "Feature", "properties": {"route": "510", "route_name": "", "route_id": "12688", "agency": "Arriva Herts and Essex", "agency_id": "OP50", "geometry_source": "GTFS stop sequence"}, "geometry": {"type": "LineString", "coordinates": [[0.2634314367, 51.8891685471], [0.2491035746, 51.8804688214], [0.2418951376, 51.8783942691], [0.2367577398, 51.8750029784], [0.2138566441, 51.8737276627], [0.215983985, 51.8812412843], [0.207004954, 51.894305263], [0.2023550239, 51.8955164563], [0.1987282765, 51.8947659816], [0.1932931206, 51.892394518], [0.1866023826, 51.8940837448], [0.1848071668, 51.8900345417], [0.17714869146153, 51.88583318002028], [0.168847303642097, 51.885150227037244], [0.165655779664619, 51.88284402379613], [0.16318857910637, 51.88109093907966], [0.159475837330231, 51.87759816586572], [0.158701236244472, 51.87507652754953], [0.161760309765909, 51.87161222718695], [0.163652861574299, 51.86927537285433], [0.163545349361375, 51.867640731181936], [0.160812475490598, 51.86729530202672], [0.162565532662075, 51.864475434870485], [0.163396583773302, 51.86363284944243], [0.164402825715828, 51.86069179932913], [0.16434229648967, 51.85912823106912], [0.163455570682778, 51.85578137736283], [0.161498998894677, 51.85192363040375], [0.160147131266693, 51.84855832160933], [0.157433711641752, 51.84161201571945], [0.156615578797059, 51.83785918934122], [0.155973882545713, 51.83020039757623], [0.153519340166532, 51.824688040886116], [0.149903049439381, 51.819142926894955], [0.14878336691777, 51.81604301191913], [0.14762166865128, 51.81327657463413], [0.145835989304577, 51.81050353156457], [0.141141989632419, 51.80696515225227], [0.136232238517624, 51.80314275060743], [0.132602720889826, 51.79969259742135], [0.1329896897, 51.7925275813], [0.1331198274, 51.7900612821], [0.1329737943, 51.7860442945], [0.1326330484, 51.7822016949], [0.1309913614, 51.7796686127], [0.125743628, 51.778441746], [0.1217355019, 51.7770573883], [0.1145835925, 51.7766377382], [0.1102509428, 51.7763649029], [0.1032405869, 51.7746201311], [0.0985957898, 51.7732373892], [0.0942468297, 51.7722898239]]}}, {"type": "Feature", "properties": {"route": "7", "route_name": "", "route_id": "28480", "agency": "Arriva Herts and Essex", "agency_id": "OP50", "geometry_source": "GTFS stop sequence"}, "geometry": {"type": "LineString", "coordinates": [[0.8243231858, 51.5530041391], [0.8218994864, 51.551839324], [0.8183730587, 51.5522029403], [0.810094447, 51.5529412443], [0.8056353902, 51.5529220983], [0.8005684779, 51.5531061708], [0.7976956052, 51.5533096515], [0.7922329423, 51.5536287166], [0.7891899829, 51.5536471681], [0.7874683019, 51.5519163277], [0.7863644238, 51.5463664102], [0.7833948829, 51.544035591], [0.7842709158, 51.5418472887], [0.7815526371, 51.5396093902], [0.7801941237, 51.5369614579], [0.780108018, 51.5334199429], [0.7763035853, 51.5322779369], [0.7715132308, 51.5315188694], [0.7690962393, 51.531135281], [0.7683800639, 51.5352533567], [0.7668369561, 51.5364409827], [0.7626275818, 51.5369449539], [0.754683243, 51.5379323021], [0.7493695253, 51.5385426766], [0.7439621619, 51.5375990844], [0.740128558, 51.5359619364], [0.7360502212, 51.5357693715], [0.7326482213, 51.5355519112], [0.7288558125, 51.5353164577], [0.7252341918, 51.5352837676], [0.7224099138, 51.5350795632], [0.714633531, 51.5364740004], [0.7141100073, 51.5385816474], [0.7137832381, 51.5403609653], [0.7121542107, 51.5413429902], [0.7075841177, 51.5452619152], [0.7042857337, 51.5492322774], [0.7024299222, 51.5505341685], [0.6971654484, 51.5522562316], [0.6933006605, 51.5525249251], [0.6869571868, 51.5530841409], [0.6936665183, 51.5531011084], [0.6943296566, 51.5552893145], [0.6955370627, 51.5578967029], [0.6958216676, 51.5592931671], [0.6960790062, 51.5609600661], [0.6970417554, 51.563330235], [0.7013105562, 51.5657232295], [0.7061920048, 51.5691901672], [0.7068704068, 51.5740490604], [0.7072937777, 51.5792286108], [0.7067502753, 51.5822270351], [0.7020975917, 51.5826400848], [0.7002315274, 51.5862265343], [0.6986000097, 51.5906079846], [0.6973677463, 51.5946654523], [0.6969022305, 51.596312987], [0.6962165354, 51.5983882779], [0.6946898721, 51.6011394131], [0.6933916714, 51.6038493071], [0.6922986618, 51.6058799589], [0.6903028683, 51.6090105298], [0.6858682259, 51.6136538698], [0.6842040958, 51.6143394857], [0.6795586222, 51.6146884894], [0.6751553557, 51.6122797677], [0.6703824712, 51.6089799441], [0.6671772446, 51.6067864816], [0.6631998319, 51.6052130292], [0.6611016902, 51.6039116082], [0.6584817442, 51.6005984346], [0.6554632305, 51.6015841306]]}}, {"type": "Feature", "properties": {"route": "SB1", "route_name": "", "route_id": "57061", "agency": "Arriva Herts and Essex", "agency_id": "OP50", "geometry_source": "GTFS stop sequence"}, "geometry": {"type": "LineString", "coordinates": [[-0.205009233378077, 51.90113230472668], [-0.200770492430218, 51.899170281042025], [-0.193886960502184, 51.8993795476222], [-0.174357166685011, 51.899599705361744], [-0.167680643186272, 51.90186081275122], [-0.165767412158993, 51.90422286188519], [-0.16756008557674, 51.906966354212464], [-0.171472520992246, 51.909428054766934], [-0.170984921618029, 51.913556761001324], [-0.169094655125712, 51.91570341283836], [-0.165803126639912, 51.91619167535546], [-0.162493839367905, 51.916400819250605], [-0.159690689225595, 51.915610689848656], [-0.163232293300994, 51.91291448753509], [-0.162160706735659, 51.91102743651673], [-0.159408664551328, 51.910417934546025], [-0.156427554842525, 51.909013488619195], [-0.157815142890775, 51.906013925583], [-0.160135876861607, 51.89902752252278], [-0.160847713254841, 51.895477837215], [-0.157660991911606, 51.88952925808469], [-0.160167415667559, 51.88758125238895]]}}, {"type": "Feature", "properties": {"route": "1", "route_name": "", "route_id": "115524", "agency": "Arriva Herts and Essex", "agency_id": "OP50", "geometry_source": "GTFS stop sequence"}, "geometry": {"type": "LineString", "coordinates": [[0.6004633238, 51.5893528825], [0.6056695298, 51.5864763792], [0.6084481618, 51.5870981322], [0.6066407713, 51.5857892879], [0.6037273779, 51.584828733], [0.6015015398, 51.5837719205], [0.5999665284, 51.581665512], [0.5993938234, 51.5779549185], [0.5980876409, 51.5760592579], [0.5955212447, 51.5728154772], [0.5949106544, 51.5699510835], [0.5868438222, 51.5689421278], [0.5813201399, 51.5687490438], [0.5767588115, 51.5682197937], [0.5770016347, 51.5656243537], [0.5777524347, 51.5623162619], [0.5826052432, 51.561633931], [0.5869211345, 51.560900287], [0.592703062, 51.5603229478], [0.5969842805, 51.559238952], [0.5985583216, 51.5582507818], [0.6007015506, 51.5568722442], [0.6074843669, 51.554131522], [0.6133746587, 51.5516890895], [0.6189449971, 51.5504676242], [0.6212521267, 51.5502002367], [0.6266533227, 51.54905413], [0.631752455, 51.5484271822], [0.6375897807, 51.5478463659], [0.6441330288, 51.548247628], [0.6476396218, 51.5485192631], [0.6512895711, 51.5485267394], [0.6563497593, 51.5479805402], [0.6607191476, 51.5477106103], [0.6653996231, 51.5473345175], [0.6690257972, 51.546937269], [0.6737925644, 51.5458213999], [0.6781758643, 51.5457933267], [0.6837083624, 51.545684834], [0.6885497134, 51.5448634431], [0.69306081, 51.5435817661], [0.6963959331, 51.5421740671], [0.6995238889, 51.540681104], [0.701776708, 51.5399996641], [0.7047590968, 51.5404345562], [0.7120032358, 51.5412295642], [0.7141004776, 51.5391484699], [0.7156377747, 51.5356593026]]}}, {"type": "Feature", "properties": {"route": "2", "route_name": "", "route_id": "115649", "agency": "Arriva Herts and Essex", "agency_id": "OP50", "geometry_source": "GTFS stop sequence"}, "geometry": {"type": "LineString", "coordinates": [[-0.434779026769551, 51.77748535534953], [-0.436977707186202, 51.77971760253461], [-0.4426866467016, 51.77979336373058], [-0.44417124969869, 51.77793373204729], [-0.441803017654631, 51.77598711107617], [-0.442868408382164, 51.77324973178128], [-0.447528842636885, 51.77133317014249], [-0.449109188148554, 51.77258590800284], [-0.453253623497647, 51.77345876467474], [-0.457224671095133, 51.77432020717611], [-0.457953524626346, 51.77207282743548], [-0.457062865058218, 51.76971427957643], [-0.45672643584924, 51.767255099241964], [-0.461139117360196, 51.765343740883], [-0.461395812380597, 51.764187157356155], [-0.462777735807686, 51.76232594832841], [-0.462213103150116, 51.76017851111232], [-0.465333599238826, 51.75874463536348], [-0.469819023477087, 51.758074774245124], [-0.472616651641008, 51.7563217895432], [-0.472281355561308, 51.75337710883868], [-0.472245794577067, 51.751425422128406], [-0.473683402411396, 51.74874655320307], [-0.473816383834508, 51.74694991541759], [-0.471292996770726, 51.744030745079556], [-0.468858409239596, 51.74192193980639], [-0.466283407063875, 51.740116972554915], [-0.46221328073541, 51.737564053806594], [-0.459423376543113, 51.73527955190972], [-0.454529929539488, 51.73268858943486], [-0.451507127541674, 51.73554417867245], [-0.447848209983573, 51.73877794128897], [-0.446733478069637, 51.74045368366574], [-0.447911378734304, 51.742429470191055]]}}, {"type": "Feature", "properties": {"route": "301", "route_name": "", "route_id": "7640", "agency": "Arriva Herts and Essex", "agency_id": "OP50", "geometry_source": "GTFS stop sequence"}, "geometry": {"type": "LineString", "coordinates": [[-0.212554883352898, 51.923061438875735], [-0.214812830086871, 51.922232489706126], [-0.210490909088525, 51.91571969158927], [-0.208326320240566, 51.912018074713615], [-0.205531747214804, 51.9080820122422], [-0.205066266646378, 51.90116015036039], [-0.199912216574873, 51.89227834522639], [-0.197327119974508, 51.888965711373366], [-0.193630698850498, 51.885474105722764], [-0.190329240499241, 51.88265385762892], [-0.18726234264363, 51.87148360510384], [-0.184183861384808, 51.86712897956233], [-0.18337521884487, 51.861964095902664], [-0.183532422202235, 51.85914304297036], [-0.181978136320842, 51.8548298557364], [-0.18112909762347, 51.852838492773785], [-0.185451939635199, 51.84752804922398], [-0.18860553574511, 51.8456433800331], [-0.193088748788635, 51.84208856717652], [-0.201726093728075, 51.8380846316707], [-0.211887387656415, 51.83294328235331], [-0.214258750306498, 51.83133378053077], [-0.214531588245752, 51.827003786945575], [-0.214908277457677, 51.82518413193171], [-0.213522783896241, 51.824992244997794], [-0.210707446510146, 51.827925792167626], [-0.203889009942608, 51.82458473329171], [-0.202469620057641, 51.82123600373281], [-0.209913211154269, 51.819407276642345], [-0.209294495005426, 51.81744659152816], [-0.202631172900303, 51.814989024280436], [-0.203521349317231, 51.81230502209154], [-0.204846269120729, 51.808899296904244], [-0.206251442221487, 51.80492828282569], [-0.204203170406151, 51.80245118471828], [-0.203764442658855, 51.803271749997876], [-0.199852106823018, 51.80244759255344], [-0.194441157507913, 51.800656134953954], [-0.18989370284175, 51.798679897313924], [-0.185599397612706, 51.79582616563001], [-0.180336231669216, 51.794719726816915], [-0.17725404809252, 51.79095825349332], [-0.177267821429044, 51.78737961827619], [-0.179953464764351, 51.78549692202911], [-0.183235651951941, 51.78499917447961], [-0.18805787345586, 51.78405749469361], [-0.191599956578612, 51.783581504234526], [-0.197020831670022, 51.78397949201791], [-0.203798736398467, 51.78562089116205], [-0.204314377923391, 51.77446062557825], [-0.208523919096089, 51.7706492740149], [-0.211341181123852, 51.76867795396193], [-0.215638038504977, 51.76372568607792], [-0.217344344888855, 51.76198013908143], [-0.221602881177392, 51.76276401590679], [-0.227721504700065, 51.761939243983726], [-0.233373675533174, 51.76117908090318], [-0.235792201098773, 51.76010039277624], [-0.240746958385576, 51.75975203284664], [-0.244348439156837, 51.76066912049144], [-0.252453633075853, 51.759414127092704], [-0.257648607475518, 51.75846616054013], [-0.270344229016944, 51.75460726577785], [-0.275856303488491, 51.75291682697409], [-0.279702431928178, 51.7519750719116], [-0.284448004313388, 51.75137902867477], [-0.293353262045555, 51.751499687349884], [-0.296380454432067, 51.75190328610688], [-0.300680272237104, 51.751983517850896], [-0.304701972747776, 51.75252716430815], [-0.310970700260825, 51.75187108378902], [-0.314152589470562, 51.75201567912973], [-0.317946790055261, 51.75244770410686], [-0.324521737143279, 51.75173233980593], [-0.326993680314893, 51.750310853854934], [-0.33466062611003, 51.75416039467849], [-0.336513173220639, 51.7542136045401]]}}, {"type": "Feature", "properties": {"route": "510", "route_name": "", "route_id": "12688", "agency": "Arriva Herts and Essex", "agency_id": "OP50", "geometry_source": "GTFS stop sequence"}, "geometry": {"type": "LineString", "coordinates": [[0.0942468297, 51.7722898239], [0.1017407077, 51.7741613696], [0.1051048344, 51.7754320463], [0.1085955596, 51.7763046883], [0.1159990676, 51.776837075], [0.1228092999, 51.7773887055], [0.1257342113, 51.7785498261], [0.131215835, 51.7798174149], [0.1325005574, 51.7821591364], [0.1328532355, 51.7859475649], [0.1327107632, 51.7899967649], [0.1328071917, 51.7929625314], [0.132197886731976, 51.79941218219396], [0.135409249370625, 51.80260916270139], [0.140660292797018, 51.80690198466623], [0.145147896655073, 51.81006646560214], [0.147062668496526, 51.812504440240694], [0.14863715651075, 51.81632445037387], [0.149714582093916, 51.819146372985365], [0.153393560944005, 51.82478926156228], [0.154352381245968, 51.82876434780037], [0.156886048214709, 51.83926604235045], [0.157349034176211, 51.842270017318306], [0.159794546274415, 51.84816913029213], [0.161889095548096, 51.85309446874784], [0.163379866930655, 51.856322315712546], [0.164080962607063, 51.85882729738824], [0.16402800424432, 51.86135514334204], [0.163509364351414, 51.86295634343219], [0.162062785322012, 51.86459258643508], [0.160614508349463, 51.86649861406018], [0.161987258712114, 51.86937793866573], [0.161620769013083, 51.87173169290807], [0.158537263676322, 51.87498961262813], [0.159613065681305, 51.87803627395699], [0.162600125585223, 51.880939895503076], [0.165358082427581, 51.88269663316058], [0.169331174081762, 51.88524022159887], [0.174202024289238, 51.884997428674914], [0.176132146398028, 51.88554624687963], [0.1837276084, 51.8896499271], [0.1866260647, 51.8942721453], [0.192290322, 51.8923952244], [0.1986296975, 51.8948307709], [0.2022401696, 51.8955455836], [0.2070229975, 51.894376864], [0.2158590778, 51.8813605394], [0.2136420653, 51.8740914003], [0.2377690303, 51.8757660918], [0.2422455389, 51.8787203132], [0.2488373497, 51.8803749936], [0.2634314367, 51.8891685471]]}}, {"type": "Feature", "properties": {"route": "101", "route_name": "", "route_id": "18315", "agency": "Arriva Herts and Essex", "agency_id": "OP50", "geometry_source": "GTFS stop sequence"}, "geometry": {"type": "LineString", "coordinates": [[-0.37527, 51.87932], [-0.37742, 51.87654], [-0.38266, 51.87604], [-0.38485, 51.87489], [-0.39295, 51.87365], [-0.39674, 51.87433], [-0.40047, 51.87538], [-0.41472, 51.88203], [-0.41009, 51.88265], [-0.40764, 51.88485], [-0.40359, 51.88866], [-0.4025, 51.89057], [-0.40126, 51.8931], [-0.40193, 51.8952], [-0.39983, 51.89859], [-0.39826, 51.90167], [-0.39309, 51.90584], [-0.38759, 51.90969], [-0.372391580056912, 51.92232300342129], [-0.365808188483624, 51.92220481119151], [-0.350872967123744, 51.92856044615951], [-0.341385149854866, 51.93027043936862], [-0.287243461045768, 51.94606689797091], [-0.283183388086467, 51.949892191102606], [-0.280421878847175, 51.94980692999546], [-0.276383335017196, 51.94963098065864], [-0.275006665719966, 51.94796532774556], [-0.27590721262607, 51.94573058210298], [-0.272607395285616, 51.94072775129631], [-0.264609999664724, 51.939486156715], [-0.259499572865843, 51.93771126232732], [-0.212554883352898, 51.923061438875735], [-0.208549475934684, 51.91919698438016], [-0.208645249999951, 51.916060280385686], [-0.208326320240566, 51.912018074713615], [-0.205531747214804, 51.9080820122422], [-0.205742947556378, 51.90132333210855]]}}, {"type": "Feature", "properties": {"route": "1", "route_name": "", "route_id": "115715", "agency": "Arriva Herts and Essex", "agency_id": "OP50", "geometry_source": "GTFS stop sequence"}, "geometry": {"type": "LineString", "coordinates": [[0.0944028145, 51.7722151048], [0.0908485087, 51.7712082889], [0.0907248119, 51.7688454765], [0.0883421088, 51.7630697262], [0.0885072665, 51.7600543195], [0.0912661197, 51.7548435839], [0.0883746134, 51.7534112496], [0.0789125181, 51.7524459771], [0.0698220925, 51.7532628944], [0.0699710189, 51.7504995917], [0.0720115928, 51.7495014366], [0.0735520156, 51.7486559514], [0.0736293516, 51.7468650889], [0.0724459497, 51.7491790412], [0.0702093081, 51.7503245374], [0.0704815472, 51.7556432657], [0.0731219857, 51.7569815498], [0.0711117062, 51.7580151568], [0.0679312453, 51.7572258776], [0.0677885793, 51.7547374841], [0.0699461271, 51.7534405584], [0.078988616, 51.7525255629], [0.0892416124, 51.7536746048], [0.0907281099, 51.7557434111], [0.0886962187, 51.7591247384], [0.0896925774, 51.7637561243], [0.0910638048, 51.7670859182], [0.0912768695, 51.7716952519], [0.0944028145, 51.7722151048]]}}, {"type": "Feature", "properties": {"route": "723", "route_name": "", "route_id": "8647070", "agency": "Arriva Herts and Essex", "agency_id": "OP50", "geometry_source": "GTFS stop sequence"}, "geometry": {"type": "LineString", "coordinates": [[0.2634314367, 51.8891685471], [0.2491035746, 51.8804688214], [0.2418951376, 51.8783942691], [0.2367577398, 51.8750029784], [0.2138566441, 51.8737276627], [0.1543209399, 51.7870398213], [0.1457946755, 51.7842822138], [0.1309913614, 51.7796686127], [0.125743628, 51.778441746], [0.1217355019, 51.7770573883], [0.1145835925, 51.7766377382], [0.1102509428, 51.7763649029], [0.1032405869, 51.7746201311], [0.0985957898, 51.7732373892], [0.0944371887, 51.772331394]]}}, {"type": "Feature", "properties": {"route": "3", "route_name": "", "route_id": "10325273", "agency": "Arriva Herts and Essex", "agency_id": "OP50", "geometry_source": "GTFS stop sequence"}, "geometry": {"type": "LineString", "coordinates": [[0.9011358524, 51.8872362335], [0.896194233, 51.8883653267], [0.9008218594, 51.8898071571], [0.9057442205, 51.8899554389], [0.9093936351, 51.8899731299], [0.9137703769, 51.8899996691], [0.9176602287, 51.8908115791], [0.9207254572, 51.892129502], [0.9224763181, 51.8924547425], [0.92474126, 51.8937564737], [0.9286475785, 51.895260126], [0.9319153379, 51.8963298896], [0.9358066303, 51.8971501641], [0.9383997764, 51.8958982355], [0.9374786292, 51.8942574197], [0.9370614331, 51.8916506823]]}}, {"type": "Feature", "properties": {"route": "20", "route_name": "", "route_id": "52774", "agency": "Arriva Herts and Essex", "agency_id": "OP50", "geometry_source": "GTFS stop sequence"}, "geometry": {"type": "LineString", "coordinates": [[-0.490582358634657, 51.74285934735219], [-0.486140911896776, 51.74313492045342], [-0.479238385146626, 51.74423273043472], [-0.474269485391726, 51.74682991253031], [-0.473738050666018, 51.748414565434125], [-0.472434808242229, 51.752264117882746], [-0.472717476482068, 51.754192039847325], [-0.467186793761587, 51.755792524796476], [-0.459435361796856, 51.755367481036814], [-0.453203034687909, 51.75670634109678], [-0.446585169656952, 51.75786893274511], [-0.446896646890475, 51.76019294171968], [-0.447912020420056, 51.763964937286445], [-0.446168521826922, 51.76620784387033], [-0.441661275348908, 51.764952266315866], [-0.438460998322158, 51.760683634379546], [-0.438740785868886, 51.75929361564382], [-0.437148859622261, 51.75545991803124], [-0.435461031360581, 51.750635814479516], [-0.43274969634502, 51.748189873430896], [-0.427631189524604, 51.744992338296505], [-0.421530297047989, 51.740495545361036], [-0.417790883051358, 51.733935131163655], [-0.414095970592426, 51.72902969767238], [-0.411815620598963, 51.72551003850543], [-0.410358948191424, 51.721219179677675], [-0.412055650211712, 51.71576603781617], [-0.414073958925732, 51.708968419747805], [-0.411540539896221, 51.70402459514704], [-0.404986249634561, 51.70192159941509], [-0.401922814985509, 51.70097178168195], [-0.395422824188341, 51.698994872810054], [-0.39493347335277, 51.69687507468728], [-0.398545209455461, 51.696627629026494], [-0.402519522373757, 51.69594439687694], [-0.406789910965443, 51.69506722315338], [-0.402115593463577, 51.69426639730813], [-0.400033717555853, 51.692988177865175], [-0.402847154517697, 51.69156976187887], [-0.405545413007332, 51.6917772627142], [-0.408230140220746, 51.69237117266266], [-0.409804039986679, 51.6908099017701], [-0.412867264879876, 51.68720058820433], [-0.41463921010656, 51.68658608534472], [-0.417791645377311, 51.682887928527656], [-0.418851022455917, 51.68154440518159], [-0.41489917359054, 51.680385132065524], [-0.410600254439147, 51.6788163897568], [-0.408541483818108, 51.6773048366077], [-0.405396105445984, 51.67585043584331], [-0.402542528255101, 51.6730960784557], [-0.40074341744771, 51.670796619302166], [-0.397774806009869, 51.66804057438595], [-0.398707750846208, 51.6657783181812], [-0.396123128357449, 51.663216294171114], [-0.396935282654453, 51.659459724775594], [-0.395058535956357, 51.656925316799466], [-0.396903953778616, 51.655430868535426], [-0.40153682013479, 51.654828607353124], [-0.400931690490032, 51.65148432620514], [-0.403939795101114, 51.64979877754995], [-0.40759868007841, 51.648922269583615], [-0.410232225728233, 51.649668320889106], [-0.4143592684423, 51.64862709115324], [-0.41761693365465, 51.64639605074419]]}}, {"type": "Feature", "properties": {"route": "1", "route_name": "", "route_id": "115566", "agency": "Arriva Herts and Essex", "agency_id": "OP50", "geometry_source": "GTFS stop sequence"}, "geometry": {"type": "LineString", "coordinates": [[0.9370614331, 51.8916506823], [0.9399818488, 51.8925220415], [0.9429416163, 51.890658265], [0.9455036926, 51.890495187], [0.9462695562, 51.8893158149], [0.9431964329, 51.8874411419], [0.9419788399, 51.8868240656], [0.9386397273, 51.8859902039], [0.9371709008, 51.8873129975], [0.9366038164, 51.8893147627], [0.9369424087, 51.8916086866], [0.9372278108, 51.8942007289], [0.9384248405, 51.8960594953], [0.9363064099, 51.8970117752], [0.9313404342, 51.895984475], [0.9276140471, 51.8947912094], [0.9234441779, 51.8930332598], [0.9202691686, 51.8920419038], [0.9176213125, 51.8906596528], [0.9108262338, 51.8898747223], [0.9048944248, 51.8898505234], [0.9011358524, 51.8872362335], [0.897902722, 51.8875857613], [0.8941843984, 51.8876233727], [0.8913602862, 51.885516396], [0.8890693079, 51.884466493], [0.8854555333, 51.8827295261], [0.8814379285, 51.8812631603], [0.8765572149, 51.8787925097], [0.8739657009, 51.878487142], [0.8698368239, 51.8764025495], [0.8679608035, 51.8756928629]]}}, {"type": "Feature", "properties": {"route": "100", "route_name": "", "route_id": "97161", "agency": "Arriva Herts and Essex", "agency_id": "OP50", "geometry_source": "GTFS stop sequence"}, "geometry": {"type": "LineString", "coordinates": [[-0.41472, 51.88203], [-0.41009, 51.88265], [-0.40764, 51.88485], [-0.40359, 51.88866], [-0.4025, 51.89057], [-0.40126, 51.8931], [-0.40193, 51.8952], [-0.39983, 51.89859], [-0.39826, 51.90167], [-0.39309, 51.90584], [-0.38759, 51.90969], [-0.38679, 51.91187], [-0.287243461045768, 51.94606689797091], [-0.283183388086467, 51.949892191102606], [-0.280421878847175, 51.94980692999546], [-0.276383335017196, 51.94963098065864], [-0.275006665719966, 51.94796532774556], [-0.271539524891143, 51.94655672005481], [-0.268502271282232, 51.94494752174251], [-0.266646189692699, 51.942897060902034], [-0.263986460747974, 51.94018731299988], [-0.259499572865843, 51.93771126232732], [-0.212554883352898, 51.923061438875735], [-0.208549475934684, 51.91919698438016], [-0.208645249999951, 51.916060280385686], [-0.208326320240566, 51.912018074713615], [-0.205531747214804, 51.9080820122422], [-0.205742947556378, 51.90132333210855]]}}, {"type": "Feature", "properties": {"route": "323", "route_name": "", "route_id": "86897", "agency": "Arriva Herts and Essex", "agency_id": "OP50", "geometry_source": "GTFS stop sequence"}, "geometry": {"type": "LineString", "coordinates": [[-0.201665011901977, 51.81192595746802], [-0.197721540547808, 51.811137226251034], [-0.195286107185833, 51.810731198618726], [-0.192713404021292, 51.81158189521993], [-0.190286766406329, 51.81276748936438], [-0.188398286433478, 51.812468648302335], [-0.185675247900793, 51.81091600081689], [-0.184578482020169, 51.81329994774749], [-0.188809989503093, 51.81377883572605], [-0.190112785391063, 51.81276481156924], [-0.193206575675037, 51.811220800917305], [-0.194142790261249, 51.81429247316171], [-0.200591260661925, 51.815937956126035], [-0.202510234824571, 51.81255933057046], [-0.204846269120729, 51.808899296904244], [-0.206251442221487, 51.80492828282569], [-0.204203170406151, 51.80245118471828], [-0.203764442658855, 51.803271749997876], [-0.199852106823018, 51.80244759255344], [-0.199902407757662, 51.79936409305295], [-0.201068691131847, 51.7970260285874], [-0.202776441047649, 51.79456135017127], [-0.203821825536247, 51.789784564725494], [-0.20620736189052, 51.78630509594437], [-0.202155472851506, 51.78537996265595], [-0.19562218881553, 51.78378718336811], [-0.191177616867975, 51.78362895896956], [-0.187509968974509, 51.78470547000977], [-0.184874647528471, 51.788594346947285], [-0.182661684318381, 51.78954029463858], [-0.178479276486305, 51.79041973463192], [-0.176226261606807, 51.790555654298785], [-0.171797011322486, 51.79072065322852], [-0.109046985755819, 51.80301847356074], [-0.104354979087114, 51.80457049543141], [-0.101976273114497, 51.80284159452938], [-0.101778182334818, 51.79996090664731], [-0.100588149184108, 51.79894355695982], [-0.098803212910386, 51.798968658988954], [-0.091863401289301, 51.79948568105362], [-0.088653982103197, 51.797527206510765], [-0.082695954074291, 51.796441050754275], [-0.079852018111522, 51.79681726846792], [-0.076492346674306, 51.79772451214325], [-0.072567388205842, 51.798280690751184], [-0.065479032860707, 51.79887465008703], [-0.061025386867729, 51.79991631530166], [-0.052352266779376, 51.802272788681336], [-0.046949129097274, 51.80412547493161], [-0.044367384814369, 51.804792944486934], [-0.038337000998778, 51.807713870157876], [-0.030344511998876, 51.808371562642904], [-0.029391274627023, 51.810936360827824], [-0.028373675247324, 51.813311234882676], [-0.025591461621456, 51.816222992244164]]}}, {"type": "Feature", "properties": {"route": "66", "route_name": "", "route_id": "5657", "agency": "Arriva Herts and Essex", "agency_id": "OP50", "geometry_source": "GTFS stop sequence"}, "geometry": {"type": "LineString", "coordinates": [[0.0550361974, 51.6419525213], [0.0597493754, 51.6435785154], [0.06381598, 51.6449638974], [0.0684044677, 51.6482823439], [0.0725534838, 51.6482901096], [0.0777394015, 51.6469484798], [0.0801706948, 51.6476428207], [0.0783825951, 51.6499496134], [0.0717216644, 51.6541409738], [0.0700076241, 51.6552323283], [0.0679098476, 51.6558358248], [0.0669974356, 51.6592960425], [0.0659425944, 51.6624889797], [0.0643275181, 51.6679938474], [0.0602368868, 51.6753676268], [0.0532164411, 51.6758862516], [0.0424126189, 51.6784756436], [0.0389389246, 51.678428094], [0.0306920088, 51.6796770599], [0.0253330905, 51.6811454487], [0.0238938172, 51.6839039727], [0.0213591273, 51.6851346305], [0.0177213368, 51.6840101782], [0.0138782585, 51.6851012796], [0.0077104247, 51.6869514128], [0.0047515285, 51.6864534164], [0.0013089191, 51.6864671659], [-0.0004062427, 51.685956833], [-0.003763324, 51.6865984481], [-0.0089570377, 51.6869294036], [-0.013872469212281, 51.68634718044007], [-0.020067430450883, 51.685615481515754], [-0.027569515527897, 51.68542697528258], [-0.031124614571783, 51.6855136021851], [-0.033851357924711, 51.69036121877051], [-0.03448433271596, 51.69244905460663], [-0.034683859789639, 51.69619322531111], [-0.035201123164552, 51.701957000456666], [-0.041914684356624, 51.7026625982893], [-0.048082545129772, 51.701928959739774], [-0.049356118457094, 51.70630241426565], [-0.049739265072838, 51.70883562563285], [-0.050144810426447, 51.711522076097175], [-0.04780742421982, 51.71336265730449], [-0.041627231552183, 51.71468058697632], [-0.036396974249267, 51.71712013393477], [-0.04281758417291, 51.71426879130607], [-0.050890326746476, 51.71303616841313], [-0.057340723397201, 51.715534970429495], [-0.063471258362994, 51.71808209464663], [-0.068392798261511, 51.71945800720978], [-0.072188924134251, 51.720068889092744], [-0.076540231159187, 51.7212462604597], [-0.078880627002409, 51.72273231202459]]}}, {"type": "Feature", "properties": {"route": "9", "route_name": "", "route_id": "41029", "agency": "Arriva Herts and Essex", "agency_id": "OP50", "geometry_source": "GTFS stop sequence"}, "geometry": {"type": "LineString", "coordinates": [[0.6004633238, 51.5893528825], [0.6056695298, 51.5864763792], [0.6084481618, 51.5870981322], [0.6066407713, 51.5857892879], [0.6082340817, 51.5836134335], [0.6141064528, 51.581045495], [0.6195504326, 51.579071399], [0.6263454394, 51.5772556684], [0.629371419, 51.5766662574], [0.6363095171, 51.5743430981], [0.6390309551, 51.5729868366], [0.6454574609, 51.5708185312], [0.6510026922, 51.5698839167], [0.6529727116, 51.5705048977], [0.6531991623, 51.5726582254], [0.6583343306, 51.5728567329], [0.6651261178, 51.5717672826], [0.6674722077, 51.5711653455], [0.6691601046, 51.5711539288], [0.6705488189, 51.5714550812], [0.6738037015, 51.5710931354], [0.6751662222, 51.5699648515], [0.6759180894, 51.5687605483], [0.6761735869, 51.5674596432], [0.6796363835, 51.5669578845], [0.6796957616, 51.5667406818], [0.6818653139, 51.5641279199], [0.6910083928, 51.5657442031], [0.6952382423, 51.5657729899], [0.6998223498, 51.5666658517], [0.7019120549, 51.5658892471], [0.6966171807, 51.5622517691], [0.7021227516, 51.5623858708], [0.703540451, 51.5600148542], [0.7016900475, 51.5572784604], [0.7014175564, 51.5558457551], [0.7012929522, 51.5539869415], [0.7026378579, 51.5518514429], [0.7056404561, 51.5479958799], [0.7087503202, 51.5442546735], [0.7119019001, 51.5414657433], [0.7141004776, 51.5391484699], [0.7147508814, 51.5365072583], [0.7179152016, 51.5351568517], [0.7224312843, 51.5351959851], [0.7239808115, 51.5338559115], [0.7270104771, 51.5317079425], [0.7297380382, 51.5307810779], [0.7331909568, 51.5301700102], [0.7370285439, 51.5299635726], [0.7404722604, 51.5301619399], [0.7454556338, 51.5303061774], [0.7481496841, 51.5300272145], [0.7520727934, 51.5295664536], [0.7567649479, 51.5287097431], [0.7595998217, 51.5281394035], [0.7682121003, 51.526308508], [0.7696654773, 51.5276862091], [0.7737344495, 51.5277339195], [0.7779916921, 51.5277950154], [0.7819245179, 51.5277377414], [0.7829484686, 51.5310501449], [0.7812185991, 51.5331867475], [0.7800498997, 51.5364882062], [0.7815586635, 51.539708179], [0.7868842622, 51.5400044336], [0.7896396971, 51.5404875343], [0.7937664278, 51.5388693285], [0.8002575731, 51.5384176921], [0.7995013082, 51.5352609286], [0.797785224, 51.5326756908], [0.7956782915, 51.5302976131], [0.797194077, 51.5284447058]]}}, {"type": "Feature", "properties": {"route": "8", "route_name": "", "route_id": "115695", "agency": "Arriva Herts and Essex", "agency_id": "OP50", "geometry_source": "GTFS stop sequence"}, "geometry": {"type": "LineString", "coordinates": [[0.9067316935, 51.8593167099], [0.908191681, 51.8601080193], [0.9070807133, 51.8611247973], [0.9057452944, 51.8613646646], [0.9067027747, 51.8638232422], [0.90667862, 51.8672773982], [0.9088501178, 51.8691843078], [0.9102199454, 51.8703735452], [0.9083909275, 51.873098907], [0.908361128, 51.8764632638], [0.9066943166, 51.8785550276], [0.9035502379, 51.8814027425], [0.9030182606, 51.8835203835], [0.90148238, 51.887200703], [0.8985272785, 51.8875793621], [0.8961651382, 51.8885908832], [0.8961561974, 51.8929709836], [0.8957456407, 51.8951755295], [0.8954734072, 51.8968190653], [0.8948849169, 51.8996485442], [0.8961782335, 51.9023507511], [0.9010499072, 51.9043981376], [0.9026863275, 51.9072267162], [0.9023061096, 51.9098982005], [0.9019131099, 51.9123721389], [0.9008945162, 51.9150683576], [0.9042443494, 51.9167214542], [0.909997949, 51.9197809681], [0.9155737964, 51.921432618], [0.9217211438, 51.9233666021], [0.9262309014, 51.9224810489], [0.9274862612, 51.9212086932], [0.9295257739, 51.9188015864], [0.9283336323, 51.9167987127], [0.9242567366, 51.9162795816], [0.9227297965, 51.9162815594], [0.9221882167, 51.9153326989], [0.9234944367, 51.9135015159], [0.922949893, 51.9122829238], [0.9190998884, 51.9114432027], [0.9186438535, 51.9106900629]]}}, {"type": "Feature", "properties": {"route": "SB2", "route_name": "", "route_id": "57062", "agency": "Arriva Herts and Essex", "agency_id": "OP50", "geometry_source": "GTFS stop sequence"}, "geometry": {"type": "LineString", "coordinates": [[-0.204808721879104, 51.90105731086965], [-0.202001734297794, 51.90546544394669], [-0.197313544733114, 51.90564549450466], [-0.193505318345675, 51.905632056122876], [-0.192104498900954, 51.90865879858784], [-0.193071819256564, 51.91136223194126], [-0.192854398902228, 51.9146049666975], [-0.192211267331222, 51.91830873944397], [-0.189149141639731, 51.92321619403399], [-0.183891562188968, 51.924124293432946], [-0.178551333259525, 51.924194633889606], [-0.17621825100633, 51.923987659000645], [-0.176903296229269, 51.922514609024226], [-0.174234419815195, 51.920908647392885], [-0.169790397390548, 51.92004833662421], [-0.170829765460038, 51.91880562746354], [-0.178201752905442, 51.91810170811376], [-0.182460730836079, 51.916701877626956], [-0.183602279468606, 51.912556251143876], [-0.182900303366533, 51.909775907356234], [-0.18492915311202, 51.90777504516471], [-0.187665907032258, 51.906962992555265], [-0.19454691972901, 51.905396267763], [-0.197818300063939, 51.905383468592156], [-0.203416536153048, 51.904983505776116], [-0.205742947556378, 51.90132333210855]]}}, {"type": "Feature", "properties": {"route": "301", "route_name": "", "route_id": "7640", "agency": "Arriva Herts and Essex", "agency_id": "OP50", "geometry_source": "GTFS stop sequence"}, "geometry": {"type": "LineString", "coordinates": [[-0.336842975879528, 51.75391254540744], [-0.337911761008585, 51.752030362000646], [-0.332185443581347, 51.75095113582841], [-0.326838258506402, 51.750596384386625], [-0.32281810364046, 51.75157316163432], [-0.319540934378341, 51.7524345399025], [-0.315899751554793, 51.752562261826924], [-0.313035962220305, 51.75204461704377], [-0.307364281297866, 51.752619487754004], [-0.301053037612114, 51.752087818837445], [-0.295741654318488, 51.751938984871984], [-0.291561523927905, 51.751374743838056], [-0.284212245666525, 51.751483491279686], [-0.278718287798997, 51.752329335499276], [-0.269020031283924, 51.755136284322795], [-0.257185838567977, 51.75881898083127], [-0.250066804821219, 51.75968434428668], [-0.244382125034429, 51.760921400912615], [-0.240351057680168, 51.75987199510087], [-0.236301869363, 51.76003610535701], [-0.233090093024341, 51.761390627549275], [-0.229343889534568, 51.76195470383924], [-0.22629271812335, 51.76216047705328], [-0.222473626903253, 51.763469576597984], [-0.216772840548016, 51.76177364412848], [-0.215443428460445, 51.7635159138167], [-0.214136149481288, 51.767632411675834], [-0.208469788430973, 51.7709182111573], [-0.20531370444558, 51.77411620439471], [-0.202155472851506, 51.78537996265595], [-0.19562218881553, 51.78378718336811], [-0.191177616867975, 51.78362895896956], [-0.187509968974509, 51.78470547000977], [-0.184015917689996, 51.78506518279144], [-0.179595946661373, 51.78573417262587], [-0.17728484721933, 51.787676621046344], [-0.17776269898087, 51.79164953669903], [-0.182051449987817, 51.79498005563083], [-0.186442583757826, 51.79613591329372], [-0.19008284324523, 51.79866482501515], [-0.193903651757289, 51.80031517360743], [-0.199973795397692, 51.802305583002614], [-0.204390180028189, 51.80249000898457], [-0.208857524987568, 51.80504893977312], [-0.20582927560311, 51.80788920994068], [-0.203899379028763, 51.81228382095708], [-0.20427137337577, 51.81496912355941], [-0.208854258450182, 51.81720609453303], [-0.209472026927131, 51.8199220959703], [-0.202306171562022, 51.821332417278995], [-0.201749058371066, 51.82220511613353], [-0.203738778852124, 51.82434864661293], [-0.211217035120164, 51.82715124124323], [-0.213799542704834, 51.824232129759686], [-0.215157724529509, 51.82474731067607], [-0.214830050671917, 51.827529853109105], [-0.214534337179786, 51.83133796475022], [-0.21230456194358, 51.83267087295275], [-0.210846032697683, 51.83358385958492], [-0.200073568550097, 51.83912040763121], [-0.193858744543793, 51.8420734180114], [-0.188929422086393, 51.84553147172948], [-0.185343505526763, 51.84769722419549], [-0.1813315300942, 51.852859606828176], [-0.182200547948078, 51.855076076658015], [-0.183494603355624, 51.858279229014556], [-0.183675202995235, 51.8610065868447], [-0.184407429810911, 51.86734823737161], [-0.188148758106519, 51.87219863259912], [-0.190748991427809, 51.88305595825742], [-0.19294291678534, 51.88487007710902], [-0.197321946187906, 51.88873184217032], [-0.200458192199059, 51.892799235350594], [-0.206583432620046, 51.90211843887998], [-0.207536077606824, 51.909955893244764], [-0.208569762439995, 51.91211169937128], [-0.211273256445702, 51.91652286888518], [-0.214593210070222, 51.92153678561869], [-0.212554883352898, 51.923061438875735]]}}, {"type": "Feature", "properties": {"route": "2", "route_name": "", "route_id": "115528", "agency": "Arriva Herts and Essex", "agency_id": "OP50", "geometry_source": "GTFS stop sequence"}, "geometry": {"type": "LineString", "coordinates": [[0.7147279594, 51.5366067196], [0.7141100073, 51.5385816474], [0.7148106074, 51.5401752984], [0.7201161171, 51.540142284], [0.7239829692, 51.5401694391], [0.7269275241, 51.5402089246], [0.7317414232, 51.5406365005], [0.7349097295, 51.5410393152], [0.7386865656, 51.541967457], [0.7443874339, 51.5425087029], [0.7471488946, 51.5428577534], [0.7505731668, 51.5434340247], [0.7556357425, 51.5434320839], [0.7573680603, 51.5401176366], [0.7573830872, 51.538219601], [0.7605878018, 51.5373167701], [0.7665687885, 51.536537248], [0.7697889049, 51.5354179484], [0.773307383, 51.5349390549], [0.7763383671, 51.5345075742], [0.7800498997, 51.5364882062], [0.7815586635, 51.539708179], [0.7858148201, 51.5378443521], [0.7884526485, 51.5373499484], [0.7937664278, 51.5388693285]]}}, {"type": "Feature", "properties": {"route": "SB18", "route_name": "", "route_id": "82974", "agency": "Arriva Herts and Essex", "agency_id": "OP50", "geometry_source": "GTFS stop sequence"}, "geometry": {"type": "LineString", "coordinates": [[-0.205066266646378, 51.90116015036039], [-0.200770492430218, 51.899170281042025], [-0.198056019845009, 51.89581073159957], [-0.19545236812512, 51.89150866354233], [-0.187918862892342, 51.88911792867595], [-0.189047728548225, 51.88417176117619], [-0.18651328903597, 51.88107546438328], [-0.181583191838738, 51.87903013302585], [-0.174941074280152, 51.876580383767006], [-0.170008855239607, 51.87568549915704], [-0.1661601082419, 51.875301858784404], [-0.161107082171119, 51.874170923975534], [-0.164812319344549, 51.87343748663557], [-0.167477545529455, 51.87434226166772], [-0.170286530444808, 51.87564485813706], [-0.175242694891588, 51.87666598998781], [-0.18206487796984, 51.87897463322661], [-0.186605112201466, 51.88095998439996], [-0.187805654762516, 51.88542949218883], [-0.188071682500317, 51.88893145152944], [-0.1924035200056, 51.89034686778311], [-0.196814906788134, 51.893049185675], [-0.198496955484043, 51.89605127267143], [-0.2007536468973, 51.898864298787295], [-0.206583432620046, 51.90211843887998], [-0.205742947556378, 51.90132333210855]]}}, {"type": "Feature", "properties": {"route": "1", "route_name": "", "route_id": "115566", "agency": "Arriva Herts and Essex", "agency_id": "OP50", "geometry_source": "GTFS stop sequence"}, "geometry": {"type": "LineString", "coordinates": [[0.8679608035, 51.8756928629], [0.8704469515, 51.872295585], [0.8682790387, 51.8717908886], [0.8665919431, 51.8715352445], [0.8599937149, 51.873332749], [0.8578629998, 51.8747875483], [0.8560647133, 51.8766749165], [0.855316338, 51.8793102094], [0.8571177639, 51.8797610972], [0.8602199249, 51.8800993841], [0.8646086535, 51.8805591446], [0.8651940517, 51.8801671531], [0.8642825136, 51.8788583154], [0.8643941639, 51.8769579569], [0.8655366455, 51.8759588166], [0.8677147444, 51.8757078578], [0.8708972152, 51.876853323], [0.8749032351, 51.8788329599], [0.878348739, 51.8795401039], [0.8814285896, 51.8813443313], [0.8856696015, 51.8828951511], [0.8900220629, 51.8850456517], [0.8924388018, 51.8866950138], [0.896194233, 51.8883653267], [0.9008218594, 51.8898071571], [0.9057442205, 51.8899554389], [0.9093936351, 51.8899731299], [0.9137703769, 51.8899996691], [0.9176602287, 51.8908115791], [0.9207254572, 51.892129502], [0.9224763181, 51.8924547425], [0.92474126, 51.8937564737], [0.9286475785, 51.895260126], [0.9319153379, 51.8963298896], [0.9358066303, 51.8971501641], [0.9383997764, 51.8958982355], [0.9374786292, 51.8942574197], [0.9370614331, 51.8916506823]]}}, {"type": "Feature", "properties": {"route": "4", "route_name": "", "route_id": "115721", "agency": "Arriva Herts and Essex", "agency_id": "OP50", "geometry_source": "GTFS stop sequence"}, "geometry": {"type": "LineString", "coordinates": [[0.0939782332, 51.7721237532], [0.0908485087, 51.7712082889], [0.0907248119, 51.7688454765], [0.1016284591, 51.7667535909], [0.1048049348, 51.7652489568], [0.1055419139, 51.7620883898], [0.1077914338, 51.7593593129], [0.1115194877, 51.7572690766], [0.1110735669, 51.754543371], [0.1124023947, 51.7522803597], [0.1144578256, 51.751308172], [0.1162372583, 51.7497024506], [0.1173467815, 51.7517417472], [0.1183638391, 51.75335106], [0.1179096311, 51.7560300202], [0.1156368719, 51.7563856973], [0.1119521775, 51.7566048493], [0.1068418548, 51.7598169724], [0.1052184968, 51.7623010108], [0.1046668155, 51.7653953099], [0.0988391187, 51.7672350765], [0.0910638048, 51.7670859182], [0.0912768695, 51.7716952519], [0.0939782332, 51.7721237532]]}}, {"type": "Feature", "properties": {"route": "59", "route_name": "", "route_id": "8695", "agency": "Arriva Herts and Essex", "agency_id": "OP50", "geometry_source": "GTFS stop sequence"}, "geometry": {"type": "LineString", "coordinates": [[0.4666350972, 51.7367084214], [0.4571180396, 51.7393629659], [0.4524040047, 51.7403158064], [0.4476012948, 51.7407037445], [0.4445747704, 51.7407217975], [0.4288651779, 51.7416681609], [0.4221105034, 51.7424011541], [0.4095750065, 51.7444844976], [0.4066506652, 51.7458843862], [0.4025753419, 51.7485307806], [0.3929425565, 51.7521266898], [0.3883935871, 51.7562570586], [0.3777992899, 51.7631176651], [0.3694594754, 51.7646530464], [0.3513086535, 51.7729133406], [0.3480654443, 51.7729871806], [0.3434496519, 51.7739875905], [0.3349382835, 51.7759106038], [0.3294686094, 51.7783572723], [0.3234181345, 51.7799518593], [0.3157005678, 51.785239038], [0.3136935596, 51.7905033448], [0.311363741, 51.7945689333], [0.3083900842, 51.7959762793], [0.3003285462, 51.7943088042], [0.2917905948, 51.7918137489], [0.2861119723, 51.7942264637], [0.2822873577, 51.7968906804], [0.2715724295, 51.7986809469], [0.2661147388, 51.7988852092], [0.2162396915, 51.8122638611], [0.2095435924, 51.8126956489], [0.1898811831, 51.8048353828], [0.1856889385, 51.8039332166], [0.1807253112, 51.8029732739], [0.172404787, 51.8018773706], [0.1543209399, 51.7870398213], [0.1457946755, 51.7842822138], [0.1309913614, 51.7796686127], [0.125743628, 51.778441746], [0.1217355019, 51.7770573883], [0.1145835925, 51.7766377382], [0.1102509428, 51.7763649029], [0.1032405869, 51.7746201311], [0.0985957898, 51.7732373892], [0.0940564711, 51.7722482535]]}}, {"type": "Feature", "properties": {"route": "724", "route_name": "", "route_id": "28481", "agency": "Arriva Herts and Essex", "agency_id": "OP50", "geometry_source": "GTFS stop sequence"}, "geometry": {"type": "LineString", "coordinates": [[-0.4537, 51.47137], [-0.45126, 51.50342], [-0.45066, 51.52597], [-0.47078, 51.53658], [-0.47676, 51.54753], [-0.501249, 51.565948], [-0.499873, 51.581019], [-0.500024, 51.586515], [-0.513292569241419, 51.6134858294322], [-0.50953268982335, 51.624210542423576], [-0.512183440210557, 51.62267056728037], [-0.512900952106767, 51.62193332392757], [-0.516631852254981, 51.620928458765], [-0.515379062946935, 51.62036411457591], [-0.511807476683936, 51.61959054933], [-0.508921770662246, 51.62477827167246], [-0.499354462913072, 51.63145431436387], [-0.484496315312526, 51.635930322389086], [-0.471208617369325, 51.64046088422024], [-0.463318487372057, 51.64386477236277], [-0.441690428575675, 51.64700571253513], [-0.428385359557114, 51.65181896882815], [-0.410624027166737, 51.655824166623894], [-0.397083373432707, 51.65813092621136], [-0.396428845388537, 51.66315752453649], [-0.397353063902514, 51.670156935063936], [-0.394842409937238, 51.68063430427289], [-0.385630375361761, 51.69155922674041], [-0.384539540284288, 51.69903455627141], [-0.377948402211816, 51.710156738396606], [-0.359102046930851, 51.729380659614364], [-0.355045378127815, 51.73502484907542], [-0.350258039299584, 51.74121614544862], [-0.342820088563653, 51.74617397283619], [-0.34054557336147, 51.74973866245827], [-0.339135012882643, 51.75185882322009], [-0.33657864269359, 51.7544033621421]]}}, {"type": "Feature", "properties": {"route": "400", "route_name": "", "route_id": "4970944", "agency": "Arriva Herts and Essex", "agency_id": "OP50", "geometry_source": "GTFS stop sequence"}, "geometry": {"type": "LineString", "coordinates": [[-0.205066266646378, 51.90116015036039], [-0.199912216574873, 51.89227834522639], [-0.197327119974508, 51.888965711373366], [-0.193630698850498, 51.885474105722764], [-0.190329240499241, 51.88265385762892], [-0.18726234264363, 51.87148360510384], [-0.184183861384808, 51.86712897956233], [-0.18337521884487, 51.861964095902664], [-0.183532422202235, 51.85914304297036], [-0.181978136320842, 51.8548298557364], [-0.18112909762347, 51.852838492773785], [-0.185451939635199, 51.84752804922398], [-0.18860553574511, 51.8456433800331], [-0.193088748788635, 51.84208856717652], [-0.201726093728075, 51.8380846316707], [-0.211887387656415, 51.83294328235331], [-0.214258750306498, 51.83133378053077], [-0.214531588245752, 51.827003786945575], [-0.214908277457677, 51.82518413193171], [-0.226802196819835, 51.81016761704481], [-0.224387490252709, 51.7974164794456], [-0.220772484737019, 51.79935805714126], [-0.21829099554345, 51.80086710634941], [-0.21495548054527, 51.80269584582105], [-0.212270236098974, 51.804579340615], [-0.206251442221487, 51.80492828282569], [-0.204548556516337, 51.80251940367969], [-0.203764442658855, 51.803271749997876], [-0.199852106823018, 51.80244759255344], [-0.198167604931326, 51.802862399824015], [-0.197051007278038, 51.80431098529902], [-0.192500169281079, 51.8067588858505], [-0.186496520493507, 51.80888747651564], [-0.187069315794302, 51.80437331005846], [-0.182784095238983, 51.80164550901778], [-0.181145461680977, 51.80163815515726]]}}, {"type": "Feature", "properties": {"route": "1", "route_name": "", "route_id": "115524", "agency": "Arriva Herts and Essex", "agency_id": "OP50", "geometry_source": "GTFS stop sequence"}, "geometry": {"type": "LineString", "coordinates": [[0.7156377747, 51.5356593026], [0.7141100073, 51.5385816474], [0.7137374157, 51.540802716], [0.7112889273, 51.5408593541], [0.7051005024, 51.5403547316], [0.7016375051, 51.5398409855], [0.696793509, 51.5415803374], [0.6913396642, 51.543990019], [0.687863066, 51.5449601261], [0.6821889933, 51.5456026777], [0.6770155649, 51.5456849153], [0.6721187698, 51.5460574101], [0.66824423, 51.5468920991], [0.6647348707, 51.5473136499], [0.6606125419, 51.5476140996], [0.6564726074, 51.547860841], [0.6518857416, 51.5483603693], [0.6476179127, 51.5483938434], [0.6422453174, 51.5482811804], [0.6376540154, 51.5477100181], [0.6336853575, 51.5481769392], [0.630206324, 51.5483809264], [0.6264618985, 51.548986469], [0.6223418227, 51.5498341226], [0.6182658036, 51.5504468152], [0.6106017189, 51.5526412024], [0.6062303575, 51.5538985838], [0.6024936624, 51.5556633404], [0.5984564294, 51.5582350523], [0.5931148307, 51.5602059234], [0.5871754269, 51.5608047437], [0.5810761541, 51.5616406091], [0.5771032344, 51.5625733502], [0.5769027808, 51.5656624992], [0.5773695674, 51.5685571187], [0.5822585641, 51.5695198105], [0.5880885858, 51.568752788], [0.5947232796, 51.5699552285], [0.5955638932, 51.5730573566], [0.5981179409, 51.5763373836], [0.5990334878, 51.5777110861], [0.5994913362, 51.5814332199], [0.6016317658, 51.5840298423], [0.6037613508, 51.5849179134], [0.6004633238, 51.5893528825]]}}, {"type": "Feature", "properties": {"route": "8", "route_name": "", "route_id": "115695", "agency": "Arriva Herts and Essex", "agency_id": "OP50", "geometry_source": "GTFS stop sequence"}, "geometry": {"type": "LineString", "coordinates": [[0.9186438535, 51.9106900629], [0.9194651829, 51.9114701104], [0.9228093724, 51.9123583648], [0.9232812489, 51.9133539231], [0.9219146742, 51.915375469], [0.9224527484, 51.9162704562], [0.9223876018, 51.9179538805], [0.9209974694, 51.9193914137], [0.9165334367, 51.921651655], [0.9125932619, 51.9205531368], [0.9097510838, 51.9195622354], [0.902913814, 51.9159358834], [0.9008591065, 51.9149703016], [0.8998197518, 51.9137368299], [0.9021222071, 51.9122320761], [0.9004815289, 51.9095654794], [0.9028383136, 51.9082302469], [0.9008025933, 51.9041704044], [0.8962868482, 51.9022311598], [0.8955596106, 51.901322728], [0.8951143449, 51.8993730892], [0.8956884495, 51.8960942837], [0.8959525126, 51.8945498778], [0.8963454427, 51.8929753164], [0.8997590263, 51.8897794083], [0.9042148144, 51.8890039228], [0.9037962295, 51.885668636], [0.9037209088, 51.8811197259], [0.9072084946, 51.8784164051], [0.9085154915, 51.8763785028], [0.9089955659, 51.8727871592], [0.9105825848, 51.8701397275], [0.9082942881, 51.8691261088], [0.9068475292, 51.8665177564], [0.9068321467, 51.8638020564], [0.9056315591, 51.8616282914], [0.9053492198, 51.8604031395], [0.9067316935, 51.8593167099]]}}, {"type": "Feature", "properties": {"route": "SB4", "route_name": "", "route_id": "57065", "agency": "Arriva Herts and Essex", "agency_id": "OP50", "geometry_source": "GTFS stop sequence"}, "geometry": {"type": "LineString", "coordinates": [[-0.204866113163265, 51.90107617016882], [-0.200770492430218, 51.899170281042025], [-0.193886960502184, 51.8993795476222], [-0.181578754683711, 51.89534144638116], [-0.183314255234652, 51.8923109971353], [-0.178247966849856, 51.89181004679741], [-0.17195476373394, 51.892180025171214], [-0.169154593436101, 51.892064552903996], [-0.169207977197272, 51.888963160223874], [-0.171515402849266, 51.884386168063635], [-0.170511392861037, 51.880126354891665], [-0.174484801755948, 51.87995428270336], [-0.179183433091922, 51.881609676871555], [-0.185472444333522, 51.8831095798324], [-0.187805654762516, 51.88542949218883], [-0.188071682500317, 51.88893145152944], [-0.1924035200056, 51.89034686778311], [-0.196814906788134, 51.893049185675], [-0.198496955484043, 51.89605127267143], [-0.2007536468973, 51.898864298787295], [-0.205742947556378, 51.90132333210855]]}}, {"type": "Feature", "properties": {"route": "55", "route_name": "", "route_id": "7152", "agency": "Arriva Herts and Essex", "agency_id": "OP50", "geometry_source": "GTFS stop sequence"}, "geometry": {"type": "LineString", "coordinates": [[-0.204680487347896, 51.9009924112725], [-0.207536077606824, 51.909955893244764], [-0.208569762439995, 51.91211169937128], [-0.208749701898996, 51.91635860185997], [-0.208654200745952, 51.91875797694931], [-0.212800535372366, 51.92310113664621], [-0.209204046765788, 51.92357699058969], [-0.208106005905056, 51.927777459698504], [-0.21009987353001, 51.928841859798254], [-0.210638765271397, 51.93540510830722], [-0.207113838808039, 51.94573704458623], [-0.19880613220866, 51.96097726312711], [-0.209220302782768, 51.96663910525524], [-0.210289383909916, 51.96976652134313], [-0.206157360517615, 51.96824697218528], [-0.202747058446586, 51.9679791637321], [-0.201183633199657, 51.9692141420699], [-0.201497097500678, 51.971565790964135], [-0.204948603681328, 51.9708091971893], [-0.209476778865273, 51.969700216495355], [-0.213474632991879, 51.97093886631233], [-0.21238096036557, 51.97427620407217], [-0.210437227891549, 51.97519081730931], [-0.209808710565107, 51.97707853026853], [-0.207057678095524, 51.97887999098322], [-0.207612904660786, 51.98284482706592], [-0.204879914813105, 51.98163426586588], [-0.209044731179827, 51.983091406025714], [-0.21234229677173, 51.983294370642966], [-0.217232183411074, 51.9822715036621], [-0.223096574847509, 51.98090347273095], [-0.227182734258726, 51.979939998480084], [-0.229541954646396, 51.97882454720122], [-0.227565290336888, 51.977257220697275], [-0.224018758942941, 51.98041384554032], [-0.224054914354614, 51.98134054225097], [-0.222352971557793, 51.98460584721051], [-0.222075585540769, 51.98609429148168], [-0.222335900067329, 51.98871482178269], [-0.223132035854832, 51.99067804634731], [-0.226352834287289, 51.990996348971656], [-0.227238628318945, 51.99069497489078]]}}, {"type": "Feature", "properties": {"route": "8", "route_name": "", "route_id": "115695", "agency": "Arriva Herts and Essex", "agency_id": "OP50", "geometry_source": "GTFS stop sequence"}, "geometry": {"type": "LineString", "coordinates": [[0.9067316935, 51.8593167099], [0.908191681, 51.8601080193], [0.9070807133, 51.8611247973], [0.9057452944, 51.8613646646], [0.9067027747, 51.8638232422], [0.90667862, 51.8672773982], [0.9088501178, 51.8691843078], [0.9102199454, 51.8703735452], [0.9083909275, 51.873098907], [0.908361128, 51.8764632638], [0.9066943166, 51.8785550276], [0.9035502379, 51.8814027425], [0.9030182606, 51.8835203835], [0.90148238, 51.887200703], [0.8985272785, 51.8875793621], [0.8961651382, 51.8885908832], [0.8961561974, 51.8929709836], [0.8957456407, 51.8951755295], [0.8954734072, 51.8968190653], [0.8948849169, 51.8996485442], [0.8961782335, 51.9023507511], [0.9010499072, 51.9043981376], [0.9026863275, 51.9072267162], [0.9023061096, 51.9098982005], [0.9019131099, 51.9123721389], [0.9008945162, 51.9150683576], [0.9042443494, 51.9167214542], [0.909997949, 51.9197809681], [0.9155737964, 51.921432618], [0.9210886783, 51.9194521039], [0.9225200376, 51.9179775709], [0.9227297965, 51.9162815594], [0.9221882167, 51.9153326989], [0.9234944367, 51.9135015159], [0.922949893, 51.9122829238], [0.9190998884, 51.9114432027], [0.9186438535, 51.9106900629]]}}, {"type": "Feature", "properties": {"route": "1", "route_name": "", "route_id": "115524", "agency": "Arriva Herts and Essex", "agency_id": "OP50", "geometry_source": "GTFS stop sequence"}, "geometry": {"type": "LineString", "coordinates": [[0.6074843669, 51.554131522], [0.6133746587, 51.5516890895], [0.6189449971, 51.5504676242], [0.6212521267, 51.5502002367], [0.6266533227, 51.54905413], [0.631752455, 51.5484271822], [0.6375897807, 51.5478463659], [0.6441330288, 51.548247628], [0.6476396218, 51.5485192631], [0.6512895711, 51.5485267394], [0.6563497593, 51.5479805402], [0.6607191476, 51.5477106103], [0.6653996231, 51.5473345175], [0.6690257972, 51.546937269], [0.6737925644, 51.5458213999], [0.6781758643, 51.5457933267], [0.6837083624, 51.545684834], [0.6885497134, 51.5448634431], [0.69306081, 51.5435817661], [0.6963959331, 51.5421740671], [0.6995238889, 51.540681104], [0.701776708, 51.5399996641], [0.7047590968, 51.5404345562], [0.7120032358, 51.5412295642], [0.7141004776, 51.5391484699], [0.7156377747, 51.5356593026]]}}, {"type": "Feature", "properties": {"route": "20", "route_name": "", "route_id": "52774", "agency": "Arriva Herts and Essex", "agency_id": "OP50", "geometry_source": "GTFS stop sequence"}, "geometry": {"type": "LineString", "coordinates": [[-0.41761693365465, 51.64639605074419], [-0.420431991634719, 51.64691052659855], [-0.423058158898747, 51.64662210872905], [-0.423291906697428, 51.64446716288312], [-0.419771121026876, 51.64471657417131], [-0.418050485277348, 51.645152000720415], [-0.415744284966642, 51.64414077948259], [-0.411656316376547, 51.64283566448746], [-0.410695008133748, 51.64428835937626], [-0.41055585521575, 51.64537451190389], [-0.414572409908605, 51.64666071553809], [-0.413516612346017, 51.649164223701874], [-0.408701999848253, 51.64961162746485], [-0.403875374118263, 51.64998673465342], [-0.398522741184934, 51.652980145833325], [-0.399702974498907, 51.65599957240615], [-0.397083373432707, 51.65813092621136], [-0.397068873435468, 51.66018091013155], [-0.3962878142363, 51.663056686652666], [-0.398872949229615, 51.666014362714364], [-0.401302934186035, 51.6713347645388], [-0.403600374514836, 51.674270428487176], [-0.40521511929037, 51.675650154833455], [-0.40915241670875, 51.677618839937246], [-0.410928681497514, 51.678937729028256], [-0.416256011039231, 51.680466377482425], [-0.417530808771431, 51.6833160295641], [-0.414825931291248, 51.68662457300486], [-0.412566119920111, 51.687538213983416], [-0.410146091376076, 51.69054477239408], [-0.40842724275122, 51.69252670660061], [-0.405811337290931, 51.6920326468556], [-0.403178182189724, 51.691619221793616], [-0.400372356770711, 51.69282194192554], [-0.403076014668381, 51.694522239729636], [-0.406855911140031, 51.695247957492576], [-0.403134229793341, 51.695745938735826], [-0.398030123976829, 51.69687238162307], [-0.394050428608341, 51.69729462165307], [-0.395242746123181, 51.69876761389679], [-0.397792354169622, 51.69991741665714], [-0.401135201124804, 51.70073626656022], [-0.405262972541906, 51.70187140419016], [-0.411892731409565, 51.70429911468665], [-0.414141569933886, 51.708690582271394], [-0.414549820137346, 51.70984705978269], [-0.411670623563549, 51.71642623659362], [-0.410505626870675, 51.71992632673768], [-0.410674128580113, 51.72172699078164], [-0.411842375686081, 51.72515971536152], [-0.415659771224858, 51.73027369081444], [-0.41831681103567, 51.73504821413094], [-0.422505735656552, 51.741183033594254], [-0.428033467648306, 51.74508763817954], [-0.433041775227972, 51.74812183288861], [-0.435403499419162, 51.75146229942594], [-0.43774801040039, 51.75615126332201], [-0.438842392351426, 51.75970858983593], [-0.440318418519176, 51.76354971453975], [-0.442933073217623, 51.76589527761785], [-0.445166559284925, 51.766266530035345], [-0.447643289061388, 51.7633499445753], [-0.446540125665041, 51.7596037614555], [-0.446518616133842, 51.75769720830457], [-0.454364329469051, 51.756218074835914], [-0.459396809247908, 51.75522310651878], [-0.467858146516394, 51.75564841672725], [-0.470622301390852, 51.754884142716044], [-0.472281355561308, 51.75337710883868], [-0.472229418758919, 51.751910767506025], [-0.473683402411396, 51.74874655320307], [-0.474360546533265, 51.747136816579136], [-0.477763381667477, 51.74415968495945], [-0.48529120158423, 51.74298909541643], [-0.490582358634657, 51.74285934735219]]}}, {"type": "Feature", "properties": {"route": "3", "route_name": "", "route_id": "5181", "agency": "Arriva Herts and Essex", "agency_id": "OP50", "geometry_source": "GTFS stop sequence"}, "geometry": {"type": "LineString", "coordinates": [[-0.465291332104821, 51.77323887375031], [-0.466310415557373, 51.77481674506957], [-0.463592846306395, 51.77587825957952], [-0.45998037917867, 51.77512064138809], [-0.455828838381057, 51.77402313520205], [-0.454804118994935, 51.77559222827228], [-0.453324731033578, 51.77816241324734], [-0.44904913698171, 51.77602897880005], [-0.448953837834231, 51.77288958004794], [-0.448673299053068, 51.76923520166472], [-0.450359670550127, 51.764851452767026], [-0.454082570634039, 51.764468864341936], [-0.458327570993428, 51.76449763838108], [-0.462943223081311, 51.765133557330785], [-0.467136623291629, 51.765404116777255], [-0.471566868784169, 51.764670524379746], [-0.470458788595042, 51.76315448053761], [-0.467843165752854, 51.762940581339656], [-0.466515556082021, 51.76149357194752], [-0.466627992901034, 51.75988550441164], [-0.469819023477087, 51.758074774245124], [-0.472616651641008, 51.7563217895432], [-0.473372250344224, 51.75367902060764], [-0.474269485391726, 51.74682991253031], [-0.473738050666018, 51.748414565434125], [-0.472427374866065, 51.751625602165234], [-0.472717476482068, 51.754192039847325], [-0.472846177479619, 51.75681932144735], [-0.473890377716943, 51.75721953104896], [-0.480680675765603, 51.757370437398265], [-0.481871597222115, 51.75771852115691], [-0.483879410052345, 51.75920110664677], [-0.488304818942886, 51.761622943121345], [-0.488911844274071, 51.76427433322209], [-0.491613451754022, 51.763652630064584], [-0.496549195146235, 51.761207153484456], [-0.499282528510651, 51.7613679656716], [-0.502285730777318, 51.76169400485918], [-0.498729445747014, 51.76144182938554], [-0.495444826452303, 51.76042872192001], [-0.492788057538291, 51.75753529803095], [-0.495541916974106, 51.75663543059987], [-0.497447963046311, 51.756830654541034], [-0.504272364368622, 51.754633778082315], [-0.504610691020511, 51.75316343007711], [-0.502077743221652, 51.7509012143439], [-0.498213173207474, 51.74861294343321], [-0.496357319184878, 51.74778894605071], [-0.49109251495497, 51.74450240786008], [-0.489613008812114, 51.74326051775093], [-0.486140911896776, 51.74313492045342], [-0.479238385146626, 51.74423273043472], [-0.473981411857074, 51.746781213529296], [-0.473738050666018, 51.748414565434125], [-0.472429120615024, 51.752003281237286], [-0.472717476482068, 51.754192039847325], [-0.472846177479619, 51.75681932144735], [-0.470107467688882, 51.758114496046936], [-0.466640431604914, 51.75866278001591], [-0.466724636056865, 51.75959902704641], [-0.466197686158487, 51.761894056210245], [-0.468199615064081, 51.76268446438253], [-0.470689023586485, 51.76320243510152], [-0.471945605129056, 51.7646125055651], [-0.467684629789315, 51.765483195834804], [-0.462276905394112, 51.765124842973755], [-0.456825428900873, 51.764352042899034], [-0.453785810342664, 51.76467177308928], [-0.451029391464402, 51.76518398513201], [-0.448981224449629, 51.769976593750215], [-0.449109188148554, 51.77258590800284], [-0.449137578595302, 51.77429472656156], [-0.449230094121933, 51.776247169315475], [-0.453535569659345, 51.77793140005074], [-0.454644379910629, 51.77517650569674], [-0.457224671095133, 51.77432020717611], [-0.461593171148972, 51.7750068803896], [-0.464907801391821, 51.77557173262496], [-0.465291332104821, 51.77323887375031]]}}, {"type": "Feature", "properties": {"route": "3", "route_name": "", "route_id": "10325273", "agency": "Arriva Herts and Essex", "agency_id": "OP50", "geometry_source": "GTFS stop sequence"}, "geometry": {"type": "LineString", "coordinates": [[0.9370614331, 51.8916506823], [0.9399818488, 51.8925220415], [0.9429416163, 51.890658265], [0.9455036926, 51.890495187], [0.9462695562, 51.8893158149], [0.9431964329, 51.8874411419], [0.9419788399, 51.8868240656], [0.9386397273, 51.8859902039], [0.9371709008, 51.8873129975], [0.9366038164, 51.8893147627], [0.9369424087, 51.8916086866], [0.9372278108, 51.8942007289], [0.9384248405, 51.8960594953], [0.9363064099, 51.8970117752], [0.9313404342, 51.895984475], [0.9276140471, 51.8947912094], [0.9234441779, 51.8930332598], [0.9202691686, 51.8920419038], [0.9176213125, 51.8906596528], [0.9108262338, 51.8898747223], [0.9048944248, 51.8898505234], [0.9011358524, 51.8872362335]]}}, {"type": "Feature", "properties": {"route": "29", "route_name": "", "route_id": "4279", "agency": "Arriva Herts and Essex", "agency_id": "OP50", "geometry_source": "GTFS stop sequence"}, "geometry": {"type": "LineString", "coordinates": [[0.7346766155, 51.5547061907], [0.7352947497, 51.5515439799], [0.7310895577, 51.5511833094], [0.727665894, 51.5503816098], [0.7248377248, 51.5523000564], [0.7208494902, 51.5512234767], [0.7154236178, 51.5507106864], [0.7146888051, 51.5499992114], [0.7158824532, 51.5475163013], [0.7181487894, 51.5448826064], [0.7186327255, 51.5428388157], [0.7187710668, 51.5412886945], [0.7141004776, 51.5391484699], [0.7150527071, 51.5360056174], [0.7141100073, 51.5385816474], [0.7137832381, 51.5403609653], [0.7121542107, 51.5413429902], [0.7075841177, 51.5452619152], [0.7042857337, 51.5492322774], [0.7024299222, 51.5505341685], [0.6992980886, 51.549778881], [0.6956310256, 51.5497283248], [0.6884090946, 51.5505506397], [0.6857785716, 51.5507098424], [0.6815376808, 51.5509597804], [0.6774780163, 51.550611849], [0.6737161998, 51.5501760449], [0.6708949368, 51.5532351989], [0.6686621222, 51.5535378483], [0.6670512702, 51.5558408751], [0.6637276981, 51.5582187638], [0.6594747185, 51.5595114241], [0.6563284555, 51.5602392543], [0.65138839, 51.5596495374], [0.6475808451, 51.558683305], [0.6428889845, 51.5608756255], [0.6423825549, 51.5638369151], [0.6403298868, 51.5652681441], [0.636656339, 51.5668706858]]}}, {"type": "Feature", "properties": {"route": "725", "route_name": "", "route_id": "2898255", "agency": "Arriva Herts and Essex", "agency_id": "OP50", "geometry_source": "GTFS stop sequence"}, "geometry": {"type": "LineString", "coordinates": [[-0.4537, 51.47137], [-0.45126, 51.50342], [-0.45066, 51.52597], [-0.47078, 51.53658], [-0.47676, 51.54753], [-0.501249, 51.565948], [-0.499873, 51.581019], [-0.500024, 51.586515], [-0.513292569241419, 51.6134858294322], [-0.50953268982335, 51.624210542423576], [-0.512183440210557, 51.62267056728037], [-0.512900952106767, 51.62193332392757], [-0.516631852254981, 51.620928458765], [-0.515379062946935, 51.62036411457591], [-0.511807476683936, 51.61959054933], [-0.508921770662246, 51.62477827167246], [-0.499354462913072, 51.63145431436387], [-0.484496315312526, 51.635930322389086], [-0.471208617369325, 51.64046088422024], [-0.463318487372057, 51.64386477236277], [-0.441690428575675, 51.64700571253513], [-0.428385359557114, 51.65181896882815], [-0.410624027166737, 51.655824166623894], [-0.397083373432707, 51.65813092621136], [-0.396428845388537, 51.66315752453649]]}}, {"type": "Feature", "properties": {"route": "310", "route_name": "", "route_id": "7650", "agency": "Arriva Herts and Essex", "agency_id": "OP50", "geometry_source": "GTFS stop sequence"}, "geometry": {"type": "LineString", "coordinates": [[-0.027937039660009, 51.80869089595227], [-0.027546202713424, 51.80601364448943], [-0.025184149378493, 51.803968722123074], [-0.02026100113375, 51.79947072562134], [-0.01765945284632, 51.793312145467745], [-0.014796896568117, 51.78749978886392], [-0.00557366658058, 51.78687606512216], [8.5741591857e-05, 51.785997577121556], [-0.001390624791744, 51.780150712197035], [-0.001370817364793, 51.7786306748033], [-0.002675735047459, 51.77796944025028], [-0.007041972507733, 51.776919514521666], [-0.011825579942893, 51.776263157187906], [-0.012703896440764, 51.7757384724945], [-0.014055791386618, 51.77202052408352], [-0.01405538819401, 51.769718486779404], [-0.012276929041175, 51.766981736861936], [-0.011421655126234, 51.76203947839307], [-0.008838613315223, 51.76113248050485], [-0.012493610347491, 51.75775928083228], [-0.0132000707986, 51.75519942072834], [-0.01654056507865, 51.75138015543981], [-0.018823197353119, 51.748217391177384], [-0.019651817346061, 51.74450853250721], [-0.021758173259274, 51.741720418671925], [-0.022442995381979, 51.73698399100043], [-0.023298427849278, 51.73364424093841], [-0.024727460136316, 51.73043102883812], [-0.026244719383451, 51.72585244382947], [-0.02547335101072, 51.722287502300986], [-0.025972813082399, 51.71946330219226], [-0.029035822277904, 51.714946609486894], [-0.03066060905014, 51.71386779690475], [-0.034841715791923, 51.71025094436517], [-0.036747996769278, 51.70700959775997], [-0.034340299598375, 51.703453317581214], [-0.034392826941629, 51.70190750827206], [-0.034194395613815, 51.700141681966656], [-0.034476856544016, 51.696963106463144], [-0.034425048463247, 51.69314946872643], [-0.033767385440872, 51.6906295848084], [-0.031126953816526, 51.68545968699234]]}}, {"type": "Feature", "properties": {"route": "300", "route_name": "", "route_id": "3449837", "agency": "Arriva Herts and Essex", "agency_id": "OP50", "geometry_source": "GTFS stop sequence"}, "geometry": {"type": "LineString", "coordinates": [[-0.473816383834508, 51.74694991541759], [-0.455894572888893, 51.74788477265775], [-0.449559358104451, 51.74929401946568], [-0.443911748017719, 51.75049622725141], [-0.441190186254108, 51.75170103978215], [-0.435461031360581, 51.750635814479516], [-0.43274969634502, 51.748189873430896], [-0.428384105020464, 51.747088522645], [-0.424107165419284, 51.74594323769094], [-0.415500119239666, 51.74353458541996], [-0.410823180405981, 51.742662168022605], [-0.405146858421561, 51.74179398956], [-0.397605327109386, 51.74206906712696], [-0.365553936101936, 51.748020957385485], [-0.359679873051142, 51.7474175896345], [-0.355104338892468, 51.74536642121511], [-0.351651092212693, 51.74273734887069], [-0.342820088563653, 51.74617397283619], [-0.341392636436527, 51.74836585821297], [-0.34054557336147, 51.74973866245827], [-0.339135012882643, 51.75185882322009], [-0.337193813336664, 51.75382758983355]]}}, {"type": "Feature", "properties": {"route": "725", "route_name": "", "route_id": "2898255", "agency": "Arriva Herts and Essex", "agency_id": "OP50", "geometry_source": "GTFS stop sequence"}, "geometry": {"type": "LineString", "coordinates": [[-0.205066266646378, 51.90116015036039], [-0.197327119974508, 51.888965711373366], [-0.190329240499241, 51.88265385762892], [-0.184183861384808, 51.86712897956233], [-0.18337521884487, 51.861964095902664], [-0.181978136320842, 51.8548298557364], [-0.18112909762347, 51.852838492773785], [-0.193088748788635, 51.84208856717652], [-0.201726093728075, 51.8380846316707], [-0.214258750306498, 51.83133378053077], [-0.209913211154269, 51.819407276642345], [-0.202631172900303, 51.814989024280436], [-0.204289427562398, 51.80247048619761], [-0.210346130562472, 51.79786000146593], [-0.21952024979596, 51.78696607016162], [-0.2319051683026, 51.76946565601456], [-0.239045713842494, 51.76288276613198], [-0.244348439156837, 51.76066912049144], [-0.252453633075853, 51.759414127092704], [-0.279702431928178, 51.7519750719116], [-0.293353262045555, 51.751499687349884], [-0.310970700260825, 51.75187108378902], [-0.326932441657484, 51.750399901818646], [-0.337952819593312, 51.752885178303785]]}}, {"type": "Feature", "properties": {"route": "509", "route_name": "", "route_id": "18316", "agency": "Arriva Herts and Essex", "agency_id": "OP50", "geometry_source": "GTFS stop sequence"}, "geometry": {"type": "LineString", "coordinates": [[0.2634314367, 51.8891685471], [0.2590866262, 51.8828044213], [0.2648918247, 51.8734124818], [0.2656736162, 51.8719136536], [0.2662736388, 51.8696899247], [0.2650808374, 51.8679233824], [0.2624214405, 51.868190389], [0.2590685731, 51.8685336046], [0.246358769, 51.868255467], [0.2404520075, 51.8686558916], [0.234688923, 51.8690263113], [0.2265654596, 51.8695490638], [0.2206239852, 51.8698412364], [0.2074948323, 51.8707897879], [0.2045296605, 51.8710522265], [0.193002032429265, 51.872086020403685], [0.18724515293897, 51.87230112036307], [0.180290841361483, 51.87509198963457], [0.181113569339431, 51.87708204868056], [0.179129658055146, 51.87871946912967], [0.175091294494145, 51.87903700544018], [0.173255714764943, 51.87712857039231], [0.169863931919036, 51.87488013532791], [0.167661182696966, 51.87076625304933], [0.163652861574299, 51.86927537285433], [0.163545349361375, 51.867640731181936], [0.160812475490598, 51.86729530202672], [0.162565532662075, 51.864475434870485], [0.163396583773302, 51.86363284944243], [0.164402825715828, 51.86069179932913], [0.16434229648967, 51.85912823106912], [0.163455570682778, 51.85578137736283], [0.161498998894677, 51.85192363040375], [0.160147131266693, 51.84855832160933], [0.157433711641752, 51.84161201571945], [0.156615578797059, 51.83785918934122], [0.155973882545713, 51.83020039757623], [0.153519340166532, 51.824688040886116], [0.149903049439381, 51.819142926894955], [0.14878336691777, 51.81604301191913], [0.14762166865128, 51.81327657463413], [0.145835989304577, 51.81050353156457], [0.141141989632419, 51.80696515225227], [0.136232238517624, 51.80314275060743], [0.132602720889826, 51.79969259742135], [0.1329896897, 51.7925275813], [0.1331198274, 51.7900612821], [0.1329737943, 51.7860442945], [0.1326330484, 51.7822016949], [0.1309913614, 51.7796686127], [0.125743628, 51.778441746], [0.1217355019, 51.7770573883], [0.1145835925, 51.7766377382], [0.1102509428, 51.7763649029], [0.1032405869, 51.7746201311], [0.0985957898, 51.7732373892], [0.0942468297, 51.7722898239]]}}, {"type": "Feature", "properties": {"route": "10", "route_name": "", "route_id": "16075", "agency": "Arriva Herts and Essex", "agency_id": "OP50", "geometry_source": "GTFS stop sequence"}, "geometry": {"type": "LineString", "coordinates": [[0.0944371887, 51.772331394], [0.0908485087, 51.7712082889], [0.0907248119, 51.7688454765], [0.1016284591, 51.7667535909], [0.119628957, 51.7645868544], [0.1318209364, 51.7655893043]]}}, {"type": "Feature", "properties": {"route": "302", "route_name": "", "route_id": "12369042", "agency": "Arriva Herts and Essex", "agency_id": "OP50", "geometry_source": "GTFS stop sequence"}, "geometry": {"type": "LineString", "coordinates": [[-0.227721504700065, 51.761939243983726], [-0.233373675533174, 51.76117908090318], [-0.235792201098773, 51.76010039277624], [-0.240746958385576, 51.75975203284664], [-0.244348439156837, 51.76066912049144], [-0.252453633075853, 51.759414127092704], [-0.257648607475518, 51.75846616054013], [-0.270344229016944, 51.75460726577785], [-0.275856303488491, 51.75291682697409], [-0.279702431928178, 51.7519750719116], [-0.284448004313388, 51.75137902867477], [-0.293353262045555, 51.751499687349884], [-0.296380454432067, 51.75190328610688], [-0.300680272237104, 51.751983517850896], [-0.304701972747776, 51.75252716430815], [-0.310970700260825, 51.75187108378902], [-0.314152589470562, 51.75201567912973], [-0.317946790055261, 51.75244770410686], [-0.324521737143279, 51.75173233980593], [-0.326993680314893, 51.750310853854934], [-0.330388405980934, 51.750574934773134], [-0.333516254362532, 51.75100598086067], [-0.337225628139179, 51.75177787422906], [-0.337028583910891, 51.753987107312234], [-0.33818360427169, 51.75567594664511], [-0.341394097035605, 51.75979464548567], [-0.34332065943016, 51.761791049476045], [-0.346644047262676, 51.76324058447249], [-0.350131344523584, 51.761392287632994], [-0.35236310087981, 51.758600126542746], [-0.355330174245721, 51.7547032151], [-0.356901246280436, 51.75333143890565], [-0.361016496716759, 51.74971119664185], [-0.365719692369669, 51.74784342374418], [-0.397553777132844, 51.7418885261145], [-0.405151605304831, 51.7416591754765], [-0.411764856628777, 51.74265691362621], [-0.416624999878466, 51.74367563194283], [-0.424971515619562, 51.74608071023444], [-0.427826282264421, 51.746883241103454], [-0.433041775227972, 51.74812183288861], [-0.435403499419162, 51.75146229942594], [-0.44130485531976, 51.75131591095594], [-0.44672121823039, 51.7517922470573], [-0.450315297352924, 51.75302661110929], [-0.454364329469051, 51.756218074835914], [-0.459396809247908, 51.75522310651878], [-0.467858146516394, 51.75564841672725], [-0.470622301390852, 51.754884142716044], [-0.472281355561308, 51.75337710883868], [-0.472229418758919, 51.751910767506025]]}}, {"type": "Feature", "properties": {"route": "100", "route_name": "", "route_id": "97161", "agency": "Arriva Herts and Essex", "agency_id": "OP50", "geometry_source": "GTFS stop sequence"}, "geometry": {"type": "LineString", "coordinates": [[-0.204623096249622, 51.90097355188425], [-0.206583432620046, 51.90211843887998], [-0.207536077606824, 51.909955893244764], [-0.208569762439995, 51.91211169937128], [-0.208749701898996, 51.91635860185997], [-0.208654200745952, 51.91875797694931], [-0.212800535372366, 51.92310113664621], [-0.260360801454588, 51.93801172981366], [-0.264205255092779, 51.940172555820496], [-0.267654705873697, 51.94390999179267], [-0.271375039378503, 51.94629354406599], [-0.27541765174919, 51.947872439708185], [-0.276518013632333, 51.94953404314268], [-0.287486746310057, 51.9457916933095], [-0.380894917107118, 51.91475239582845], [-0.38679, 51.91187], [-0.38771, 51.90906], [-0.39269, 51.9058], [-0.39497, 51.90326], [-0.39854, 51.90116], [-0.3997, 51.89895], [-0.40159, 51.89419], [-0.40171, 51.89155], [-0.40283, 51.88945], [-0.40641, 51.88565], [-0.40787, 51.88452], [-0.40978, 51.88282], [-0.41472, 51.88203]]}}, {"type": "Feature", "properties": {"route": "SB1", "route_name": "", "route_id": "57061", "agency": "Arriva Herts and Essex", "agency_id": "OP50", "geometry_source": "GTFS stop sequence"}, "geometry": {"type": "LineString", "coordinates": [[-0.160167415667559, 51.88758125238895], [-0.157440218301178, 51.89030810211444], [-0.160592081986357, 51.894619605638276], [-0.160453611888608, 51.899077449807635], [-0.157852109094049, 51.90617635924515], [-0.15819110754245, 51.9096165868224], [-0.161373312774511, 51.910727395530934], [-0.164074351011443, 51.91187557127534], [-0.162432609156091, 51.91327067294857], [-0.15986432967978, 51.915631388807135], [-0.162476150008442, 51.916121793415726], [-0.165243968987507, 51.916353806034145], [-0.17030550932353, 51.91560534908099], [-0.170984921618029, 51.913556761001324], [-0.169165470520675, 51.911460328360896], [-0.171202742059927, 51.90891132306903], [-0.166504113999811, 51.90612264877467], [-0.165491386923804, 51.90421855916908], [-0.168434308315279, 51.901557827857516], [-0.173528026210014, 51.89997349186787], [-0.191666963151983, 51.89928250975438], [-0.2007536468973, 51.898864298787295], [-0.205742947556378, 51.90132333210855]]}}, {"type": "Feature", "properties": {"route": "100", "route_name": "", "route_id": "97161", "agency": "Arriva Herts and Essex", "agency_id": "OP50", "geometry_source": "GTFS stop sequence"}, "geometry": {"type": "LineString", "coordinates": [[-0.37527, 51.87932], [-0.37742, 51.87654], [-0.38266, 51.87604], [-0.38485, 51.87489], [-0.39295, 51.87365], [-0.39674, 51.87433], [-0.40047, 51.87538], [-0.41472, 51.88203], [-0.41009, 51.88265], [-0.40764, 51.88485], [-0.40359, 51.88866], [-0.4025, 51.89057], [-0.40126, 51.8931], [-0.40193, 51.8952], [-0.39983, 51.89859], [-0.39826, 51.90167], [-0.39309, 51.90584], [-0.38759, 51.90969], [-0.38679, 51.91187], [-0.287243461045768, 51.94606689797091], [-0.283183388086467, 51.949892191102606], [-0.280421878847175, 51.94980692999546], [-0.276383335017196, 51.94963098065864], [-0.275006665719966, 51.94796532774556], [-0.271539524891143, 51.94655672005481], [-0.268502271282232, 51.94494752174251], [-0.266646189692699, 51.942897060902034], [-0.263986460747974, 51.94018731299988], [-0.259499572865843, 51.93771126232732], [-0.212554883352898, 51.923061438875735], [-0.208549475934684, 51.91919698438016], [-0.208645249999951, 51.916060280385686], [-0.208326320240566, 51.912018074713615], [-0.205531747214804, 51.9080820122422], [-0.205742947556378, 51.90132333210855]]}}, {"type": "Feature", "properties": {"route": "511", "route_name": "", "route_id": "107026", "agency": "Arriva Herts and Essex", "agency_id": "OP50", "geometry_source": "GTFS stop sequence"}, "geometry": {"type": "LineString", "coordinates": [[0.154547570612099, 51.84744706413696], [0.157688788216401, 51.851499013577985], [0.155205299784224, 51.85270457402398], [0.152281702610325, 51.8538192192432], [0.148109922875526, 51.856170570104325], [0.146506436134083, 51.85848391683359], [0.148452818833804, 51.86062454006016], [0.151613305485677, 51.86111530255885], [0.154623166236153, 51.86149183861052], [0.156877533777685, 51.861558427893115], [0.159440345563963, 51.86018052445705], [0.163141540605269, 51.85861976839353], [0.164080962607063, 51.85882729738824], [0.166406397886571, 51.86188687403912], [0.164319835543444, 51.86713189977197], [0.161987258712114, 51.86937793866573], [0.161620769013083, 51.87173169290807], [0.158808906671718, 51.873078238862846], [0.157542573928518, 51.87272379216162], [0.153578107206108, 51.87184324845216], [0.147872523972068, 51.874051789333784], [0.141760355245725, 51.87597070386027], [0.137100218866874, 51.87726942962844], [0.140380837067094, 51.87996144772608], [0.142596036941966, 51.88193541166964], [0.152026244920744, 51.884065324558804], [0.154014483624934, 51.884316692130675], [0.156498508364698, 51.88581787222949], [0.15508922317608, 51.885519972062454], [0.153427734880118, 51.88420154092876], [0.150250044600087, 51.884907117603866], [0.14108491284885, 51.88101872654723], [0.139867190417859, 51.879853891654136], [0.137221093072193, 51.87675466874834], [0.13451503432848, 51.87452873494194], [0.126810951219012, 51.87659264363685], [0.118967470659553, 51.87848769851008], [0.099092894646124, 51.88288156445799], [0.092266614797172, 51.88419914407517], [0.056167621419407, 51.89047375075811], [0.026723312080788, 51.88367399383885], [0.018855390303043, 51.883845242342424], [0.006862789209878, 51.88471584880823], [-0.004678306818703, 51.87643253590311], [-0.007268955359377, 51.87238500824298], [-0.010306788414483, 51.86740980208542], [-0.015756625463463, 51.859094170223], [-0.020504500255407, 51.852169257602625], [-0.022587055679005, 51.84904803088941], [-0.028072755291246, 51.84013895198082], [-0.030348658521029, 51.83688594791489], [-0.031987620508457, 51.83325356261668], [-0.034939677947799, 51.824454602341206], [-0.035983374367765, 51.81814152309751], [-0.034330855705765, 51.8131052424419], [-0.031333805692274, 51.81096890234209], [-0.025500427283616, 51.80635697934653]]}}, {"type": "Feature", "properties": {"route": "724", "route_name": "", "route_id": "28481", "agency": "Arriva Herts and Essex", "agency_id": "OP50", "geometry_source": "GTFS stop sequence"}, "geometry": {"type": "LineString", "coordinates": [[0.0944371887, 51.772331394], [0.0913285014, 51.7803360654], [-0.015228800797521, 51.78757002805472], [-0.017710501024561, 51.79280943904835], [-0.031780747438142, 51.80803592526514], [-0.04794277307334, 51.803620428335456], [-0.060048941006557, 51.80002609799015], [-0.076657081045658, 51.79794301988633], [-0.08864822960896, 51.79732029291252], [-0.091334213257962, 51.79862283473942], [-0.099099125021883, 51.798829569261855], [-0.167965973704052, 51.797234230072554], [-0.172590830749875, 51.80013870989504], [-0.182040935971995, 51.80605811222716], [-0.192847606223645, 51.8064135367571], [-0.204116913324956, 51.80243188317629], [-0.199852106823018, 51.80244759255344], [-0.185599397612706, 51.79582616563001], [-0.17725404809252, 51.79095825349332], [-0.18805787345586, 51.78405749469361], [-0.203798736398467, 51.78562089116205], [-0.215638038504977, 51.76372568607792], [-0.227721504700065, 51.761939243983726], [-0.240746958385576, 51.75975203284664], [-0.252453633075853, 51.759414127092704], [-0.279702431928178, 51.7519750719116], [-0.293353262045555, 51.751499687349884], [-0.310970700260825, 51.75187108378902], [-0.326932441657484, 51.750399901818646], [-0.337952819593312, 51.752885178303785]]}}, {"type": "Feature", "properties": {"route": "511", "route_name": "", "route_id": "107026", "agency": "Arriva Herts and Essex", "agency_id": "OP50", "geometry_source": "GTFS stop sequence"}, "geometry": {"type": "LineString", "coordinates": [[0.13451503432848, 51.87452873494194], [0.137100218866874, 51.87726942962844], [0.140380837067094, 51.87996144772608], [0.142596036941966, 51.88193541166964], [0.152026244920744, 51.884065324558804], [0.154014483624934, 51.884316692130675], [0.156498508364698, 51.88581787222949], [0.15508922317608, 51.885519972062454], [0.153427734880118, 51.88420154092876], [0.150250044600087, 51.884907117603866], [0.14108491284885, 51.88101872654723], [0.139867190417859, 51.879853891654136], [0.137221093072193, 51.87675466874834], [0.14199986842711, 51.876119213060186], [0.148062505679149, 51.87407529732724], [0.154445622093082, 51.872061164574234], [0.157754381668393, 51.87289975494731], [0.160845781381394, 51.87132328927297], [0.163652861574299, 51.86927537285433], [0.163269603402518, 51.867645802954016], [0.160812475490598, 51.86729530202672], [0.162565532662075, 51.864475434870485], [0.163396583773302, 51.86363284944243], [0.164402825715828, 51.86069179932913], [0.16434229648967, 51.85912823106912], [0.16283596775051, 51.85860740326677], [0.159080592437211, 51.86025007602181], [0.156886887268605, 51.86145034740368], [0.153511314222893, 51.86132336091871], [0.151271408659101, 51.86095070085507], [0.148463904827408, 51.86055239833112], [0.145511540539509, 51.8626026038635], [0.143151270892459, 51.86214206075413], [0.142301911667282, 51.86046696422432], [0.14291686939592, 51.858432472253114], [0.142659922173865, 51.85638688655653], [0.145544153395662, 51.854131166448326], [0.148728417265948, 51.85421691130875], [0.154619905279156, 51.852913133474786], [0.161498998894677, 51.85192363040375], [0.160147131266693, 51.84855832160933], [0.154547570612099, 51.84744706413696]]}}, {"type": "Feature", "properties": {"route": "302", "route_name": "", "route_id": "12369042", "agency": "Arriva Herts and Essex", "agency_id": "OP50", "geometry_source": "GTFS stop sequence"}, "geometry": {"type": "LineString", "coordinates": [[-0.204203170406151, 51.80245118471828], [-0.206358651319898, 51.80368901852851], [-0.209552733872628, 51.80214611214339], [-0.211493385134707, 51.80038623515811], [-0.214693624771724, 51.7997784548587], [-0.216158512785341, 51.797939340416676], [-0.219968813697759, 51.793986647141686], [-0.22171818518882, 51.79301500547884], [-0.220343951733191, 51.791087901276335], [-0.217654942501774, 51.79014796211355], [-0.21952024979596, 51.78696607016162], [-0.222266315692218, 51.783869407086904], [-0.21949772956231, 51.777227346137785], [-0.218065046160545, 51.77532629809273], [-0.219746626233778, 51.77348142992692], [-0.223386769202022, 51.771216553617506], [-0.219854218962767, 51.76780007813976], [-0.217273612808373, 51.76708656222849], [-0.215638038504977, 51.76372568607792], [-0.217344344888855, 51.76198013908143], [-0.221602881177392, 51.76276401590679], [-0.227721504700065, 51.761939243983726], [-0.233373675533174, 51.76117908090318], [-0.235792201098773, 51.76010039277624], [-0.240746958385576, 51.75975203284664], [-0.244348439156837, 51.76066912049144], [-0.252453633075853, 51.759414127092704], [-0.257648607475518, 51.75846616054013], [-0.270344229016944, 51.75460726577785], [-0.275856303488491, 51.75291682697409], [-0.279702431928178, 51.7519750719116], [-0.284448004313388, 51.75137902867477], [-0.293353262045555, 51.751499687349884], [-0.296380454432067, 51.75190328610688], [-0.300680272237104, 51.751983517850896], [-0.304701972747776, 51.75252716430815], [-0.310970700260825, 51.75187108378902], [-0.314152589470562, 51.75201567912973], [-0.317946790055261, 51.75244770410686], [-0.324521737143279, 51.75173233980593], [-0.326993680314893, 51.750310853854934], [-0.330388405980934, 51.750574934773134], [-0.333516254362532, 51.75100598086067], [-0.337225628139179, 51.75177787422906], [-0.337028583910891, 51.753987107312234], [-0.33818360427169, 51.75567594664511], [-0.341394097035605, 51.75979464548567], [-0.34332065943016, 51.761791049476045], [-0.346644047262676, 51.76324058447249], [-0.350131344523584, 51.761392287632994], [-0.35236310087981, 51.758600126542746], [-0.355330174245721, 51.7547032151], [-0.356901246280436, 51.75333143890565], [-0.361016496716759, 51.74971119664185], [-0.365719692369669, 51.74784342374418], [-0.397553777132844, 51.7418885261145], [-0.405151605304831, 51.7416591754765], [-0.411764856628777, 51.74265691362621], [-0.416624999878466, 51.74367563194283], [-0.424971515619562, 51.74608071023444], [-0.427826282264421, 51.746883241103454], [-0.433041775227972, 51.74812183288861], [-0.435403499419162, 51.75146229942594], [-0.44130485531976, 51.75131591095594], [-0.44672121823039, 51.7517922470573], [-0.450315297352924, 51.75302661110929], [-0.454364329469051, 51.756218074835914], [-0.459396809247908, 51.75522310651878], [-0.467858146516394, 51.75564841672725], [-0.470622301390852, 51.754884142716044], [-0.472281355561308, 51.75337710883868], [-0.472229418758919, 51.751910767506025], [-0.473683402411396, 51.74874655320307], [-0.473816383834508, 51.74694991541759]]}}, {"type": "Feature", "properties": {"route": "SB50", "route_name": "", "route_id": "57066", "agency": "Arriva Herts and Essex", "agency_id": "OP50", "geometry_source": "GTFS stop sequence"}, "geometry": {"type": "LineString", "coordinates": [[-0.204866113163265, 51.90107617016882], [-0.209149847601502, 51.90410876277623], [-0.214777409437836, 51.90296238086008], [-0.212022822604737, 51.899116992634916], [-0.208133239348449, 51.89531720010127], [-0.206872488476272, 51.894129047673246], [-0.203752814534712, 51.891087161141705], [-0.201836243523281, 51.889223537462435], [-0.187918862892342, 51.88911792867595], [-0.187399284718311, 51.88469488561555], [-0.183933547892294, 51.882717166872126], [-0.180425668303021, 51.88215042811192], [-0.173312333586614, 51.879846165132825], [-0.170746558825572, 51.880417754299266], [-0.171701262646563, 51.8844609919722], [-0.169274017742678, 51.88912604294404], [-0.16930530916178, 51.891932018670225], [-0.173442752596039, 51.89204127808069], [-0.180010787381459, 51.89170244734894], [-0.183422501841228, 51.89287016811466], [-0.181470923894251, 51.89585231996088], [-0.191666963151983, 51.89928250975438], [-0.2007536468973, 51.898864298787295], [-0.205742947556378, 51.90132333210855]]}}, {"type": "Feature", "properties": {"route": "20", "route_name": "", "route_id": "52774", "agency": "Arriva Herts and Essex", "agency_id": "OP50", "geometry_source": "GTFS stop sequence"}, "geometry": {"type": "LineString", "coordinates": [[-0.490582358634657, 51.74285934735219], [-0.486140911896776, 51.74313492045342], [-0.479238385146626, 51.74423273043472], [-0.474269485391726, 51.74682991253031], [-0.473738050666018, 51.748414565434125], [-0.472434808242229, 51.752264117882746], [-0.472717476482068, 51.754192039847325], [-0.467186793761587, 51.755792524796476], [-0.459435361796856, 51.755367481036814], [-0.453203034687909, 51.75670634109678], [-0.446585169656952, 51.75786893274511], [-0.446896646890475, 51.76019294171968], [-0.447912020420056, 51.763964937286445], [-0.446168521826922, 51.76620784387033], [-0.441661275348908, 51.764952266315866], [-0.438460998322158, 51.760683634379546], [-0.438740785868886, 51.75929361564382], [-0.437148859622261, 51.75545991803124], [-0.435461031360581, 51.750635814479516], [-0.43274969634502, 51.748189873430896], [-0.427631189524604, 51.744992338296505], [-0.421530297047989, 51.740495545361036], [-0.417790883051358, 51.733935131163655], [-0.414095970592426, 51.72902969767238], [-0.411815620598963, 51.72551003850543], [-0.410358948191424, 51.721219179677675], [-0.412055650211712, 51.71576603781617], [-0.414073958925732, 51.708968419747805], [-0.411540539896221, 51.70402459514704], [-0.404986249634561, 51.70192159941509], [-0.401922814985509, 51.70097178168195], [-0.395422824188341, 51.698994872810054], [-0.39493347335277, 51.69687507468728], [-0.398545209455461, 51.696627629026494], [-0.402519522373757, 51.69594439687694], [-0.406789910965443, 51.69506722315338], [-0.402115593463577, 51.69426639730813], [-0.400033717555853, 51.692988177865175], [-0.402847154517697, 51.69156976187887], [-0.405545413007332, 51.6917772627142], [-0.408230140220746, 51.69237117266266], [-0.408608270453949, 51.69314061270401], [-0.408575093018694, 51.69491158024646], [-0.41361113564798, 51.694062512750214], [-0.416260530343544, 51.68987203826071], [-0.417791645377311, 51.682887928527656], [-0.418851022455917, 51.68154440518159], [-0.41489917359054, 51.680385132065524], [-0.410600254439147, 51.6788163897568], [-0.408541483818108, 51.6773048366077], [-0.405396105445984, 51.67585043584331], [-0.402542528255101, 51.6730960784557], [-0.40074341744771, 51.670796619302166], [-0.397774806009869, 51.66804057438595], [-0.398707750846208, 51.6657783181812], [-0.396123128357449, 51.663216294171114], [-0.396935282654453, 51.659459724775594], [-0.395058535956357, 51.656925316799466], [-0.396903953778616, 51.655430868535426], [-0.40153682013479, 51.654828607353124], [-0.400931690490032, 51.65148432620514], [-0.403939795101114, 51.64979877754995], [-0.40759868007841, 51.648922269583615], [-0.410232225728233, 51.649668320889106], [-0.4143592684423, 51.64862709115324], [-0.41761693365465, 51.64639605074419]]}}, {"type": "Feature", "properties": {"route": "29", "route_name": "", "route_id": "4279", "agency": "Arriva Herts and Essex", "agency_id": "OP50", "geometry_source": "GTFS stop sequence"}, "geometry": {"type": "LineString", "coordinates": [[0.6370227323, 51.5667185528], [0.6405043857, 51.5652911965], [0.6423655414, 51.5645387939], [0.6428869095, 51.5615861616], [0.648001006, 51.5589616131], [0.6517559457, 51.5597671375], [0.6563475775, 51.5603197633], [0.6599316248, 51.5594291142], [0.6634264497, 51.5584954125], [0.6671521272, 51.5558385815], [0.6682008743, 51.5537911699], [0.6710091424, 51.5532146107], [0.6742288502, 51.5503082536], [0.6783417132, 51.5508259608], [0.6825333101, 51.5509639915], [0.6866018482, 51.5507269596], [0.6904942839, 51.5504398646], [0.6952324402, 51.5498184288], [0.6988957881, 51.5498061275], [0.7021871489, 51.5505757373], [0.7056404561, 51.5479958799], [0.7087503202, 51.5442546735], [0.7119019001, 51.5414657433], [0.7141004776, 51.5391484699], [0.714633531, 51.5364740004], [0.7141100073, 51.5385816474], [0.7148106074, 51.5401752984], [0.7186270928, 51.541534862], [0.7185009526, 51.5428058959], [0.7179935044, 51.5446973384], [0.7151414958, 51.5481540224], [0.7149935788, 51.5507566178], [0.7220233523, 51.5513131538], [0.7258909988, 51.5523025599], [0.7278873545, 51.5504663955], [0.7310938628, 51.5512551587], [0.7351256504, 51.5516108799], [0.7346766155, 51.5547061907]]}}, {"type": "Feature", "properties": {"route": "1X", "route_name": "", "route_id": "10632642", "agency": "Arriva Herts and Essex", "agency_id": "OP50", "geometry_source": "GTFS stop sequence"}, "geometry": {"type": "LineString", "coordinates": [[0.6177636377, 51.5185849633], [0.6110345815, 51.5183842594], [0.6062957392, 51.5197128137], [0.6038576231, 51.5214487727], [0.6003313686, 51.5225612827], [0.5964380764, 51.5228004494], [0.5916434726, 51.5203703544], [0.588019422, 51.5202705317], [0.5791562567, 51.52006112], [0.5705230094, 51.5198370045], [0.5690365385, 51.5208318839], [0.5676940134, 51.5228488463], [0.5692808095, 51.5251703747], [0.5721952209, 51.5262306628], [0.5751102647, 51.5285769311], [0.5794801411, 51.530891135], [0.5783682818, 51.5321386995], [0.5747020219, 51.5328398037], [0.5661563121, 51.5352395115], [0.5646252463, 51.5375033788], [0.5629763117, 51.543061396], [0.5647486088, 51.5455947713], [0.5712566508, 51.5459019378], [0.580951932, 51.5510400752], [0.5879394648, 51.5521541739], [0.5941252016, 51.5543827985], [0.6074843669, 51.554131522], [0.6189449971, 51.5504676242], [0.631752455, 51.5484271822], [0.6476396218, 51.5485192631], [0.6563497593, 51.5479805402], [0.6653996231, 51.5473345175], [0.6737925644, 51.5458213999], [0.6781758643, 51.5457933267], [0.6796234406, 51.5446540437], [0.6792790522, 51.5417389867], [0.677926895, 51.5390987678], [0.6780804472, 51.5368018874], [0.6863987659, 51.5357752053], [0.6951935193, 51.5347639603], [0.7143771034, 51.5333771147], [0.723791459, 51.5338243354], [0.7224099138, 51.5350795632], [0.7141004776, 51.5391484699], [0.7147508814, 51.5365072583]]}}, {"type": "Feature", "properties": {"route": "724", "route_name": "", "route_id": "28481", "agency": "Arriva Herts and Essex", "agency_id": "OP50", "geometry_source": "GTFS stop sequence"}, "geometry": {"type": "LineString", "coordinates": [[-0.33657864269359, 51.7544033621421], [-0.326838258506402, 51.750596384386625], [-0.313035962220305, 51.75204461704377], [-0.291561523927905, 51.751374743838056], [-0.278718287798997, 51.752329335499276], [-0.250066804821219, 51.75968434428668], [-0.240351057680168, 51.75987199510087], [-0.22629271812335, 51.76216047705328], [-0.215423275589367, 51.7636594810174], [-0.202155472851506, 51.78537996265595], [-0.187509968974509, 51.78470547000977], [-0.17776269898087, 51.79164953669903], [-0.186442583757826, 51.79613591329372], [-0.204548556516337, 51.80251940367969], [-0.199852106823018, 51.80244759255344], [-0.192500169281079, 51.8067588858505], [-0.181635404069737, 51.80604284928564], [-0.172323072106226, 51.79994571431905], [-0.167707645134324, 51.79716725977532], [-0.100588149184108, 51.79894355695982], [-0.091863401289301, 51.79948568105362], [-0.088653982103197, 51.797527206510765], [-0.076601404596804, 51.79788815586684], [-0.061025386867729, 51.79991631530166], [-0.046949129097274, 51.80412547493161], [-0.031702005935529, 51.808178482807875], [-0.01765945284632, 51.793312145467745], [-0.014796896568117, 51.78749978886392], [0.0916405351, 51.7801866341], [0.0944371887, 51.772331394]]}}, {"type": "Feature", "properties": {"route": "PR", "route_name": "", "route_id": "51814", "agency": "Arriva Herts and Essex", "agency_id": "OP50", "geometry_source": "GTFS stop sequence"}, "geometry": {"type": "LineString", "coordinates": [[0.8984007552, 51.8896779896], [0.8987455235, 51.8875829761], [0.8962117041, 51.8881850245], [0.8961800241, 51.8928894545], [0.8948279353, 51.8998927735], [0.8962814735, 51.9084728348], [0.9037685626, 51.9221923012], [0.8984400801, 51.9270813112]]}}, {"type": "Feature", "properties": {"route": "SB8", "route_name": "", "route_id": "85216", "agency": "Arriva Herts and Essex", "agency_id": "OP50", "geometry_source": "GTFS stop sequence"}, "geometry": {"type": "LineString", "coordinates": [[-0.204751688901869, 51.90102946511332], [-0.207536077606824, 51.909955893244764], [-0.208569762439995, 51.91211169937128], [-0.213381128247768, 51.91507122845442], [-0.214939372480601, 51.91427661354073], [-0.217029246870477, 51.91107122177004], [-0.220395902595509, 51.908658407817754], [-0.223492426940004, 51.910134897973236], [-0.221043006581152, 51.91288537492366], [-0.220115959279582, 51.91537109507401], [-0.222474294007806, 51.91640483292442], [-0.221024777123148, 51.91886468325157], [-0.217870622316612, 51.91772895107564], [-0.216423218006956, 51.91682582332043], [-0.213745038916387, 51.91542743499435], [-0.208326320240566, 51.912018074713615], [-0.205531747214804, 51.9080820122422], [-0.205066266646378, 51.90116015036039]]}}, {"type": "Feature", "properties": {"route": "97", "route_name": "", "route_id": "77967", "agency": "Arriva Herts and Essex", "agency_id": "OP50", "geometry_source": "GTFS stop sequence"}, "geometry": {"type": "LineString", "coordinates": [[-0.276383335017196, 51.94963098065864], [-0.270506239535747, 51.95072270992982], [-0.263639047346283, 51.9533281472211], [-0.260713318708404, 51.954849526956544], [-0.255958183041738, 51.95625383199868], [-0.253385928793908, 51.954660125549566], [-0.25133422801058, 51.952408703409986], [-0.24811913101623, 51.95126390916371], [-0.24447082493865, 51.951155613329135], [-0.24751655540995, 51.95290942749026], [-0.248152156650458, 51.9548970765953], [-0.247003823382628, 51.95635463438554], [-0.248605609351992, 51.95857246377045], [-0.243425227854553, 51.9641331268738], [-0.236629466077936, 51.96742144310287], [-0.234153219348263, 51.96857124601185], [-0.233477378161742, 51.971690242919145], [-0.234468108546107, 51.97315277549185], [-0.235640298378035, 51.97481583670054], [-0.237174160892485, 51.977653227875784], [-0.229946643043803, 51.97963988902716], [-0.233883918250541, 51.98134449556092], [-0.236997053019455, 51.98216443381609], [-0.242156876751624, 51.98352738673383], [-0.246942464280826, 51.984785632000815], [-0.246779152140051, 51.98710306663804], [-0.24489, 51.99904], [-0.24363, 52.0027], [-0.23878, 52.01059], [-0.23634, 52.01346], [-0.23359, 52.01551], [-0.23151, 52.01651], [-0.22822, 52.01888], [-0.22589, 52.02039]]}}, {"type": "Feature", "properties": {"route": "723", "route_name": "", "route_id": "8647070", "agency": "Arriva Herts and Essex", "agency_id": "OP50", "geometry_source": "GTFS stop sequence"}, "geometry": {"type": "LineString", "coordinates": [[0.0942468297, 51.7722898239], [0.1017407077, 51.7741613696], [0.1051048344, 51.7754320463], [0.1085955596, 51.7763046883], [0.1159990676, 51.776837075], [0.1228092999, 51.7773887055], [0.1257342113, 51.7785498261], [0.131215835, 51.7798174149], [0.1452369472, 51.784139522], [0.1574057741, 51.7881792452], [0.2136420653, 51.8740914003], [0.2377690303, 51.8757660918], [0.2422455389, 51.8787203132], [0.2488373497, 51.8803749936], [0.2634314367, 51.8891685471]]}}, {"type": "Feature", "properties": {"route": "300", "route_name": "", "route_id": "3449837", "agency": "Arriva Herts and Essex", "agency_id": "OP50", "geometry_source": "GTFS stop sequence"}, "geometry": {"type": "LineString", "coordinates": [[-0.337952819593312, 51.752885178303785], [-0.339444720330257, 51.751314690117795], [-0.340665701768741, 51.74922781704907], [-0.341605877658148, 51.74768547861973], [-0.342977029340252, 51.74544783701552], [-0.351711944769574, 51.74265727476628], [-0.355391289747182, 51.74544237257313], [-0.359855896998269, 51.747357102647804], [-0.365719692369669, 51.74784342374418], [-0.397553777132844, 51.7418885261145], [-0.405151605304831, 51.7416591754765], [-0.411764856628777, 51.74265691362621], [-0.416624999878466, 51.74367563194283], [-0.424971515619562, 51.74608071023444], [-0.427826282264421, 51.746883241103454], [-0.433041775227972, 51.74812183288861], [-0.435403499419162, 51.75146229942594], [-0.44130485531976, 51.75131591095594], [-0.443936729599492, 51.750190835126574], [-0.455894572888893, 51.74788477265775], [-0.473816383834508, 51.74694991541759]]}}, {"type": "Feature", "properties": {"route": "251", "route_name": "", "route_id": "8451", "agency": "Arriva Herts and Essex", "agency_id": "OP50", "geometry_source": "GTFS stop sequence"}, "geometry": {"type": "LineString", "coordinates": [[-0.031124614571783, 51.6855136021851], [-0.026112546252733, 51.68566327801746], [-0.019682154108022, 51.68582480397478], [-0.014070141429694, 51.68645843204066], [-0.0065163276, 51.6874904957], [-0.0014680932, 51.6861547551], [0.0006930327, 51.6862798251], [0.0012154767, 51.6876287828], [0.0034735901, 51.6912592008], [0.0068182373, 51.6919664592], [0.0183726854, 51.6895473351], [0.0204277195, 51.6889095071], [0.0236660617, 51.6891774841], [0.0256904393, 51.6894753081], [0.0262498982, 51.688071825], [0.0266647609, 51.6866708339], [0.0281284644, 51.6876976868], [0.0314969486, 51.6889343876]]}}, {"type": "Feature", "properties": {"route": "SB3", "route_name": "", "route_id": "57063", "agency": "Arriva Herts and Essex", "agency_id": "OP50", "geometry_source": "GTFS stop sequence"}, "geometry": {"type": "LineString", "coordinates": [[-0.204808721879104, 51.90105731086965], [-0.202001734297794, 51.90546544394669], [-0.197313544733114, 51.90564549450466], [-0.188074581380495, 51.9072840022884], [-0.18528295883206, 51.908014291178276], [-0.183348907101495, 51.90982779270456], [-0.183722900858103, 51.912809886074086], [-0.182105433839396, 51.916858244330136], [-0.178102190389221, 51.91840589160095], [-0.171175621425598, 51.91888293750325], [-0.170240830868443, 51.920415016642316], [-0.174807407223009, 51.92076467222087], [-0.176649637477437, 51.923032209725285], [-0.178643994977942, 51.92406118943461], [-0.183226979831577, 51.92401512618409], [-0.189434688654873, 51.92298679804114], [-0.191965569487413, 51.91790932222387], [-0.192812510727434, 51.91419968841399], [-0.192717125579092, 51.910781304218595], [-0.191941789423399, 51.90872823406809], [-0.19454691972901, 51.905396267763], [-0.197818300063939, 51.905383468592156], [-0.203416536153048, 51.904983505776116], [-0.205742947556378, 51.90132333210855]]}}, {"type": "Feature", "properties": {"route": "3", "route_name": "", "route_id": "115719", "agency": "Arriva Herts and Essex", "agency_id": "OP50", "geometry_source": "GTFS stop sequence"}, "geometry": {"type": "LineString", "coordinates": [[0.0941834901, 51.7721740507], [0.0908485087, 51.7712082889], [0.0907248119, 51.7688454765], [0.0883421088, 51.7630697262], [0.0885072665, 51.7600543195], [0.0905844978, 51.7579671042], [0.0968323633, 51.7586471264], [0.0995963599, 51.7557561542], [0.1014625252, 51.7541311279], [0.1016432309, 51.75084564], [0.0967199892, 51.7490271841], [0.0943042542, 51.7509856618], [0.0934363654, 51.7522690652], [0.0883746134, 51.7534112496], [0.0878558151, 51.7522154783], [0.0881354899, 51.7485415822], [0.0873644204, 51.746585931], [0.0849032945, 51.7472501052], [0.0828535449, 51.7505597125], [0.0807846499, 51.751252815], [0.0810210729, 51.7538744252], [0.0817431692, 51.7563435522], [0.0862984366, 51.757719546], [0.0886962187, 51.7591247384], [0.0896925774, 51.7637561243], [0.0910638048, 51.7670859182], [0.0912768695, 51.7716952519], [0.0941834901, 51.7721740507]]}}, {"type": "Feature", "properties": {"route": "2", "route_name": "", "route_id": "115528", "agency": "Arriva Herts and Essex", "agency_id": "OP50", "geometry_source": "GTFS stop sequence"}, "geometry": {"type": "LineString", "coordinates": [[0.7938766857, 51.538785757], [0.788141994, 51.5372224286], [0.7857788857, 51.5377282864], [0.7815526371, 51.5396093902], [0.7801941237, 51.5369614579], [0.776019378, 51.5344791517], [0.7730006085, 51.5348743602], [0.7692881603, 51.5354837387], [0.7668369561, 51.5364409827], [0.7626275818, 51.5369449539], [0.7569382692, 51.5382570416], [0.7568381557, 51.5404178962], [0.7541018986, 51.5438278684], [0.7501482066, 51.5430842425], [0.746096523, 51.5423877477], [0.7436424224, 51.5421124252], [0.7377495215, 51.5414946836], [0.7336378507, 51.5407541925], [0.7310830861, 51.5404809549], [0.7261716131, 51.5401095828], [0.7227939167, 51.5400621492], [0.7197074884, 51.5400618253], [0.7141004776, 51.5391484699], [0.7147279594, 51.5366067196]]}}, {"type": "Feature", "properties": {"route": "PR", "route_name": "", "route_id": "51814", "agency": "Arriva Herts and Essex", "agency_id": "OP50", "geometry_source": "GTFS stop sequence"}, "geometry": {"type": "LineString", "coordinates": [[0.8984400801, 51.9270813112], [0.9038707979, 51.9221987709], [0.8967107163, 51.9081384952], [0.8951143449, 51.8993730892], [0.8963454427, 51.8929753164], [0.8984007552, 51.8896779896]]}}, {"type": "Feature", "properties": {"route": "322", "route_name": "", "route_id": "85083", "agency": "Arriva Herts and Essex", "agency_id": "OP50", "geometry_source": "GTFS stop sequence"}, "geometry": {"type": "LineString", "coordinates": [[-0.496003411495247, 51.644090103152806], [-0.493252425458639, 51.64293084424845], [-0.490919545231837, 51.64050003545079], [-0.493356690803632, 51.638912776981584], [-0.495469767270779, 51.63706954173552], [-0.492355409642784, 51.63685875040045], [-0.48817568659289, 51.634790811028765], [-0.484496315312526, 51.635930322389086], [-0.479940778991934, 51.63733713179855], [-0.471208617369325, 51.64046088422024], [-0.466439065642248, 51.64218809768765], [-0.463318487372057, 51.64386477236277], [-0.455703727975382, 51.64678618836341], [-0.45463190259197, 51.64855250167686], [-0.447372290340131, 51.64823194641312], [-0.44613563024412, 51.64888998925682], [-0.445759682695738, 51.652274994291744], [-0.44808973208365, 51.65346577392636], [-0.443716790025085, 51.65325504270622], [-0.43667047371233, 51.65301758343914], [-0.433026602308075, 51.65262732448528], [-0.428385359557114, 51.65181896882815], [-0.421772201740185, 51.6516043936467], [-0.41635611251583, 51.651054905520134], [-0.412520990835729, 51.65076933328571], [-0.408701999848253, 51.64961162746485], [-0.403875374118263, 51.64998673465342], [-0.398522741184934, 51.652980145833325], [-0.397083373432707, 51.65813092621136], [-0.397068873435468, 51.66018091013155], [-0.396428845388537, 51.66315752453649], [-0.399968365735962, 51.66324176612171], [-0.403609611532312, 51.66043185478415], [-0.407912188658894, 51.662252693559715], [-0.41030134570801, 51.665459234078156], [-0.415260628683395, 51.67044487458775], [-0.418148794353013, 51.673469146281846], [-0.420514808436591, 51.6752993823076], [-0.424674392385318, 51.677549283709304], [-0.429395586302758, 51.68197360827681], [-0.437000379004229, 51.6925866263269], [-0.444757616795948, 51.70392048747658], [-0.445635963564397, 51.70573948537928], [-0.447628333382878, 51.708841058638185], [-0.450000270760616, 51.712702922312914], [-0.450610839055686, 51.714320524252884], [-0.450419031712002, 51.71823845936856], [-0.45138815227746, 51.72080493100993], [-0.454094437377312, 51.72635258614833], [-0.456910819132078, 51.729536756213996], [-0.461974543053416, 51.732651378110056], [-0.464618299888582, 51.735401487466866], [-0.46762779552496, 51.73633995132498], [-0.471853729348008, 51.73900261006203], [-0.474713903362997, 51.7409460335487], [-0.47380692037824, 51.74336205362004], [-0.474467958249626, 51.74695837430083], [-0.473738050666018, 51.748414565434125], [-0.472281355561308, 51.75337710883868], [-0.472266037123347, 51.751254840666235]]}}, {"type": "Feature", "properties": {"route": "97", "route_name": "", "route_id": "77967", "agency": "Arriva Herts and Essex", "agency_id": "OP50", "geometry_source": "GTFS stop sequence"}, "geometry": {"type": "LineString", "coordinates": [[-0.22589, 52.02039], [-0.22396, 52.01835], [-0.22142, 52.01434], [-0.22551, 52.01336], [-0.22676, 52.01378], [-0.22954, 52.01444], [-0.23128, 52.01563], [-0.23447, 52.01489], [-0.23637, 52.013], [-0.23857, 52.01062], [-0.24357, 52.00186], [-0.24489, 51.99904], [-0.246338800224393, 51.98756407999247], [-0.246519686483621, 51.984797321183535], [-0.243275907080472, 51.98395770493318], [-0.237368386327651, 51.98234982733311], [-0.233678406999035, 51.981386371966465], [-0.230111679759267, 51.979516485027816], [-0.23712115610862, 51.97714889631535], [-0.235937124831899, 51.97541373969253], [-0.234350998216861, 51.973169003042365], [-0.233206583925511, 51.97154231186028], [-0.234163816687745, 51.968301651927405], [-0.238106181975274, 51.96688605980227], [-0.243559525615624, 51.9636765504598], [-0.250861679645331, 51.95931635119834], [-0.255196276763876, 51.95751038126073], [-0.257851666527732, 51.95546361540594], [-0.262137017417351, 51.95453785569641], [-0.263445148924336, 51.9530735182618], [-0.271150436186943, 51.95251253768885], [-0.27382738758315, 51.9536667931727], [-0.275683715735607, 51.952695912135255], [-0.276383335017196, 51.94963098065864]]}}, {"type": "Feature", "properties": {"route": "59", "route_name": "", "route_id": "8695", "agency": "Arriva Herts and Essex", "agency_id": "OP50", "geometry_source": "GTFS stop sequence"}, "geometry": {"type": "LineString", "coordinates": [[0.0940564711, 51.7722482535], [0.1017407077, 51.7741613696], [0.1051048344, 51.7754320463], [0.1085955596, 51.7763046883], [0.1159990676, 51.776837075], [0.1228092999, 51.7773887055], [0.1257342113, 51.7785498261], [0.131215835, 51.7798174149], [0.1452369472, 51.784139522], [0.1574057741, 51.7881792452], [0.1722603016, 51.8018890331], [0.1818844964, 51.8032485179], [0.1861758777, 51.8041040127], [0.1901788731, 51.8049917026], [0.2083462303, 51.8128350498], [0.2172776312, 51.812424141], [0.2660739724, 51.798939951], [0.2699902913, 51.7989453202], [0.2815525233, 51.7972736458], [0.2862011736, 51.7942696922], [0.2919947841, 51.7918367455], [0.3026768403, 51.7948563419], [0.3088185121, 51.7961297336], [0.3116141997, 51.7940784008], [0.3144733066, 51.7901552616], [0.3158159874, 51.7852277711], [0.3240278143, 51.7799667828], [0.3294470487, 51.778501584], [0.3350849569, 51.7759436607], [0.3434248792, 51.7740690197], [0.3481551271, 51.7730393455], [0.3515141853, 51.7729631849], [0.3701641827, 51.7645489056], [0.3783316426, 51.7630439411], [0.3882518736, 51.7571412422], [0.3929743534, 51.7521799996], [0.403729473, 51.7481654423], [0.4070057644, 51.7457512105], [0.4116195843, 51.7437051244], [0.422543647, 51.7423742371], [0.4319617219, 51.7416040992], [0.4459301276, 51.740873446], [0.447678012, 51.7407830831], [0.4519453691, 51.740406317], [0.4592098405, 51.7394720762], [0.4642570885, 51.7374597865], [0.4690223311, 51.7361276812], [0.4732668526, 51.7414432112]]}}, {"type": "Feature", "properties": {"route": "SB7", "route_name": "", "route_id": "79488", "agency": "Arriva Herts and Essex", "agency_id": "OP50", "geometry_source": "GTFS stop sequence"}, "geometry": {"type": "LineString", "coordinates": [[-0.204751688901869, 51.90102946511332], [-0.200770492430218, 51.899170281042025], [-0.193886960502184, 51.8993795476222], [-0.193197535297807, 51.90134718409736], [-0.190142266643432, 51.901776804957315], [-0.186572338479658, 51.90235127939147], [-0.183595152070287, 51.904445438650605], [-0.188074581380495, 51.9072840022884], [-0.189617685781522, 51.9097625404397], [-0.189290721110343, 51.913192415496155], [-0.184724761987594, 51.9164490792378], [-0.182105433839396, 51.916858244330136], [-0.178102190389221, 51.91840589160095], [-0.168533488556883, 51.92341873402715], [-0.16543839058503, 51.923712223602365], [-0.164125039740662, 51.92524734549397], [-0.167722629161567, 51.92797400121761], [-0.174192009217477, 51.930196619321315], [-0.17903872494641, 51.930118838635735], [-0.184529556062797, 51.927775849199726]]}}, {"type": "Feature", "properties": {"route": "101", "route_name": "", "route_id": "18315", "agency": "Arriva Herts and Essex", "agency_id": "OP50", "geometry_source": "GTFS stop sequence"}, "geometry": {"type": "LineString", "coordinates": [[-0.204623096249622, 51.90097355188425], [-0.206583432620046, 51.90211843887998], [-0.207536077606824, 51.909955893244764], [-0.208569762439995, 51.91211169937128], [-0.208749701898996, 51.91635860185997], [-0.208654200745952, 51.91875797694931], [-0.212800535372366, 51.92310113664621], [-0.260360801454588, 51.93801172981366], [-0.265721957574321, 51.93932270832169], [-0.272452630857151, 51.94059060380286], [-0.276591987063002, 51.94532698810324], [-0.27541765174919, 51.947872439708185], [-0.276518013632333, 51.94953404314268], [-0.287486746310057, 51.9457916933095], [-0.341618781990747, 51.929851121178835], [-0.353246044737839, 51.92809912571953], [-0.363762494577518, 51.92327337747278], [-0.372391580056912, 51.92232300342129], [-0.380894917107118, 51.91475239582845], [-0.38771, 51.90906], [-0.39269, 51.9058], [-0.39497, 51.90326], [-0.39854, 51.90116], [-0.3997, 51.89895], [-0.40159, 51.89419], [-0.40171, 51.89155], [-0.40283, 51.88945], [-0.40641, 51.88565], [-0.40787, 51.88452], [-0.40978, 51.88282], [-0.41505, 51.8821], [-0.40183, 51.87545], [-0.39621, 51.87427], [-0.39084, 51.87372], [-0.38436, 51.87526], [-0.3829, 51.87603], [-0.37946, 51.8767], [-0.37527, 51.87932]]}}, {"type": "Feature", "properties": {"route": "309", "route_name": "", "route_id": "7759", "agency": "Arriva Herts and Essex", "agency_id": "OP50", "geometry_source": "GTFS stop sequence"}, "geometry": {"type": "LineString", "coordinates": [[0.14291686939592, 51.858432472253114], [0.142659922173865, 51.85638688655653], [0.145544153395662, 51.854131166448326], [0.148728417265948, 51.85421691130875], [0.152281702610325, 51.8538192192432], [0.148109922875526, 51.856170570104325], [0.146506436134083, 51.85848391683359], [0.148452818833804, 51.86062454006016], [0.151613305485677, 51.86111530255885], [0.154623166236153, 51.86149183861052], [0.156877533777685, 51.861558427893115], [0.159440345563963, 51.86018052445705], [0.163141540605269, 51.85861976839353], [0.164080962607063, 51.85882729738824], [0.16402800424432, 51.86135514334204], [0.163509364351414, 51.86295634343219], [0.162062785322012, 51.86459258643508], [0.160614508349463, 51.86649861406018], [0.161987258712114, 51.86937793866573], [0.167383690251696, 51.8707353968606], [0.16940555314653, 51.874411992087396], [0.173024541520158, 51.87745656809332], [0.175808242673724, 51.879140647917474], [0.178763527613376, 51.87896005406526], [0.181428241588936, 51.877579789498284], [0.180523518939253, 51.87509666905711], [0.183187517631495, 51.87370738264354], [0.186268209622109, 51.872526108743756], [0.193611018966733, 51.87265917414858], [0.2136420653, 51.8740914003], [0.2377690303, 51.8757660918], [0.2422455389, 51.8787203132], [0.2488373497, 51.8803749936], [0.2634314367, 51.8891685471]]}}, {"type": "Feature", "properties": {"route": "401", "route_name": "", "route_id": "5886", "agency": "Arriva Herts and Essex", "agency_id": "OP50", "geometry_source": "GTFS stop sequence"}, "geometry": {"type": "LineString", "coordinates": [[-0.181145461680977, 51.80163815515726], [-0.183438350489205, 51.80304938810805], [-0.184573585327066, 51.80475742819226], [-0.179212299861725, 51.80390120914593], [-0.177679403028099, 51.80414722253868], [-0.174798035245456, 51.80438128282172], [-0.173587800655109, 51.80274391748559], [-0.172323072106226, 51.79994571431905], [-0.171274967473324, 51.79860758159932], [-0.167730332575938, 51.79946958605014], [-0.165722492808327, 51.80105685255039], [-0.164613407188548, 51.80193875225121], [-0.161243581670932, 51.80134657410223], [-0.160352513087418, 51.80043342643557], [-0.164766268141569, 51.79960319734606], [-0.16628083651482, 51.79694718868523], [-0.167965973704052, 51.797234230072554], [-0.174361097344337, 51.79796315392194], [-0.178337785977691, 51.79896900410952], [-0.184080734160637, 51.80222305009034], [-0.1896586679692, 51.805995806924784], [-0.192847606223645, 51.8064135367571], [-0.196762167928611, 51.80427957973518], [-0.197747400789662, 51.80321564110224], [-0.199973795397692, 51.802305583002614], [-0.204548556516337, 51.80251940367969]]}}, {"type": "Feature", "properties": {"route": "322", "route_name": "", "route_id": "85083", "agency": "Arriva Herts and Essex", "agency_id": "OP50", "geometry_source": "GTFS stop sequence"}, "geometry": {"type": "LineString", "coordinates": [[-0.472266037123347, 51.751254840666235], [-0.473683402411396, 51.74874655320307], [-0.474133719972678, 51.74699000289287], [-0.473609615922316, 51.74362924624567], [-0.474212282759341, 51.74121826923867], [-0.472499360206584, 51.73961345619975], [-0.46942191515073, 51.73767613993096], [-0.466076214404038, 51.735114802613715], [-0.461601250455293, 51.73255657352], [-0.456663541002424, 51.72956947644207], [-0.454622164316628, 51.727861169840644], [-0.451011872417841, 51.7203773529056], [-0.449967612761517, 51.71704557604184], [-0.450119147710826, 51.713459809681716], [-0.449271872356502, 51.71156932406598], [-0.447290970997745, 51.708548859891394], [-0.445993596018247, 51.70670635048462], [-0.444256897445956, 51.70332938379466], [-0.436437916499397, 51.69253418197415], [-0.429207316219048, 51.68198008281731], [-0.423694650691255, 51.67702359760331], [-0.4210007711683, 51.67588140261092], [-0.418381077737051, 51.673858929572035], [-0.416799289115443, 51.67235394202492], [-0.412540955049619, 51.66881656544363], [-0.410390563474528, 51.66580213772402], [-0.408065138308776, 51.662839247440054], [-0.402836653532805, 51.66103280288518], [-0.396123128357449, 51.663216294171114], [-0.396935282654453, 51.659459724775594], [-0.395058535956357, 51.656925316799466], [-0.396903953778616, 51.655430868535426], [-0.40153682013479, 51.654828607353124], [-0.400931690490032, 51.65148432620514], [-0.403939795101114, 51.64979877754995], [-0.40759868007841, 51.648922269583615], [-0.411037840506603, 51.65060540259096], [-0.41548039766817, 51.650881236814094], [-0.419557423294871, 51.65127787212635], [-0.42405291233756, 51.65169796575539], [-0.430614820495908, 51.65172289539903], [-0.433547388856848, 51.65261628812203], [-0.436225950161724, 51.65291275324719], [-0.442452641711484, 51.65302247602475], [-0.448042985410725, 51.65314144478654], [-0.445664995422003, 51.65208490939022], [-0.446014203579139, 51.64863660675597], [-0.448225016425155, 51.648234225322334], [-0.453928846345147, 51.648399376138975], [-0.455625289600939, 51.64654237324263], [-0.463300836940107, 51.64353183804892], [-0.465726933322176, 51.64016459124974], [-0.472803356899139, 51.64031078750084], [-0.480293155966248, 51.637170845187356], [-0.484132815154828, 51.63599756623504], [-0.487290429936866, 51.63490529771272], [-0.491759475593924, 51.636527386913045], [-0.496429824786005, 51.63731562949716], [-0.493766216624279, 51.638765167284], [-0.49109229597517, 51.64052023924645], [-0.493191216976921, 51.64259735654393], [-0.495036964857528, 51.64403276194594], [-0.496003411495247, 51.644090103152806]]}}, {"type": "Feature", "properties": {"route": "9", "route_name": "", "route_id": "41029", "agency": "Arriva Herts and Essex", "agency_id": "OP50", "geometry_source": "GTFS stop sequence"}, "geometry": {"type": "LineString", "coordinates": [[0.797194077, 51.5284447058], [0.7962301384, 51.5310669168], [0.7981843255, 51.5333047289], [0.7994215231, 51.5353707595], [0.7998244387, 51.5384100477], [0.7938766857, 51.538785757], [0.7900978078, 51.5404316655], [0.7863692261, 51.5398367974], [0.7815526371, 51.5396093902], [0.7801941237, 51.5369614579], [0.7813571185, 51.5330935237], [0.7832044173, 51.5300457567], [0.7814473572, 51.5274792478], [0.7766140442, 51.5276657605], [0.7726635379, 51.5276693115], [0.7689539767, 51.5276040828], [0.767047761, 51.5261291356], [0.7587242404, 51.5282049772], [0.752323844, 51.5294256543], [0.7486305923, 51.5298720419], [0.7457515286, 51.5301913237], [0.7392065876, 51.5299756657], [0.7366045027, 51.5298655456], [0.7336591352, 51.5300421773], [0.7294905596, 51.5307418705], [0.7257988359, 51.5319429712], [0.723791459, 51.5338243354], [0.7224099138, 51.5350795632], [0.7146697854, 51.5363562432], [0.7141100073, 51.5385816474], [0.7137528583, 51.5405775167], [0.7117898614, 51.5412794671], [0.7075841177, 51.5452619152], [0.7042857337, 51.5492322774], [0.7027835743, 51.5513894087], [0.7010249994, 51.5545776998], [0.7015160843, 51.5572644805], [0.7034038425, 51.5599010858], [0.7019130252, 51.562255798], [0.6981159009, 51.561731645], [0.6970417554, 51.563330235], [0.7013105562, 51.5657232295], [0.6998186239, 51.5666029821], [0.6955649115, 51.5656845402], [0.6918549264, 51.5656618224], [0.6816679318, 51.5639615546], [0.6796363835, 51.5669578845], [0.6796957616, 51.5667406818], [0.6760732325, 51.5674709265], [0.6758268683, 51.5686816872], [0.6749825515, 51.5700319955], [0.6735180795, 51.5711446138], [0.6705590192, 51.5713829004], [0.667382048, 51.5711044408], [0.664541708, 51.5716456564], [0.6575528497, 51.5728204799], [0.6558596673, 51.5722472681], [0.6553806893, 51.5709630419], [0.6540600479, 51.5695989322], [0.6500899839, 51.5698235995], [0.6432751811, 51.5712634441], [0.6388671984, 51.5729005855], [0.6357829431, 51.5744718471], [0.6281816972, 51.5768098345], [0.6257240235, 51.5772425992], [0.6184296404, 51.5794111935], [0.613080818, 51.5812841889], [0.6089086349, 51.5830408398], [0.6050383358, 51.5852852754], [0.6004633238, 51.5893528825]]}}, {"type": "Feature", "properties": {"route": "310", "route_name": "", "route_id": "7650", "agency": "Arriva Herts and Essex", "agency_id": "OP50", "geometry_source": "GTFS stop sequence"}, "geometry": {"type": "LineString", "coordinates": [[-0.031126953816526, 51.68545968699234], [-0.033851357924711, 51.69036121877051], [-0.03448433271596, 51.69244905460663], [-0.034683859789639, 51.69619322531111], [-0.034642072521613, 51.70116531159649], [-0.034420165160255, 51.70428195221091], [-0.037131115472719, 51.707186854936026], [-0.035129834085999, 51.710282740831175], [-0.032808402161037, 51.71274376702743], [-0.028412241328665, 51.715637550330186], [-0.025851567058648, 51.72025259264941], [-0.02602859056783, 51.722836374002185], [-0.026027984897299, 51.72783611225739], [-0.025204536614604, 51.731446191128484], [-0.023421223650234, 51.733817161267346], [-0.022549712360832, 51.7375253275029], [-0.022590746511271, 51.740898145103614], [-0.019941320020596, 51.74451341109484], [-0.019317493688185, 51.74751532950402], [-0.016443858532007, 51.75160333139813], [-0.013495555915109, 51.7550695309776], [-0.012429806168595, 51.75888224247526], [-0.008904836925678, 51.76094476362759], [-0.011722322763154, 51.761792780426596], [-0.011856802470072, 51.76631819174143], [-0.014255171760088, 51.770450239232474], [-0.014283589225463, 51.772114295909795], [-0.012279486093892, 51.77583021131694], [-0.011405902332659, 51.77723621853408], [-0.008443736877456, 51.777347927623296], [-0.001550603796562, 51.77849884700569], [-0.001515840107302, 51.78026974122595], [-0.000470922981287, 51.786852323900476], [-0.004896669318878, 51.78677465383007], [-0.015228800797521, 51.78757002805472], [-0.017710501024561, 51.79280943904835], [-0.020904450219802, 51.800012102658386], [-0.027040474045903, 51.805636476939], [-0.031780747438142, 51.80803592526514], [-0.038767513191788, 51.80748725447356], [-0.042997494456046, 51.80494100230083], [-0.04794277307334, 51.803620428335456], [-0.053236611858789, 51.80194573139065], [-0.060048941006557, 51.80002609799015], [-0.064958056982819, 51.798848091926764], [-0.06746170841716, 51.79829578831867], [-0.070881402787146, 51.79768652906659], [-0.076489287242303, 51.79779639962066]]}}, {"type": "Feature", "properties": {"route": "2", "route_name": "", "route_id": "115611", "agency": "Arriva Herts and Essex", "agency_id": "OP50", "geometry_source": "GTFS stop sequence"}, "geometry": {"type": "LineString", "coordinates": [[0.9186438535, 51.9106900629], [0.9148755591, 51.9115569628], [0.9150785783, 51.9095283697], [0.9176874186, 51.9076020026], [0.9214070503, 51.9086788395], [0.9253168349, 51.9099936589], [0.9282108019, 51.9091032237], [0.9312973179, 51.9091612431], [0.9336948077, 51.9064573337], [0.9344590879, 51.9034613685], [0.9293909216, 51.9026613712], [0.9271500047, 51.9019617015], [0.9239495414, 51.901708551], [0.9219664092, 51.9004987308], [0.9200150307, 51.8979840132], [0.919045182, 51.8964791729], [0.9179706685, 51.8935829092], [0.9176213125, 51.8906596528], [0.9108262338, 51.8898747223], [0.9048944248, 51.8898505234], [0.9017673912, 51.8871127279], [0.8985272785, 51.8875793621], [0.8961505546, 51.8888160822], [0.8961561974, 51.8929709836], [0.8957456407, 51.8951755295], [0.8954734072, 51.8968190653], [0.8948849169, 51.8996485442], [0.8950373266, 51.9022439372], [0.8940167912, 51.9049131651], [0.8930391162, 51.9075723343], [0.8914045358, 51.9101936825], [0.8913422659, 51.9119399642], [0.8918953672, 51.9128527032], [0.8954118611, 51.9130359984], [0.8940261988, 51.9145540386], [0.8911898334, 51.9154511989], [0.8907145181, 51.9159755139], [0.887389394, 51.9183235589], [0.8870822941, 51.9203366572], [0.8831030672, 51.923833812], [0.8806133153, 51.9265209174], [0.8795176957, 51.9264488128], [0.8767557619, 51.9257969068]]}}, {"type": "Feature", "properties": {"route": "SB5", "route_name": "", "route_id": "57067", "agency": "Arriva Herts and Essex", "agency_id": "OP50", "geometry_source": "GTFS stop sequence"}, "geometry": {"type": "LineString", "coordinates": [[-0.204866113163265, 51.90107617016882], [-0.200770492430218, 51.899170281042025], [-0.198056019845009, 51.89581073159957], [-0.19545236812512, 51.89150866354233], [-0.187918862892342, 51.88911792867595], [-0.187399284718311, 51.88469488561555], [-0.183933547892294, 51.882717166872126], [-0.180425668303021, 51.88215042811192], [-0.173312333586614, 51.879846165132825], [-0.170746558825572, 51.880417754299266], [-0.171701262646563, 51.8844609919722], [-0.169274017742678, 51.88912604294404], [-0.16930530916178, 51.891932018670225], [-0.173442752596039, 51.89204127808069], [-0.180010787381459, 51.89170244734894], [-0.183422501841228, 51.89287016811466], [-0.181470923894251, 51.89585231996088], [-0.191666963151983, 51.89928250975438], [-0.2007536468973, 51.898864298787295], [-0.205742947556378, 51.90132333210855]]}}, {"type": "Feature", "properties": {"route": "SB2", "route_name": "", "route_id": "57062", "agency": "Arriva Herts and Essex", "agency_id": "OP50", "geometry_source": "GTFS stop sequence"}, "geometry": {"type": "LineString", "coordinates": [[-0.203027149883561, 51.88997007603191], [-0.206721447225807, 51.89354227222457], [-0.208734002128212, 51.89556013622759], [-0.213045543993171, 51.899717000355174], [-0.213988553821159, 51.90342698073999], [-0.205742947556378, 51.90132333210855], [-0.204808721879104, 51.90105731086965], [-0.202001734297794, 51.90546544394669], [-0.197313544733114, 51.90564549450466], [-0.193505318345675, 51.905632056122876], [-0.192104498900954, 51.90865879858784], [-0.193071819256564, 51.91136223194126], [-0.192854398902228, 51.9146049666975], [-0.192211267331222, 51.91830873944397], [-0.189149141639731, 51.92321619403399], [-0.183891562188968, 51.924124293432946], [-0.178551333259525, 51.924194633889606], [-0.17621825100633, 51.923987659000645], [-0.176903296229269, 51.922514609024226], [-0.174234419815195, 51.920908647392885], [-0.169790397390548, 51.92004833662421], [-0.170829765460038, 51.91880562746354], [-0.178201752905442, 51.91810170811376], [-0.182460730836079, 51.916701877626956], [-0.183602279468606, 51.912556251143876], [-0.182900303366533, 51.909775907356234], [-0.18492915311202, 51.90777504516471], [-0.187665907032258, 51.906962992555265], [-0.19454691972901, 51.905396267763], [-0.197818300063939, 51.905383468592156], [-0.203416536153048, 51.904983505776116], [-0.205742947556378, 51.90132333210855]]}}, {"type": "Feature", "properties": {"route": "511", "route_name": "", "route_id": "107026", "agency": "Arriva Herts and Essex", "agency_id": "OP50", "geometry_source": "GTFS stop sequence"}, "geometry": {"type": "LineString", "coordinates": [[-0.027937039660009, 51.80869089595227], [-0.030065951658718, 51.81043510950414], [-0.034016892216427, 51.8116522449586], [-0.034478955929179, 51.81303578050528], [-0.035583193843116, 51.81733453091085], [-0.035221841683201, 51.824306449782014], [-0.032209484656423, 51.83315836113384], [-0.030317683072512, 51.83726310135276], [-0.028288772668441, 51.84017854261182], [-0.022727416293052, 51.84915829693459], [-0.020617817362524, 51.85223410999916], [-0.015772206645621, 51.85940016734439], [-0.010381581872814, 51.86768982475476], [-0.007269964881445, 51.87269075938108], [-0.004548243469677, 51.87674505594602], [0.007530303469614, 51.884695468152714], [0.019532953295699, 51.8840494259052], [0.055868415461911, 51.89060487085253], [0.091941440149187, 51.88439376499329], [0.098967251464961, 51.88299171392701], [0.126830555856433, 51.87670019740161], [0.13451503432848, 51.87452873494194], [0.137100218866874, 51.87726942962844], [0.140380837067094, 51.87996144772608], [0.142596036941966, 51.88193541166964], [0.152026244920744, 51.884065324558804], [0.154014483624934, 51.884316692130675], [0.156498508364698, 51.88581787222949], [0.15508922317608, 51.885519972062454], [0.153427734880118, 51.88420154092876], [0.150250044600087, 51.884907117603866], [0.14108491284885, 51.88101872654723], [0.139867190417859, 51.879853891654136], [0.137221093072193, 51.87675466874834], [0.14199986842711, 51.876119213060186], [0.148062505679149, 51.87407529732724], [0.154445622093082, 51.872061164574234], [0.157754381668393, 51.87289975494731], [0.160845781381394, 51.87132328927297], [0.163652861574299, 51.86927537285433], [0.163269603402518, 51.867645802954016], [0.160812475490598, 51.86729530202672], [0.162565532662075, 51.864475434870485], [0.163396583773302, 51.86363284944243], [0.164402825715828, 51.86069179932913], [0.16434229648967, 51.85912823106912], [0.16283596775051, 51.85860740326677], [0.159080592437211, 51.86025007602181], [0.156886887268605, 51.86145034740368], [0.153511314222893, 51.86132336091871], [0.151271408659101, 51.86095070085507], [0.148463904827408, 51.86055239833112], [0.145511540539509, 51.8626026038635], [0.143151270892459, 51.86214206075413], [0.142301911667282, 51.86046696422432], [0.14291686939592, 51.858432472253114], [0.142659922173865, 51.85638688655653], [0.145544153395662, 51.854131166448326], [0.148728417265948, 51.85421691130875], [0.154619905279156, 51.852913133474786], [0.161498998894677, 51.85192363040375], [0.160147131266693, 51.84855832160933], [0.154547570612099, 51.84744706413696]]}}, {"type": "Feature", "properties": {"route": "2", "route_name": "", "route_id": "115717", "agency": "Arriva Herts and Essex", "agency_id": "OP50", "geometry_source": "GTFS stop sequence"}, "geometry": {"type": "LineString", "coordinates": [[0.0941834901, 51.7721740507], [0.0908485087, 51.7712082889], [0.0907248119, 51.7688454765], [0.0883421088, 51.7630697262], [0.0885072665, 51.7600543195], [0.0856659275, 51.7575149546], [0.0809427668, 51.7559530682], [0.0812825066, 51.7535730442], [0.0818885874, 51.7509994581], [0.0830814422, 51.7504747406], [0.0843309204, 51.7486630841], [0.0875327822, 51.7470955109], [0.0879320604, 51.7491566849], [0.0877449476, 51.7520106214], [0.0892416124, 51.7536746048], [0.0936296844, 51.7530030038], [0.0943241343, 51.7511022096], [0.0969614952, 51.7489239572], [0.1017480249, 51.7512304426], [0.1008736696, 51.754555311], [0.0989338268, 51.7561546662], [0.0958097911, 51.7587822697], [0.0900682085, 51.7577694612], [0.0886962187, 51.7591247384], [0.0896925774, 51.7637561243], [0.0910638048, 51.7670859182], [0.0912768695, 51.7716952519], [0.0941834901, 51.7721740507]]}}, {"type": "Feature", "properties": {"route": "400", "route_name": "", "route_id": "4970944", "agency": "Arriva Herts and Essex", "agency_id": "OP50", "geometry_source": "GTFS stop sequence"}, "geometry": {"type": "LineString", "coordinates": [[-0.181145461680977, 51.80163815515726], [-0.183438350489205, 51.80304938810805], [-0.184573585327066, 51.80475742819226], [-0.179212299861725, 51.80390120914593], [-0.177679403028099, 51.80414722253868], [-0.174798035245456, 51.80438128282172], [-0.173587800655109, 51.80274391748559], [-0.172323072106226, 51.79994571431905], [-0.171274967473324, 51.79860758159932], [-0.167730332575938, 51.79946958605014], [-0.165722492808327, 51.80105685255039], [-0.164613407188548, 51.80193875225121], [-0.161243581670932, 51.80134657410223], [-0.160352513087418, 51.80043342643557], [-0.164766268141569, 51.79960319734606], [-0.16628083651482, 51.79694718868523], [-0.167965973704052, 51.797234230072554], [-0.174361097344337, 51.79796315392194], [-0.178337785977691, 51.79896900410952], [-0.184080734160637, 51.80222305009034], [-0.1896586679692, 51.805995806924784], [-0.192847606223645, 51.8064135367571], [-0.196762167928611, 51.80427957973518], [-0.197747400789662, 51.80321564110224], [-0.199973795397692, 51.802305583002614], [-0.204390180028189, 51.80249000898457], [-0.206358651319898, 51.80368901852851], [-0.213073555788397, 51.804438687631354], [-0.215320049860455, 51.80227875518715], [-0.218842179347739, 51.80049779279806], [-0.22080819492582, 51.79918774919125], [-0.224112814899733, 51.797394346857544], [-0.226078868789124, 51.81196409804703], [-0.215157724529509, 51.82474731067607], [-0.214830050671917, 51.827529853109105], [-0.214534337179786, 51.83133796475022], [-0.21230456194358, 51.83267087295275], [-0.210846032697683, 51.83358385958492], [-0.200073568550097, 51.83912040763121], [-0.193858744543793, 51.8420734180114], [-0.188929422086393, 51.84553147172948], [-0.185343505526763, 51.84769722419549], [-0.1813315300942, 51.852859606828176], [-0.182200547948078, 51.855076076658015], [-0.183494603355624, 51.858279229014556], [-0.183675202995235, 51.8610065868447], [-0.184407429810911, 51.86734823737161], [-0.188148758106519, 51.87219863259912], [-0.190748991427809, 51.88305595825742], [-0.19294291678534, 51.88487007710902], [-0.197321946187906, 51.88873184217032], [-0.200458192199059, 51.892799235350594], [-0.205742947556378, 51.90132333210855]]}}, {"type": "Feature", "properties": {"route": "4", "route_name": "", "route_id": "3576", "agency": "Arriva Herts and Essex", "agency_id": "OP50", "geometry_source": "GTFS stop sequence"}, "geometry": {"type": "LineString", "coordinates": [[-0.465291332104821, 51.77323887375031], [-0.466310415557373, 51.77481674506957], [-0.463592846306395, 51.77587825957952], [-0.45998037917867, 51.77512064138809], [-0.455828838381057, 51.77402313520205], [-0.454804118994935, 51.77559222827228], [-0.453324731033578, 51.77816241324734], [-0.44904913698171, 51.77602897880005], [-0.448953837834231, 51.77288958004794], [-0.448673299053068, 51.76923520166472], [-0.450359670550127, 51.764851452767026], [-0.454082570634039, 51.764468864341936], [-0.458327570993428, 51.76449763838108], [-0.462943223081311, 51.765133557330785], [-0.467136623291629, 51.765404116777255], [-0.471566868784169, 51.764670524379746], [-0.470458788595042, 51.76315448053761], [-0.467843165752854, 51.762940581339656], [-0.466515556082021, 51.76149357194752], [-0.466627992901034, 51.75988550441164], [-0.469819023477087, 51.758074774245124], [-0.472616651641008, 51.7563217895432], [-0.472281355561308, 51.75337710883868], [-0.472229418758919, 51.751910767506025], [-0.473683402411396, 51.74874655320307], [-0.473816383834508, 51.74694991541759], [-0.477763381667477, 51.74415968495945], [-0.48529120158423, 51.74298909541643], [-0.491163583898531, 51.74280386772315], [-0.49131369638768, 51.744819960591194], [-0.494606933830653, 51.746408777922476], [-0.497092374496405, 51.74833785532582], [-0.501773231839605, 51.75003412120727], [-0.504663040939882, 51.75289434249366], [-0.503401801840062, 51.75554885081777], [-0.499406114324552, 51.756765750889194], [-0.496071804319765, 51.75682204719744], [-0.49282959111425, 51.757158175359095], [-0.495165606747386, 51.76011043528568], [-0.499282528510651, 51.7613679656716], [-0.502285730777318, 51.76169400485918], [-0.498729445747014, 51.76144182938554], [-0.496513360446756, 51.76141350613706], [-0.493519050962142, 51.76343428850332], [-0.489583344340465, 51.76456170846092], [-0.487894528695708, 51.76219314056387], [-0.484708617253745, 51.75953550347061], [-0.48082399577199, 51.75741724879339], [-0.474177608550197, 51.75729519435583], [-0.472616651641008, 51.7563217895432], [-0.473981411857074, 51.746781213529296], [-0.473738050666018, 51.748414565434125], [-0.472429120615024, 51.752003281237286], [-0.472717476482068, 51.754192039847325], [-0.472846177479619, 51.75681932144735], [-0.470107467688882, 51.758114496046936], [-0.466640431604914, 51.75866278001591], [-0.466724636056865, 51.75959902704641], [-0.466197686158487, 51.761894056210245], [-0.468199615064081, 51.76268446438253], [-0.470689023586485, 51.76320243510152], [-0.471945605129056, 51.7646125055651], [-0.467684629789315, 51.765483195834804], [-0.462276905394112, 51.765124842973755], [-0.456825428900873, 51.764352042899034], [-0.453785810342664, 51.76467177308928], [-0.451029391464402, 51.76518398513201], [-0.448981224449629, 51.769976593750215], [-0.449109188148554, 51.77258590800284], [-0.449137578595302, 51.77429472656156], [-0.449230094121933, 51.776247169315475], [-0.453535569659345, 51.77793140005074], [-0.454644379910629, 51.77517650569674], [-0.457224671095133, 51.77432020717611], [-0.461593171148972, 51.7750068803896], [-0.464907801391821, 51.77557173262496], [-0.465291332104821, 51.77323887375031]]}}, {"type": "Feature", "properties": {"route": "8", "route_name": "", "route_id": "115553", "agency": "Arriva Herts and Essex", "agency_id": "OP50", "geometry_source": "GTFS stop sequence"}, "geometry": {"type": "LineString", "coordinates": [[0.6004633238, 51.5893528825], [0.6056695298, 51.5864763792], [0.6097010364, 51.588302371], [0.6125257983, 51.5912343193], [0.6138680432, 51.592985125], [0.6206298295, 51.5955682904], [0.6230904625, 51.596421641], [0.6297483471, 51.5981882051], [0.6342298725, 51.6007677245], [0.640598268, 51.6010112871], [0.6448750256, 51.6007980391], [0.6482038441, 51.6016672674], [0.6554632305, 51.6015841306], [0.6576088208, 51.6022190562], [0.6584817442, 51.6005984346], [0.661646057, 51.5984042203], [0.6656236116, 51.5972796597], [0.6652557075, 51.594203237], [0.6639164271, 51.5922910525], [0.6679046287, 51.5898800903], [0.6708540906, 51.5911799967], [0.6753603807, 51.5934156408], [0.6810948502, 51.5949215558], [0.6836153497, 51.5945671394], [0.6880615799, 51.5957694157], [0.6932102241, 51.5956603272], [0.6980253883, 51.5935800928], [0.6990834024, 51.589994293], [0.7001449208, 51.5869570095], [0.7041915041, 51.5858115454], [0.7079970036, 51.5825580052], [0.7073818642, 51.578767903], [0.7069403391, 51.573768644], [0.7063478633, 51.569384431], [0.7019120549, 51.5658892471], [0.6966171807, 51.5622517691], [0.6959455027, 51.5591913907], [0.695433146, 51.5573594735], [0.6947723696, 51.5559446714], [0.6933006605, 51.5525249251], [0.6866412906, 51.5531093653], [0.6944232563, 51.5527239795], [0.6979263431, 51.5521937614], [0.7021871489, 51.5505757373], [0.7056404561, 51.5479958799], [0.7087503202, 51.5442546735], [0.7119019001, 51.5414657433], [0.7141004776, 51.5391484699], [0.7149557101, 51.5365564781], [0.7147748725, 51.5364257597], [0.7179152016, 51.5351568517], [0.7224312843, 51.5351959851], [0.7255846458, 51.5353565653], [0.7297401824, 51.5353948037], [0.7327117449, 51.5356493617], [0.736762876, 51.5358696588], [0.7396715024, 51.5360355724], [0.7440599198, 51.5377856652], [0.7502059072, 51.5385410503], [0.7556603701, 51.5378733677], [0.7605878018, 51.5373167701], [0.7665687885, 51.536537248], [0.7683691606, 51.5350737385], [0.7683580677, 51.5310897556], [0.7722894899, 51.5317163689], [0.7758710565, 51.5322791839], [0.779802887, 51.5333822084], [0.7800498997, 51.5364882062], [0.7815586635, 51.539708179], [0.7848811586, 51.5421565739], [0.7831295977, 51.543942956], [0.7861206581, 51.5463901898], [0.7872721634, 51.5529552757], [0.7908128013, 51.5537614537], [0.7936956488, 51.5537197932], [0.7981321895, 51.5533711855], [0.8016633089, 51.5530800193], [0.8054819043, 51.5530067147], [0.8100794791, 51.5531664487], [0.8176589067, 51.5523190342], [0.8219177836, 51.5519018406], [0.8243231858, 51.5530041391]]}}, {"type": "Feature", "properties": {"route": "309", "route_name": "", "route_id": "7759", "agency": "Arriva Herts and Essex", "agency_id": "OP50", "geometry_source": "GTFS stop sequence"}, "geometry": {"type": "LineString", "coordinates": [[0.2634314367, 51.8891685471], [0.2491035746, 51.8804688214], [0.2418951376, 51.8783942691], [0.2367577398, 51.8750029784], [0.2138566441, 51.8737276627], [0.193002032429265, 51.872086020403685], [0.18724515293897, 51.87230112036307], [0.180290841361483, 51.87509198963457], [0.181113569339431, 51.87708204868056], [0.179129658055146, 51.87871946912967], [0.175091294494145, 51.87903700544018], [0.173255714764943, 51.87712857039231], [0.173660851011711, 51.875889123545164], [0.169863931919036, 51.87488013532791], [0.167661182696966, 51.87076625304933], [0.163269603402518, 51.867645802954016], [0.160812475490598, 51.86729530202672], [0.162565532662075, 51.864475434870485], [0.163396583773302, 51.86363284944243], [0.164402825715828, 51.86069179932913], [0.16434229648967, 51.85912823106912], [0.16283596775051, 51.85860740326677], [0.159080592437211, 51.86025007602181], [0.156886887268605, 51.86145034740368], [0.153511314222893, 51.86132336091871], [0.151271408659101, 51.86095070085507], [0.148463904827408, 51.86055239833112], [0.145511540539509, 51.8626026038635], [0.143151270892459, 51.86214206075413], [0.142301911667282, 51.86046696422432], [0.14291686939592, 51.858432472253114]]}}, {"type": "Feature", "properties": {"route": "310", "route_name": "", "route_id": "7650", "agency": "Arriva Herts and Essex", "agency_id": "OP50", "geometry_source": "GTFS stop sequence"}, "geometry": {"type": "LineString", "coordinates": [[-0.076489287242303, 51.79779639962066], [-0.072567388205842, 51.798280690751184], [-0.065479032860707, 51.79887465008703], [-0.061025386867729, 51.79991631530166], [-0.052352266779376, 51.802272788681336], [-0.046949129097274, 51.80412547493161], [-0.044367384814369, 51.804792944486934], [-0.038337000998778, 51.807713870157876], [-0.031702005935529, 51.808178482807875], [-0.027546202713424, 51.80601364448943], [-0.025184149378493, 51.803968722123074], [-0.02026100113375, 51.79947072562134], [-0.01765945284632, 51.793312145467745], [-0.014796896568117, 51.78749978886392], [-0.00557366658058, 51.78687606512216], [8.5741591857e-05, 51.785997577121556], [-0.001390624791744, 51.780150712197035], [-0.001370817364793, 51.7786306748033], [-0.002675735047459, 51.77796944025028], [-0.007041972507733, 51.776919514521666], [-0.011825579942893, 51.776263157187906], [-0.012703896440764, 51.7757384724945], [-0.014055791386618, 51.77202052408352], [-0.01405538819401, 51.769718486779404], [-0.012276929041175, 51.766981736861936], [-0.011421655126234, 51.76203947839307], [-0.008838613315223, 51.76113248050485], [-0.012493610347491, 51.75775928083228], [-0.0132000707986, 51.75519942072834], [-0.01654056507865, 51.75138015543981], [-0.018823197353119, 51.748217391177384], [-0.019651817346061, 51.74450853250721], [-0.021758173259274, 51.741720418671925], [-0.022442995381979, 51.73698399100043], [-0.023298427849278, 51.73364424093841], [-0.024727460136316, 51.73043102883812], [-0.026244719383451, 51.72585244382947], [-0.02547335101072, 51.722287502300986], [-0.025972813082399, 51.71946330219226], [-0.029035822277904, 51.714946609486894], [-0.03066060905014, 51.71386779690475], [-0.034841715791923, 51.71025094436517], [-0.036747996769278, 51.70700959775997], [-0.034340299598375, 51.703453317581214], [-0.034392826941629, 51.70190750827206], [-0.034194395613815, 51.700141681966656], [-0.034476856544016, 51.696963106463144], [-0.034425048463247, 51.69314946872643], [-0.033767385440872, 51.6906295848084], [-0.031126953816526, 51.68545968699234]]}}, {"type": "Feature", "properties": {"route": "302", "route_name": "", "route_id": "12369042", "agency": "Arriva Herts and Essex", "agency_id": "OP50", "geometry_source": "GTFS stop sequence"}, "geometry": {"type": "LineString", "coordinates": [[-0.472434808242229, 51.752264117882746], [-0.472717476482068, 51.754192039847325], [-0.467186793761587, 51.755792524796476], [-0.459435361796856, 51.755367481036814], [-0.452887046919487, 51.755353407691814], [-0.451088089009468, 51.75372916883538], [-0.445711285143637, 51.751248377438436], [-0.443911748017719, 51.75049622725141], [-0.441190186254108, 51.75170103978215], [-0.435461031360581, 51.750635814479516], [-0.43274969634502, 51.748189873430896], [-0.428384105020464, 51.747088522645], [-0.424107165419284, 51.74594323769094], [-0.415500119239666, 51.74353458541996], [-0.410823180405981, 51.742662168022605], [-0.405146858421561, 51.74179398956], [-0.397605327109386, 51.74206906712696], [-0.365553936101936, 51.748020957385485], [-0.3602040084634, 51.7505451054667], [-0.357028963003906, 51.7534051597388], [-0.35565300159387, 51.75459083681552], [-0.35197126732752, 51.759412898964804], [-0.349572526750437, 51.762013877586284], [-0.346325733285852, 51.76322711476477], [-0.342545473000699, 51.76119564532065], [-0.341220314808697, 51.75939654772544], [-0.337214393511146, 51.75523961751155], [-0.336842975879528, 51.75391254540744], [-0.337911761008585, 51.752030362000646], [-0.332185443581347, 51.75095113582841], [-0.326838258506402, 51.750596384386625]]}}, {"type": "Feature", "properties": {"route": "301", "route_name": "", "route_id": "7640", "agency": "Arriva Herts and Essex", "agency_id": "OP50", "geometry_source": "GTFS stop sequence"}, "geometry": {"type": "LineString", "coordinates": [[-0.240351057680168, 51.75987199510087], [-0.236301869363, 51.76003610535701], [-0.233090093024341, 51.761390627549275], [-0.229343889534568, 51.76195470383924], [-0.22629271812335, 51.76216047705328], [-0.222473626903253, 51.763469576597984], [-0.216772840548016, 51.76177364412848], [-0.215443428460445, 51.7635159138167], [-0.214136149481288, 51.767632411675834], [-0.208469788430973, 51.7709182111573], [-0.20531370444558, 51.77411620439471], [-0.202155472851506, 51.78537996265595], [-0.19562218881553, 51.78378718336811], [-0.191177616867975, 51.78362895896956], [-0.187509968974509, 51.78470547000977], [-0.184015917689996, 51.78506518279144], [-0.179595946661373, 51.78573417262587], [-0.17728484721933, 51.787676621046344], [-0.17776269898087, 51.79164953669903], [-0.182051449987817, 51.79498005563083], [-0.186442583757826, 51.79613591329372], [-0.19008284324523, 51.79866482501515], [-0.193903651757289, 51.80031517360743], [-0.199973795397692, 51.802305583002614], [-0.204390180028189, 51.80249000898457], [-0.208857524987568, 51.80504893977312], [-0.20582927560311, 51.80788920994068], [-0.203899379028763, 51.81228382095708], [-0.20427137337577, 51.81496912355941], [-0.208854258450182, 51.81720609453303], [-0.209472026927131, 51.8199220959703], [-0.202306171562022, 51.821332417278995], [-0.201749058371066, 51.82220511613353], [-0.203738778852124, 51.82434864661293], [-0.211217035120164, 51.82715124124323], [-0.213799542704834, 51.824232129759686], [-0.215157724529509, 51.82474731067607], [-0.214830050671917, 51.827529853109105], [-0.214534337179786, 51.83133796475022], [-0.21230456194358, 51.83267087295275], [-0.210846032697683, 51.83358385958492], [-0.200073568550097, 51.83912040763121], [-0.193858744543793, 51.8420734180114], [-0.188929422086393, 51.84553147172948], [-0.185343505526763, 51.84769722419549], [-0.1813315300942, 51.852859606828176], [-0.182200547948078, 51.855076076658015], [-0.183494603355624, 51.858279229014556], [-0.183675202995235, 51.8610065868447], [-0.184407429810911, 51.86734823737161], [-0.188148758106519, 51.87219863259912], [-0.190748991427809, 51.88305595825742], [-0.19294291678534, 51.88487007710902], [-0.197321946187906, 51.88873184217032], [-0.200458192199059, 51.892799235350594], [-0.206583432620046, 51.90211843887998], [-0.207536077606824, 51.909955893244764], [-0.208569762439995, 51.91211169937128], [-0.211273256445702, 51.91652286888518], [-0.214593210070222, 51.92153678561869], [-0.212554883352898, 51.923061438875735]]}}, {"type": "Feature", "properties": {"route": "323", "route_name": "", "route_id": "86897", "agency": "Arriva Herts and Essex", "agency_id": "OP50", "geometry_source": "GTFS stop sequence"}, "geometry": {"type": "LineString", "coordinates": [[-0.025591461621456, 51.816222992244164], [-0.020790435482893, 51.815198090469735], [-0.016922595032546, 51.814071834682], [-0.018748597449895, 51.81213331670965], [-0.021570421372739, 51.81196501906767], [-0.023569748529357, 51.809705623106055], [-0.028475683257312, 51.80997682695941], [-0.027040474045903, 51.805636476939], [-0.031780747438142, 51.80803592526514], [-0.038767513191788, 51.80748725447356], [-0.042997494456046, 51.80494100230083], [-0.04794277307334, 51.803620428335456], [-0.053236611858789, 51.80194573139065], [-0.060048941006557, 51.80002609799015], [-0.064958056982819, 51.798848091926764], [-0.06746170841716, 51.79829578831867], [-0.070881402787146, 51.79768652906659], [-0.076657081045658, 51.79794301988633], [-0.080072075956493, 51.79675791710286], [-0.082806166722335, 51.79623602784657], [-0.08864822960896, 51.79732029291252], [-0.091334213257962, 51.79862283473942], [-0.099099125021883, 51.798829569261855], [-0.101912100106524, 51.80091623739022], [-0.102281035263748, 51.80283752194423], [-0.10492217192185, 51.80453467824718], [-0.109046985755819, 51.80301847356074], [-0.105455273620052, 51.798392638387426], [-0.104726559898563, 51.79640261852057], [-0.171558293171133, 51.79052810688298], [-0.176520434730863, 51.79045231251768], [-0.178947699214613, 51.79031009442929], [-0.182709852756471, 51.78942414226044], [-0.185014442339073, 51.78836271134125], [-0.18805787345586, 51.78405749469361], [-0.191599956578612, 51.783581504234526], [-0.197020831670022, 51.78397949201791], [-0.203798736398467, 51.78562089116205], [-0.20620736189052, 51.78630509594437], [-0.203964238199192, 51.789849684825526], [-0.201380563223154, 51.79684196717068], [-0.1998902384367, 51.799669636150554], [-0.199973795397692, 51.802305583002614], [-0.204548556516337, 51.80251940367969], [-0.208857524987568, 51.80504893977312], [-0.20582927560311, 51.80788920994068], [-0.201665011901977, 51.81192595746802]]}}, {"type": "Feature", "properties": {"route": "55", "route_name": "", "route_id": "7152", "agency": "Arriva Herts and Essex", "agency_id": "OP50", "geometry_source": "GTFS stop sequence"}, "geometry": {"type": "LineString", "coordinates": [[-0.204680487347896, 51.9009924112725], [-0.206583432620046, 51.90211843887998], [-0.207536077606824, 51.909955893244764], [-0.208569762439995, 51.91211169937128], [-0.208749701898996, 51.91635860185997], [-0.208654200745952, 51.91875797694931], [-0.212800535372366, 51.92310113664621], [-0.209204046765788, 51.92357699058969], [-0.208106005905056, 51.927777459698504], [-0.21009987353001, 51.928841859798254], [-0.210638765271397, 51.93540510830722], [-0.207113838808039, 51.94573704458623], [-0.19880613220866, 51.96097726312711], [-0.209220302782768, 51.96663910525524], [-0.210289383909916, 51.96976652134313], [-0.206157360517615, 51.96824697218528], [-0.202747058446586, 51.9679791637321], [-0.201183633199657, 51.9692141420699], [-0.201497097500678, 51.971565790964135], [-0.204948603681328, 51.9708091971893], [-0.209476778865273, 51.969700216495355], [-0.213474632991879, 51.97093886631233], [-0.21238096036557, 51.97427620407217], [-0.210437227891549, 51.97519081730931], [-0.209808710565107, 51.97707853026853], [-0.207057678095524, 51.97887999098322], [-0.207612904660786, 51.98284482706592], [-0.204879914813105, 51.98163426586588], [-0.209044731179827, 51.983091406025714], [-0.21234229677173, 51.983294370642966], [-0.217232183411074, 51.9822715036621], [-0.223096574847509, 51.98090347273095], [-0.227182734258726, 51.979939998480084], [-0.229541954646396, 51.97882454720122], [-0.227565290336888, 51.977257220697275], [-0.224018758942941, 51.98041384554032], [-0.224054914354614, 51.98134054225097], [-0.222352971557793, 51.98460584721051], [-0.222075585540769, 51.98609429148168], [-0.222335900067329, 51.98871482178269], [-0.223132035854832, 51.99067804634731], [-0.226352834287289, 51.990996348971656], [-0.227238628318945, 51.99069497489078]]}}, {"type": "Feature", "properties": {"route": "322", "route_name": "", "route_id": "85083", "agency": "Arriva Herts and Essex", "agency_id": "OP50", "geometry_source": "GTFS stop sequence"}, "geometry": {"type": "LineString", "coordinates": [[-0.496003411495247, 51.644090103152806], [-0.493252425458639, 51.64293084424845], [-0.490919545231837, 51.64050003545079], [-0.493356690803632, 51.638912776981584], [-0.495469767270779, 51.63706954173552], [-0.492355409642784, 51.63685875040045], [-0.48817568659289, 51.634790811028765], [-0.484496315312526, 51.635930322389086], [-0.479940778991934, 51.63733713179855], [-0.471208617369325, 51.64046088422024], [-0.466439065642248, 51.64218809768765], [-0.463318487372057, 51.64386477236277], [-0.455703727975382, 51.64678618836341], [-0.45463190259197, 51.64855250167686], [-0.447372290340131, 51.64823194641312], [-0.44613563024412, 51.64888998925682], [-0.445759682695738, 51.652274994291744], [-0.44808973208365, 51.65346577392636], [-0.443716790025085, 51.65325504270622], [-0.43667047371233, 51.65301758343914], [-0.433026602308075, 51.65262732448528], [-0.428385359557114, 51.65181896882815], [-0.421772201740185, 51.6516043936467], [-0.41635611251583, 51.651054905520134], [-0.412520990835729, 51.65076933328571], [-0.408701999848253, 51.64961162746485], [-0.403875374118263, 51.64998673465342], [-0.398522741184934, 51.652980145833325], [-0.397083373432707, 51.65813092621136], [-0.397068873435468, 51.66018091013155], [-0.396428845388537, 51.66315752453649], [-0.399968365735962, 51.66324176612171], [-0.403609611532312, 51.66043185478415], [-0.407912188658894, 51.662252693559715], [-0.41030134570801, 51.665459234078156], [-0.415260628683395, 51.67044487458775], [-0.418148794353013, 51.673469146281846], [-0.420514808436591, 51.6752993823076], [-0.424674392385318, 51.677549283709304], [-0.429395586302758, 51.68197360827681], [-0.437000379004229, 51.6925866263269], [-0.444757616795948, 51.70392048747658], [-0.445635963564397, 51.70573948537928], [-0.447628333382878, 51.708841058638185], [-0.450000270760616, 51.712702922312914], [-0.450610839055686, 51.714320524252884], [-0.450419031712002, 51.71823845936856], [-0.45138815227746, 51.72080493100993], [-0.454094437377312, 51.72635258614833], [-0.456910819132078, 51.729536756213996], [-0.461974543053416, 51.732651378110056], [-0.464618299888582, 51.735401487466866], [-0.46762779552496, 51.73633995132498], [-0.471853729348008, 51.73900261006203], [-0.474713903362997, 51.7409460335487], [-0.47380692037824, 51.74336205362004], [-0.474467958249626, 51.74695837430083], [-0.473738050666018, 51.748414565434125], [-0.472266037123347, 51.751254840666235]]}}, {"type": "Feature", "properties": {"route": "100", "route_name": "", "route_id": "97161", "agency": "Arriva Herts and Essex", "agency_id": "OP50", "geometry_source": "GTFS stop sequence"}, "geometry": {"type": "LineString", "coordinates": [[-0.204623096249622, 51.90097355188425], [-0.206583432620046, 51.90211843887998], [-0.207536077606824, 51.909955893244764], [-0.208569762439995, 51.91211169937128], [-0.208749701898996, 51.91635860185997], [-0.208654200745952, 51.91875797694931], [-0.212800535372366, 51.92310113664621], [-0.260360801454588, 51.93801172981366], [-0.264205255092779, 51.940172555820496], [-0.267654705873697, 51.94390999179267], [-0.271375039378503, 51.94629354406599], [-0.27541765174919, 51.947872439708185], [-0.276518013632333, 51.94953404314268], [-0.287486746310057, 51.9457916933095], [-0.380894917107118, 51.91475239582845], [-0.38679, 51.91187], [-0.38771, 51.90906], [-0.39269, 51.9058], [-0.39497, 51.90326], [-0.39854, 51.90116], [-0.3997, 51.89895], [-0.40159, 51.89419], [-0.40171, 51.89155], [-0.40283, 51.88945], [-0.40641, 51.88565], [-0.40787, 51.88452], [-0.40978, 51.88282], [-0.41505, 51.8821], [-0.40183, 51.87545], [-0.39621, 51.87427], [-0.39084, 51.87372], [-0.38436, 51.87526], [-0.3829, 51.87603], [-0.37946, 51.8767], [-0.37527, 51.87932]]}}, {"type": "Feature", "properties": {"route": "7", "route_name": "", "route_id": "115724", "agency": "Arriva Herts and Essex", "agency_id": "OP50", "geometry_source": "GTFS stop sequence"}, "geometry": {"type": "LineString", "coordinates": [[0.0936761707, 51.7721740968], [0.0960983067, 51.7756469704], [0.0948854567, 51.7807583148]]}}, {"type": "Feature", "properties": {"route": "59", "route_name": "", "route_id": "8695", "agency": "Arriva Herts and Essex", "agency_id": "OP50", "geometry_source": "GTFS stop sequence"}, "geometry": {"type": "LineString", "coordinates": [[0.0940564711, 51.7722482535], [0.1017407077, 51.7741613696], [0.1051048344, 51.7754320463], [0.1085955596, 51.7763046883], [0.1159990676, 51.776837075], [0.1228092999, 51.7773887055], [0.1257342113, 51.7785498261], [0.131215835, 51.7798174149], [0.1452369472, 51.784139522], [0.1574057741, 51.7881792452], [0.1722603016, 51.8018890331], [0.1818844964, 51.8032485179], [0.1861758777, 51.8041040127], [0.1901788731, 51.8049917026], [0.2083462303, 51.8128350498], [0.2172776312, 51.812424141], [0.2660739724, 51.798939951], [0.2699902913, 51.7989453202], [0.2815525233, 51.7972736458], [0.2862011736, 51.7942696922], [0.2919947841, 51.7918367455], [0.3026768403, 51.7948563419], [0.3088185121, 51.7961297336], [0.3116141997, 51.7940784008], [0.3144733066, 51.7901552616], [0.3158159874, 51.7852277711], [0.3240278143, 51.7799667828], [0.3294470487, 51.778501584], [0.3350849569, 51.7759436607], [0.3434248792, 51.7740690197], [0.3481551271, 51.7730393455], [0.3515141853, 51.7729631849], [0.3701641827, 51.7645489056], [0.3783316426, 51.7630439411], [0.3882518736, 51.7571412422], [0.3929743534, 51.7521799996], [0.403729473, 51.7481654423], [0.4070057644, 51.7457512105], [0.4116195843, 51.7437051244], [0.422543647, 51.7423742371], [0.4319617219, 51.7416040992], [0.4459301276, 51.740873446], [0.447678012, 51.7407830831], [0.4519453691, 51.740406317], [0.4592098405, 51.7394720762], [0.4642570885, 51.7374597865], [0.4666350972, 51.7367084214]]}}, {"type": "Feature", "properties": {"route": "8", "route_name": "", "route_id": "115727", "agency": "Arriva Herts and Essex", "agency_id": "OP50", "geometry_source": "GTFS stop sequence"}, "geometry": {"type": "LineString", "coordinates": [[0.0940564711, 51.7722482535], [0.1017407077, 51.7741613696], [0.1051048344, 51.7754320463], [0.1085955596, 51.7763046883], [0.1125778826, 51.7743537503], [0.1134288374, 51.7720903339], [0.11614449, 51.7691009285], [0.1187526114, 51.770321878], [0.1237586412, 51.7732170286], [0.1241809304, 51.7757272924], [0.1228092999, 51.7773887055], [0.1257342113, 51.7785498261], [0.131215835, 51.7798174149], [0.1325005574, 51.7821591364]]}}, {"type": "Feature", "properties": {"route": "725", "route_name": "", "route_id": "2898255", "agency": "Arriva Herts and Essex", "agency_id": "OP50", "geometry_source": "GTFS stop sequence"}, "geometry": {"type": "LineString", "coordinates": [[-0.33657864269359, 51.7544033621421], [-0.326838258506402, 51.750596384386625], [-0.313035962220305, 51.75204461704377], [-0.291561523927905, 51.751374743838056], [-0.278718287798997, 51.752329335499276], [-0.250066804821219, 51.75968434428668], [-0.244382125034429, 51.760921400912615], [-0.239926216959606, 51.76259921693167], [-0.2319051683026, 51.76946565601456], [-0.21775686755859, 51.788665821508516], [-0.211356429351005, 51.79798328003318], [-0.204390180028189, 51.80249000898457], [-0.20427137337577, 51.81496912355941], [-0.209472026927131, 51.8199220959703], [-0.214534337179786, 51.83133796475022], [-0.200073568550097, 51.83912040763121], [-0.193858744543793, 51.8420734180114], [-0.1813315300942, 51.852859606828176], [-0.182200547948078, 51.855076076658015], [-0.183675202995235, 51.8610065868447], [-0.184407429810911, 51.86734823737161], [-0.190748991427809, 51.88305595825742], [-0.197321946187906, 51.88873184217032], [-0.205742947556378, 51.90132333210855]]}}, {"type": "Feature", "properties": {"route": "725", "route_name": "", "route_id": "2898255", "agency": "Arriva Herts and Essex", "agency_id": "OP50", "geometry_source": "GTFS stop sequence"}, "geometry": {"type": "LineString", "coordinates": [[-0.396123128357449, 51.663216294171114], [-0.402094615502193, 51.65952104228732], [-0.411890912100252, 51.65514891982415], [-0.430417646734305, 51.65115376409025], [-0.443386926095809, 51.646848372303836], [-0.463300836940107, 51.64353183804892], [-0.473881032100962, 51.640495645590995], [-0.484132815154828, 51.63599756623504], [-0.499420834918372, 51.63119439557564], [-0.50953268982335, 51.624210542423576], [-0.512183440210557, 51.62267056728037], [-0.512900952106767, 51.62193332392757], [-0.516631852254981, 51.620928458765], [-0.515379062946935, 51.62036411457591], [-0.511807476683936, 51.61959054933], [-0.512889413946466, 51.61256354164772], [-0.499634, 51.586079], [-0.500165, 51.579593], [-0.500754, 51.566068], [-0.4763, 51.54725], [-0.47072, 51.53706], [-0.4494, 51.52518], [-0.45091, 51.50307], [-0.45259, 51.47154]]}}, {"type": "Feature", "properties": {"route": "509", "route_name": "", "route_id": "18316", "agency": "Arriva Herts and Essex", "agency_id": "OP50", "geometry_source": "GTFS stop sequence"}, "geometry": {"type": "LineString", "coordinates": [[0.0942468297, 51.7722898239], [0.1017407077, 51.7741613696], [0.1051048344, 51.7754320463], [0.1085955596, 51.7763046883], [0.1159990676, 51.776837075], [0.1228092999, 51.7773887055], [0.1257342113, 51.7785498261], [0.131215835, 51.7798174149], [0.1325005574, 51.7821591364], [0.1328532355, 51.7859475649], [0.1327107632, 51.7899967649], [0.1328071917, 51.7929625314], [0.132197886731976, 51.79941218219396], [0.135409249370625, 51.80260916270139], [0.140660292797018, 51.80690198466623], [0.145147896655073, 51.81006646560214], [0.147062668496526, 51.812504440240694], [0.14863715651075, 51.81632445037387], [0.149714582093916, 51.819146372985365], [0.153393560944005, 51.82478926156228], [0.154352381245968, 51.82876434780037], [0.156886048214709, 51.83926604235045], [0.157349034176211, 51.842270017318306], [0.159794546274415, 51.84816913029213], [0.161889095548096, 51.85309446874784], [0.163379866930655, 51.856322315712546], [0.164080962607063, 51.85882729738824], [0.16402800424432, 51.86135514334204], [0.163509364351414, 51.86295634343219], [0.162062785322012, 51.86459258643508], [0.160614508349463, 51.86649861406018], [0.161987258712114, 51.86937793866573], [0.167383690251696, 51.8707353968606], [0.16940555314653, 51.874411992087396], [0.173024541520158, 51.87745656809332], [0.175808242673724, 51.879140647917474], [0.178763527613376, 51.87896005406526], [0.181428241588936, 51.877579789498284], [0.180523518939253, 51.87509666905711], [0.183187517631495, 51.87370738264354], [0.186268209622109, 51.872526108743756], [0.193611018966733, 51.87265917414858], [0.2048674298, 51.8711268277], [0.2114763468, 51.8705171623], [0.221498313, 51.8698966662], [0.2278162363, 51.8695793347], [0.2353138598, 51.8690324212], [0.2409199813, 51.8687189166], [0.2476939026, 51.8682299599], [0.2587696675, 51.8686562484], [0.2663632017, 51.868582114], [0.2661715989, 51.8696828982], [0.2656751544, 51.8710773162], [0.2649122737, 51.8732412295], [0.2590162942, 51.8828507346], [0.2634314367, 51.8891685471]]}}, {"type": "Feature", "properties": {"route": "7", "route_name": "", "route_id": "28480", "agency": "Arriva Herts and Essex", "agency_id": "OP50", "geometry_source": "GTFS stop sequence"}, "geometry": {"type": "LineString", "coordinates": [[0.6004633238, 51.5893528825], [0.6056695298, 51.5864763792], [0.6097010364, 51.588302371], [0.6125257983, 51.5912343193], [0.6138680432, 51.592985125], [0.6206298295, 51.5955682904], [0.6230904625, 51.596421641], [0.6297483471, 51.5981882051], [0.6342298725, 51.6007677245], [0.640598268, 51.6010112871], [0.6448750256, 51.6007980391], [0.6482038441, 51.6016672674], [0.6554632305, 51.6015841306], [0.6576088208, 51.6022190562], [0.6609878787, 51.60394117], [0.6634025904, 51.6054692386], [0.6675882936, 51.6071458712], [0.6697277429, 51.6086530895], [0.6751755927, 51.6123782351], [0.6793774259, 51.6148005495], [0.6842964859, 51.6144363011], [0.6864150349, 51.6131287197], [0.6907896686, 51.6086935858], [0.6924530698, 51.6058044671], [0.6941617869, 51.6024646026], [0.695192577, 51.600849065], [0.6963212096, 51.5984488273], [0.6980253883, 51.5935800928], [0.6990834024, 51.589994293], [0.7001449208, 51.5869570095], [0.7041915041, 51.5858115454], [0.7079970036, 51.5825580052], [0.7073818642, 51.578767903], [0.7069403391, 51.573768644], [0.7063478633, 51.569384431], [0.7019120549, 51.5658892471], [0.6966171807, 51.5622517691], [0.6959455027, 51.5591913907], [0.695433146, 51.5573594735], [0.6947723696, 51.5559446714], [0.6933006605, 51.5525249251], [0.6866412906, 51.5531093653], [0.6944232563, 51.5527239795], [0.6979263431, 51.5521937614], [0.7021871489, 51.5505757373], [0.7056404561, 51.5479958799], [0.7087503202, 51.5442546735], [0.7119019001, 51.5414657433], [0.7141004776, 51.5391484699], [0.7149557101, 51.5365564781], [0.7147748725, 51.5364257597], [0.7179152016, 51.5351568517], [0.7224312843, 51.5351959851], [0.7255846458, 51.5353565653], [0.7297401824, 51.5353948037], [0.7327117449, 51.5356493617], [0.736762876, 51.5358696588], [0.7396715024, 51.5360355724], [0.7440599198, 51.5377856652], [0.7502059072, 51.5385410503], [0.7556603701, 51.5378733677], [0.7605878018, 51.5373167701], [0.7665687885, 51.536537248], [0.7683691606, 51.5350737385], [0.7683580677, 51.5310897556], [0.7722894899, 51.5317163689], [0.7758710565, 51.5322791839], [0.779802887, 51.5333822084], [0.7800498997, 51.5364882062], [0.7815586635, 51.539708179], [0.7848811586, 51.5421565739], [0.7831295977, 51.543942956], [0.7861206581, 51.5463901898], [0.7872721634, 51.5529552757], [0.7908128013, 51.5537614537], [0.7936956488, 51.5537197932], [0.7981321895, 51.5533711855], [0.8016633089, 51.5530800193], [0.8054819043, 51.5530067147], [0.8100794791, 51.5531664487], [0.8176589067, 51.5523190342], [0.8219177836, 51.5519018406], [0.8243231858, 51.5530041391]]}}, {"type": "Feature", "properties": {"route": "404", "route_name": "", "route_id": "5471", "agency": "Arriva Herts and Essex", "agency_id": "OP50", "geometry_source": "GTFS stop sequence"}, "geometry": {"type": "LineString", "coordinates": [[-0.204203170406151, 51.80245118471828], [-0.203764442658855, 51.803271749997876], [-0.199852106823018, 51.80244759255344], [-0.195387969594428, 51.80055377455157], [-0.197365540274123, 51.79678946784858], [-0.193977332836488, 51.79665654110501], [-0.192989849791132, 51.79415056861828], [-0.192742753733257, 51.79307671557168], [-0.194643768381719, 51.79122658295581], [-0.197527146479244, 51.789463422140756], [-0.196180735106649, 51.78723072412358], [-0.19562218881553, 51.78378718336811], [-0.191177616867975, 51.78362895896956], [-0.18805787345586, 51.78405749469361], [-0.191599956578612, 51.783581504234526], [-0.197020831670022, 51.78397949201791], [-0.203798736398467, 51.78562089116205], [-0.204314377923391, 51.77446062557825], [-0.208523919096089, 51.7706492740149], [-0.211341181123852, 51.76867795396193], [-0.215658545061021, 51.763573132141374], [-0.217344344888855, 51.76198013908143], [-0.221602881177392, 51.76276401590679], [-0.226737664307008, 51.76116007960941], [-0.225133904049777, 51.755866519863844], [-0.22701501295109, 51.753709838304864], [-0.226664065873847, 51.74898370257232], [-0.225512615630486, 51.746574428076435], [-0.225213724712971, 51.74496033100465], [-0.231486570416306, 51.74234827905519], [-0.233696385675394, 51.74325374559361], [-0.234776965140336, 51.74711859089307], [-0.235128868854938, 51.748868338262525], [-0.233877318988837, 51.74864271925929], [-0.231371276626775, 51.74752598298445], [-0.226836045580901, 51.749031257881484], [-0.227311646665091, 51.75353447133544], [-0.226226939254976, 51.75533450461021], [-0.224708130907343, 51.75785632947146], [-0.22629271812335, 51.76216047705328], [-0.222473626903253, 51.763469576597984], [-0.219643848964727, 51.76246459633944], [-0.216772840548016, 51.76177364412848], [-0.215443428460445, 51.7635159138167], [-0.214136149481288, 51.767632411675834], [-0.208469788430973, 51.7709182111573], [-0.20531370444558, 51.77411620439471], [-0.202155472851506, 51.78537996265595], [-0.19562218881553, 51.78378718336811], [-0.191177616867975, 51.78362895896956], [-0.187509968974509, 51.78470547000977], [-0.191599956578612, 51.783581504234526], [-0.195904592083709, 51.784340033755704], [-0.196720613940813, 51.78750876851558], [-0.197595463475272, 51.789932056570116], [-0.194245317939867, 51.79140030474184], [-0.19290983390922, 51.79325013296427], [-0.193686979567258, 51.796301390480636], [-0.197655765661036, 51.79678492529773], [-0.195571807476833, 51.799945136986445], [-0.199973795397692, 51.802305583002614], [-0.204289427562398, 51.80247048619761]]}}, {"type": "Feature", "properties": {"route": "2", "route_name": "", "route_id": "115649", "agency": "Arriva Herts and Essex", "agency_id": "OP50", "geometry_source": "GTFS stop sequence"}, "geometry": {"type": "LineString", "coordinates": [[-0.447911378734304, 51.742429470191055], [-0.450263575471299, 51.74268530620354], [-0.446709138516399, 51.74074110150248], [-0.448234140384477, 51.73808167243777], [-0.452218187398485, 51.73465435935512], [-0.456039897261437, 51.732573559055865], [-0.460223624731465, 51.73559576253708], [-0.462019155475997, 51.73730974176845], [-0.46565371719374, 51.73989294927389], [-0.468292781736944, 51.74108732053817], [-0.471304000244552, 51.74327557435817], [-0.477763381667477, 51.74415968495945], [-0.48529120158423, 51.74298909541643], [-0.490829686496267, 51.74282655619503], [-0.486140911896776, 51.74313492045342], [-0.479238385146626, 51.74423273043472], [-0.473981411857074, 51.746781213529296], [-0.473738050666018, 51.748414565434125], [-0.472429120615024, 51.752003281237286], [-0.472717476482068, 51.754192039847325], [-0.472846177479619, 51.75681932144735], [-0.470107467688882, 51.758114496046936], [-0.466640431604914, 51.75866278001591], [-0.462373643769471, 51.76014464397885], [-0.463098690734184, 51.76183559538276], [-0.461337996617958, 51.76460901574279], [-0.461149935306598, 51.76545178422215], [-0.458767513546845, 51.76647261429676], [-0.457504989670999, 51.77034950817564], [-0.458462303786322, 51.772879770562845], [-0.455828838381057, 51.77402313520205], [-0.453293092476725, 51.7735761774486], [-0.448953837834231, 51.77288958004794], [-0.447378729215339, 51.771484048499225], [-0.44256906486474, 51.77352451277508], [-0.436866592506121, 51.77538206942396], [-0.434779026769551, 51.77748535534953]]}}, {"type": "Feature", "properties": {"route": "302", "route_name": "", "route_id": "12369042", "agency": "Arriva Herts and Essex", "agency_id": "OP50", "geometry_source": "GTFS stop sequence"}, "geometry": {"type": "LineString", "coordinates": [[-0.474269485391726, 51.74682991253031], [-0.473738050666018, 51.748414565434125], [-0.472434808242229, 51.752264117882746], [-0.472717476482068, 51.754192039847325], [-0.467186793761587, 51.755792524796476], [-0.459435361796856, 51.755367481036814], [-0.452887046919487, 51.755353407691814], [-0.451088089009468, 51.75372916883538], [-0.445711285143637, 51.751248377438436], [-0.443911748017719, 51.75049622725141], [-0.441190186254108, 51.75170103978215], [-0.435461031360581, 51.750635814479516], [-0.43274969634502, 51.748189873430896], [-0.428384105020464, 51.747088522645], [-0.424107165419284, 51.74594323769094], [-0.415500119239666, 51.74353458541996], [-0.410823180405981, 51.742662168022605], [-0.405146858421561, 51.74179398956], [-0.397605327109386, 51.74206906712696], [-0.365553936101936, 51.748020957385485], [-0.3602040084634, 51.7505451054667], [-0.357028963003906, 51.7534051597388], [-0.35565300159387, 51.75459083681552], [-0.35197126732752, 51.759412898964804], [-0.349572526750437, 51.762013877586284], [-0.346325733285852, 51.76322711476477], [-0.342545473000699, 51.76119564532065], [-0.341220314808697, 51.75939654772544], [-0.337214393511146, 51.75523961751155], [-0.336842975879528, 51.75391254540744], [-0.337911761008585, 51.752030362000646], [-0.332185443581347, 51.75095113582841], [-0.326838258506402, 51.750596384386625], [-0.32281810364046, 51.75157316163432], [-0.319540934378341, 51.7524345399025], [-0.315899751554793, 51.752562261826924], [-0.313035962220305, 51.75204461704377], [-0.307364281297866, 51.752619487754004], [-0.301053037612114, 51.752087818837445], [-0.295741654318488, 51.751938984871984], [-0.291561523927905, 51.751374743838056], [-0.284212245666525, 51.751483491279686], [-0.278718287798997, 51.752329335499276], [-0.269020031283924, 51.755136284322795], [-0.257185838567977, 51.75881898083127], [-0.250066804821219, 51.75968434428668], [-0.244382125034429, 51.760921400912615], [-0.240351057680168, 51.75987199510087], [-0.236301869363, 51.76003610535701], [-0.233090093024341, 51.761390627549275], [-0.229343889534568, 51.76195470383924], [-0.22629271812335, 51.76216047705328], [-0.222473626903253, 51.763469576597984], [-0.219643848964727, 51.76246459633944], [-0.216772840548016, 51.76177364412848], [-0.215443428460445, 51.7635159138167], [-0.217308953649065, 51.766925241027025], [-0.220481983298661, 51.76805236945505], [-0.223377593920096, 51.77145020834191], [-0.218564408910942, 51.773688320805526], [-0.21810959509891, 51.7749313229973], [-0.220356367405353, 51.777141435856215], [-0.223072813787926, 51.785113509201196], [-0.220022120526697, 51.786739877030854], [-0.21775686755859, 51.788665821508516], [-0.217317779507752, 51.789873089003414], [-0.222116893485877, 51.79172618375402], [-0.221447070114298, 51.79327167313337], [-0.219574308340158, 51.794430274842426], [-0.216186034522333, 51.798344399097694], [-0.214891577828791, 51.79990734884953], [-0.210721598545217, 51.80193011310122], [-0.207631765076701, 51.80048029446677], [-0.204203170406151, 51.80245118471828]]}}, {"type": "Feature", "properties": {"route": "10", "route_name": "", "route_id": "16075", "agency": "Arriva Herts and Essex", "agency_id": "OP50", "geometry_source": "GTFS stop sequence"}, "geometry": {"type": "LineString", "coordinates": [[0.1318209364, 51.7655893043], [0.1385024092, 51.7652880621], [0.1438439359, 51.7651547711], [0.144875434, 51.7636791604], [0.1417215147, 51.7619561621], [0.1357928831, 51.7631521551], [0.1333818983, 51.7636545661], [0.1314424411, 51.7637077431], [0.1305283635, 51.7655318118], [0.1192640038, 51.7645304888], [0.0988391187, 51.7672350765], [0.0910638048, 51.7670859182], [0.0944371887, 51.772331394]]}}, {"type": "Feature", "properties": {"route": "302", "route_name": "", "route_id": "12369042", "agency": "Arriva Herts and Essex", "agency_id": "OP50", "geometry_source": "GTFS stop sequence"}, "geometry": {"type": "LineString", "coordinates": [[-0.326993680314893, 51.750310853854934], [-0.330388405980934, 51.750574934773134], [-0.333516254362532, 51.75100598086067], [-0.337225628139179, 51.75177787422906], [-0.337028583910891, 51.753987107312234], [-0.33818360427169, 51.75567594664511], [-0.341394097035605, 51.75979464548567], [-0.34332065943016, 51.761791049476045], [-0.346644047262676, 51.76324058447249], [-0.350131344523584, 51.761392287632994], [-0.35236310087981, 51.758600126542746], [-0.355330174245721, 51.7547032151], [-0.356901246280436, 51.75333143890565], [-0.361016496716759, 51.74971119664185], [-0.365719692369669, 51.74784342374418], [-0.397553777132844, 51.7418885261145], [-0.405151605304831, 51.7416591754765], [-0.411764856628777, 51.74265691362621], [-0.416624999878466, 51.74367563194283], [-0.424971515619562, 51.74608071023444], [-0.427826282264421, 51.746883241103454], [-0.433041775227972, 51.74812183288861], [-0.435403499419162, 51.75146229942594], [-0.44130485531976, 51.75131591095594], [-0.44672121823039, 51.7517922470573], [-0.450315297352924, 51.75302661110929], [-0.454364329469051, 51.756218074835914], [-0.459396809247908, 51.75522310651878], [-0.467858146516394, 51.75564841672725], [-0.470622301390852, 51.754884142716044], [-0.472281355561308, 51.75337710883868], [-0.472229418758919, 51.751910767506025]]}}, {"type": "Feature", "properties": {"route": "2", "route_name": "", "route_id": "115611", "agency": "Arriva Herts and Essex", "agency_id": "OP50", "geometry_source": "GTFS stop sequence"}, "geometry": {"type": "LineString", "coordinates": [[0.8767557619, 51.9257969068], [0.8764327996, 51.9273426955], [0.8809440538, 51.9262340187], [0.8826612229, 51.92442922], [0.8871717308, 51.9203704362], [0.8884011062, 51.9173184231], [0.8911799303, 51.9155233908], [0.8941429355, 51.9145601598], [0.8950675866, 51.9126577494], [0.8914712061, 51.9119098138], [0.8917403726, 51.9097627286], [0.8929966339, 51.9078162056], [0.8937411461, 51.9060531376], [0.894510015, 51.9042175159], [0.8955596106, 51.901322728], [0.8951143449, 51.8993730892], [0.8956884495, 51.8960942837], [0.8959525126, 51.8945498778], [0.8963454427, 51.8929753164], [0.9006622295, 51.8898110947], [0.9057442205, 51.8899554389], [0.9093936351, 51.8899731299], [0.9137703769, 51.8899996691], [0.9176602287, 51.8908115791], [0.9178511114, 51.8937567547], [0.9190371175, 51.8968031438], [0.9204088149, 51.8986757383], [0.9221209471, 51.90086363], [0.9254770765, 51.9014996841], [0.9285375157, 51.9029524343], [0.9304215274, 51.902635696], [0.9333041464, 51.903364269], [0.934852558, 51.9041440615], [0.9331869543, 51.9069196829], [0.9319845807, 51.908550532], [0.9285400327, 51.9090230773], [0.9245776581, 51.9102548692], [0.9215818449, 51.9086834913], [0.9176543082, 51.9075398687], [0.914849781, 51.9095880018], [0.915012045, 51.9116435163], [0.9186438535, 51.9106900629]]}}, {"type": "Feature", "properties": {"route": "1", "route_name": "", "route_id": "115524", "agency": "Arriva Herts and Essex", "agency_id": "OP50", "geometry_source": "GTFS stop sequence"}, "geometry": {"type": "LineString", "coordinates": [[0.6004633238, 51.5893528825], [0.6056695298, 51.5864763792], [0.6084481618, 51.5870981322], [0.6066407713, 51.5857892879], [0.6037273779, 51.584828733], [0.6015015398, 51.5837719205], [0.5999665284, 51.581665512], [0.5993938234, 51.5779549185], [0.5980876409, 51.5760592579], [0.5955212447, 51.5728154772], [0.5949106544, 51.5699510835], [0.5868438222, 51.5689421278], [0.5813201399, 51.5687490438], [0.5767588115, 51.5682197937], [0.5770016347, 51.5656243537], [0.5777524347, 51.5623162619], [0.5826052432, 51.561633931], [0.5869211345, 51.560900287], [0.592703062, 51.5603229478], [0.5969842805, 51.559238952], [0.5985583216, 51.5582507818], [0.6007015506, 51.5568722442], [0.6074843669, 51.554131522], [0.6133746587, 51.5516890895], [0.6189449971, 51.5504676242], [0.6212521267, 51.5502002367], [0.6266533227, 51.54905413], [0.631752455, 51.5484271822], [0.6375897807, 51.5478463659], [0.6441330288, 51.548247628], [0.6476396218, 51.5485192631], [0.6512895711, 51.5485267394], [0.6563497593, 51.5479805402], [0.6607191476, 51.5477106103], [0.6653996231, 51.5473345175], [0.6690257972, 51.546937269], [0.6737925644, 51.5458213999], [0.6781758643, 51.5457933267], [0.6837083624, 51.545684834], [0.6885497134, 51.5448634431], [0.69306081, 51.5435817661], [0.6963959331, 51.5421740671], [0.6995238889, 51.540681104], [0.701776708, 51.5399996641], [0.7047590968, 51.5404345562], [0.7120032358, 51.5412295642]]}}, {"type": "Feature", "properties": {"route": "725", "route_name": "", "route_id": "2898255", "agency": "Arriva Herts and Essex", "agency_id": "OP50", "geometry_source": "GTFS stop sequence"}, "geometry": {"type": "LineString", "coordinates": [[-0.396428845388537, 51.66315752453649], [-0.397353063902514, 51.670156935063936], [-0.394842409937238, 51.68063430427289], [-0.385630375361761, 51.69155922674041], [-0.384539540284288, 51.69903455627141], [-0.377948402211816, 51.710156738396606], [-0.359102046930851, 51.729380659614364], [-0.355045378127815, 51.73502484907542], [-0.350258039299584, 51.74121614544862], [-0.342820088563653, 51.74617397283619], [-0.34054557336147, 51.74973866245827], [-0.339135012882643, 51.75185882322009], [-0.33657864269359, 51.7544033621421]]}}, {"type": "Feature", "properties": {"route": "SB7", "route_name": "", "route_id": "79488", "agency": "Arriva Herts and Essex", "agency_id": "OP50", "geometry_source": "GTFS stop sequence"}, "geometry": {"type": "LineString", "coordinates": [[-0.184529556062797, 51.927775849199726], [-0.180632612126267, 51.92990969724519], [-0.174670971316842, 51.93022203168733], [-0.168242772740514, 51.928773384435225], [-0.163892623775529, 51.92488404361516], [-0.165705496623679, 51.92358150805874], [-0.168960821781507, 51.923281512404394], [-0.169751671859426, 51.922430590165725], [-0.178201752905442, 51.91810170811376], [-0.182460730836079, 51.916701877626956], [-0.185166874632726, 51.91630303534224], [-0.189053236513259, 51.91367432379378], [-0.189475353711934, 51.91004809162986], [-0.187665907032258, 51.906962992555265], [-0.186668548816048, 51.902127964112], [-0.190839926473604, 51.9017785409687], [-0.195844447058582, 51.9016755360663], [-0.197540877774038, 51.90178245976658], [-0.2007536468973, 51.898864298787295], [-0.204751688901869, 51.90102946511332]]}}, {"type": "Feature", "properties": {"route": "725", "route_name": "", "route_id": "2898255", "agency": "Arriva Herts and Essex", "agency_id": "OP50", "geometry_source": "GTFS stop sequence"}, "geometry": {"type": "LineString", "coordinates": [[-0.4537, 51.47137], [-0.45126, 51.50342], [-0.45066, 51.52597], [-0.47078, 51.53658], [-0.47676, 51.54753], [-0.501249, 51.565948], [-0.499873, 51.581019], [-0.500024, 51.586515], [-0.513292569241419, 51.6134858294322], [-0.50953268982335, 51.624210542423576], [-0.512183440210557, 51.62267056728037], [-0.512900952106767, 51.62193332392757], [-0.516631852254981, 51.620928458765], [-0.515379062946935, 51.62036411457591], [-0.511807476683936, 51.61959054933], [-0.508921770662246, 51.62477827167246], [-0.499354462913072, 51.63145431436387], [-0.484496315312526, 51.635930322389086], [-0.471208617369325, 51.64046088422024], [-0.463318487372057, 51.64386477236277], [-0.441690428575675, 51.64700571253513], [-0.428385359557114, 51.65181896882815], [-0.410624027166737, 51.655824166623894], [-0.397083373432707, 51.65813092621136], [-0.396428845388537, 51.66315752453649], [-0.397353063902514, 51.670156935063936], [-0.394842409937238, 51.68063430427289], [-0.385630375361761, 51.69155922674041], [-0.384539540284288, 51.69903455627141], [-0.377948402211816, 51.710156738396606], [-0.359102046930851, 51.729380659614364], [-0.355045378127815, 51.73502484907542], [-0.350258039299584, 51.74121614544862], [-0.342820088563653, 51.74617397283619], [-0.34054557336147, 51.74973866245827], [-0.339135012882643, 51.75185882322009], [-0.33657864269359, 51.7544033621421]]}}, {"type": "Feature", "properties": {"route": "331", "route_name": "", "route_id": "11295", "agency": "Arriva Herts and Essex", "agency_id": "OP50", "geometry_source": "GTFS stop sequence"}, "geometry": {"type": "LineString", "coordinates": [[-0.076601404596804, 51.79788815586684], [-0.072567388205842, 51.798280690751184], [-0.065479032860707, 51.79887465008703], [-0.061025386867729, 51.79991631530166], [-0.052352266779376, 51.802272788681336], [-0.046949129097274, 51.80412547493161], [-0.044367384814369, 51.804792944486934], [-0.038337000998778, 51.807713870157876], [-0.030344511998876, 51.808371562642904], [-0.030065951658718, 51.81043510950414], [-0.034016892216427, 51.8116522449586], [-0.034478955929179, 51.81303578050528], [-0.035583193843116, 51.81733453091085], [-0.035221841683201, 51.824306449782014], [-0.032209484656423, 51.83315836113384], [-0.030317683072512, 51.83726310135276], [-0.028288772668441, 51.84017854261182], [-0.022727416293052, 51.84915829693459], [-0.020617817362524, 51.85223410999916], [-0.015772206645621, 51.85940016734439], [-0.010381581872814, 51.86768982475476], [-0.007269964881445, 51.87269075938108], [-0.004548243469677, 51.87674505594602], [0.007530303469614, 51.884695468152714], [0.019532953295699, 51.8840494259052], [0.024073162596308, 51.88484364423389], [0.022112175417272, 51.88712541528307], [0.017097970361103, 51.888731170126974], [0.014155979913267, 51.890211329768114], [0.013797102267937, 51.893886281882374], [0.019307779412082, 51.89880047727411], [0.021719199228456, 51.90427127189809], [0.02415899360681, 51.90841967948042], [0.023397451741762, 51.916705567434306], [0.024004761203505, 51.92794430499685], [0.025362210837987, 51.933864757889936], [0.021199082327812, 51.94642638373772], [0.001754929137315, 51.94862001208371], [-0.016059929957735, 51.94556756841207], [-0.018568460326934, 51.94609539242353], [-0.026109463939325, 51.947004395513076]]}}, {"type": "Feature", "properties": {"route": "724", "route_name": "", "route_id": "28481", "agency": "Arriva Herts and Essex", "agency_id": "OP50", "geometry_source": "GTFS stop sequence"}, "geometry": {"type": "LineString", "coordinates": [[-0.337952819593312, 51.752885178303785], [-0.339444720330257, 51.751314690117795], [-0.340665701768741, 51.74922781704907], [-0.342977029340252, 51.74544783701552], [-0.350270478231857, 51.7408746256711], [-0.355197838906373, 51.734415529691624], [-0.359610574115559, 51.72773323781151], [-0.377950974180562, 51.709680199337974], [-0.383845932293779, 51.69900703268172], [-0.385741614968392, 51.69005909269349], [-0.394527836652074, 51.680531093223806], [-0.3969510560015, 51.67048415340398], [-0.396123128357449, 51.663216294171114], [-0.402094615502193, 51.65952104228732], [-0.411890912100252, 51.65514891982415], [-0.430417646734305, 51.65115376409025], [-0.443386926095809, 51.646848372303836], [-0.463300836940107, 51.64353183804892], [-0.473881032100962, 51.640495645590995], [-0.484132815154828, 51.63599756623504], [-0.499420834918372, 51.63119439557564], [-0.508843373243167, 51.624084894628496], [-0.512889413946466, 51.61256354164772], [-0.499634, 51.586079], [-0.500165, 51.579593], [-0.500754, 51.566068], [-0.4763, 51.54725], [-0.47072, 51.53706], [-0.4494, 51.52518], [-0.45091, 51.50307], [-0.45259, 51.47154]]}}, {"type": "Feature", "properties": {"route": "10", "route_name": "", "route_id": "16075", "agency": "Arriva Herts and Essex", "agency_id": "OP50", "geometry_source": "GTFS stop sequence"}, "geometry": {"type": "LineString", "coordinates": [[0.0948854567, 51.7807583148], [0.0938523599, 51.7787983873], [0.0957175383, 51.7739991506], [0.0944371887, 51.772331394], [0.0908485087, 51.7712082889], [0.0907248119, 51.7688454765], [0.1016284591, 51.7667535909], [0.119628957, 51.7645868544], [0.1318209364, 51.7655893043]]}}, {"type": "Feature", "properties": {"route": "98", "route_name": "", "route_id": "7962", "agency": "Arriva Herts and Essex", "agency_id": "OP50", "geometry_source": "GTFS stop sequence"}, "geometry": {"type": "LineString", "coordinates": [[-0.187686948443234, 51.9887352031659], [-0.189697985309012, 51.98581682593564], [-0.191182735836671, 51.985111305514366], [-0.191039447424249, 51.98360747463809], [-0.190180871053649, 51.97997957887777], [-0.18834356253431, 51.97679520233027], [-0.185562761833307, 51.98075374178748], [-0.184990078213737, 51.985915203846275], [-0.18801808964373, 51.9888302166147], [-0.19136462894093, 51.988548963755555], [-0.196981617036586, 51.985766715610886], [-0.200921959685991, 51.98265287868622], [-0.207057678095524, 51.97887999098322], [-0.207612904660786, 51.98284482706592], [-0.204879914813105, 51.98163426586588], [-0.209044731179827, 51.983091406025714], [-0.21234229677173, 51.983294370642966], [-0.217232183411074, 51.9822715036621], [-0.223096574847509, 51.98090347273095], [-0.227182734258726, 51.979939998480084], [-0.230111679759267, 51.979516485027816], [-0.23712115610862, 51.97714889631535], [-0.235937124831899, 51.97541373969253], [-0.234350998216861, 51.973169003042365], [-0.233206583925511, 51.97154231186028], [-0.234163816687745, 51.968301651927405], [-0.238106181975274, 51.96688605980227], [-0.243559525615624, 51.9636765504598], [-0.250861679645331, 51.95931635119834], [-0.255196276763876, 51.95751038126073], [-0.257851666527732, 51.95546361540594], [-0.262137017417351, 51.95453785569641], [-0.263445148924336, 51.9530735182618], [-0.271150436186943, 51.95251253768885], [-0.27382738758315, 51.9536667931727], [-0.275683715735607, 51.952695912135255], [-0.276383335017196, 51.94963098065864]]}}, {"type": "Feature", "properties": {"route": "725", "route_name": "", "route_id": "2898255", "agency": "Arriva Herts and Essex", "agency_id": "OP50", "geometry_source": "GTFS stop sequence"}, "geometry": {"type": "LineString", "coordinates": [[-0.337952819593312, 51.752885178303785], [-0.339444720330257, 51.751314690117795], [-0.340665701768741, 51.74922781704907], [-0.342977029340252, 51.74544783701552], [-0.350270478231857, 51.7408746256711], [-0.355197838906373, 51.734415529691624], [-0.359610574115559, 51.72773323781151], [-0.377950974180562, 51.709680199337974], [-0.383845932293779, 51.69900703268172], [-0.385741614968392, 51.69005909269349], [-0.394527836652074, 51.680531093223806], [-0.3969510560015, 51.67048415340398], [-0.396123128357449, 51.663216294171114], [-0.402094615502193, 51.65952104228732], [-0.411890912100252, 51.65514891982415], [-0.430417646734305, 51.65115376409025], [-0.443386926095809, 51.646848372303836], [-0.463300836940107, 51.64353183804892], [-0.473881032100962, 51.640495645590995], [-0.484132815154828, 51.63599756623504], [-0.499420834918372, 51.63119439557564], [-0.50953268982335, 51.624210542423576], [-0.512183440210557, 51.62267056728037], [-0.512900952106767, 51.62193332392757], [-0.516631852254981, 51.620928458765], [-0.515379062946935, 51.62036411457591], [-0.511807476683936, 51.61959054933], [-0.512889413946466, 51.61256354164772], [-0.499634, 51.586079], [-0.500165, 51.579593], [-0.500754, 51.566068], [-0.4763, 51.54725], [-0.47072, 51.53706], [-0.4494, 51.52518], [-0.45091, 51.50307], [-0.45259, 51.47154]]}}, {"type": "Feature", "properties": {"route": "M2", "route_name": "", "route_id": "9780", "agency": "Arriva Herts and Essex", "agency_id": "OP50", "geometry_source": "GTFS stop sequence"}, "geometry": {"type": "LineString", "coordinates": [[-0.028074561158972, 51.808531342256465], [-0.028255103206091, 51.81004506587813], [-0.02290720242002, 51.809928282057676], [-0.021714208316412, 51.8119944151803], [-0.018861813069754, 51.812198170142466], [-0.016838272593499, 51.814340179790996], [-0.018185817056417, 51.81702460397719], [-0.021373095420204, 51.81713223540575], [-0.025265468765069, 51.81604666533913], [-0.027812290720576, 51.818526304305706], [-0.031689763766927, 51.818114688501716], [-0.036830815752167, 51.822678756902995], [-0.040849687194443, 51.82068657009451], [-0.041415863967591, 51.81867275579058], [-0.040433069527451, 51.816911892714984], [-0.038531608213613, 51.81358903763606], [-0.034330855705765, 51.8131052424419], [-0.031333805692274, 51.81096890234209], [-0.028074561158972, 51.808531342256465]]}}, {"type": "Feature", "properties": {"route": "9", "route_name": "", "route_id": "41029", "agency": "Arriva Herts and Essex", "agency_id": "OP50", "geometry_source": "GTFS stop sequence"}, "geometry": {"type": "LineString", "coordinates": [[0.7146697854, 51.5363562432], [0.7141100073, 51.5385816474], [0.7137528583, 51.5405775167], [0.7117898614, 51.5412794671], [0.7075841177, 51.5452619152], [0.7042857337, 51.5492322774], [0.7027835743, 51.5513894087], [0.7010249994, 51.5545776998], [0.7015160843, 51.5572644805], [0.7034038425, 51.5599010858], [0.7019130252, 51.562255798], [0.6981159009, 51.561731645], [0.6970417554, 51.563330235], [0.7013105562, 51.5657232295], [0.6998186239, 51.5666029821], [0.6955649115, 51.5656845402], [0.6918549264, 51.5656618224], [0.6816679318, 51.5639615546], [0.6796363835, 51.5669578845], [0.6796957616, 51.5667406818], [0.6760732325, 51.5674709265], [0.6758268683, 51.5686816872], [0.6749825515, 51.5700319955], [0.6735180795, 51.5711446138], [0.6705590192, 51.5713829004], [0.667382048, 51.5711044408], [0.664541708, 51.5716456564], [0.6575528497, 51.5728204799], [0.6558596673, 51.5722472681], [0.6553806893, 51.5709630419], [0.6540600479, 51.5695989322], [0.6500899839, 51.5698235995], [0.6432751811, 51.5712634441], [0.6388671984, 51.5729005855], [0.6357829431, 51.5744718471], [0.6281816972, 51.5768098345], [0.6257240235, 51.5772425992], [0.6184296404, 51.5794111935], [0.613080818, 51.5812841889], [0.6089086349, 51.5830408398], [0.6050383358, 51.5852852754], [0.6004633238, 51.5893528825]]}}, {"type": "Feature", "properties": {"route": "323", "route_name": "", "route_id": "86897", "agency": "Arriva Herts and Essex", "agency_id": "OP50", "geometry_source": "GTFS stop sequence"}, "geometry": {"type": "LineString", "coordinates": [[-0.109046985755819, 51.80301847356074], [-0.104354979087114, 51.80457049543141], [-0.101976273114497, 51.80284159452938], [-0.101778182334818, 51.79996090664731], [-0.100588149184108, 51.79894355695982], [-0.098803212910386, 51.798968658988954], [-0.091863401289301, 51.79948568105362], [-0.088653982103197, 51.797527206510765], [-0.082695954074291, 51.796441050754275], [-0.079852018111522, 51.79681726846792], [-0.076492346674306, 51.79772451214325], [-0.072567388205842, 51.798280690751184], [-0.065479032860707, 51.79887465008703], [-0.061025386867729, 51.79991631530166], [-0.057549722008542, 51.79979599545519], [-0.049601540517587, 51.79946657566748], [-0.049408416372031, 51.801252823739304], [-0.048172797031996, 51.79795914692305], [-0.050619635454848, 51.79704656892826], [-0.053372773202493, 51.79710118043242], [-0.052665258087719, 51.79837535078196], [-0.05850318257576, 51.79988368259433], [-0.052352266779376, 51.802272788681336], [-0.046949129097274, 51.80412547493161], [-0.044367384814369, 51.804792944486934], [-0.038337000998778, 51.807713870157876], [-0.030344511998876, 51.808371562642904], [-0.029391274627023, 51.810936360827824], [-0.028373675247324, 51.813311234882676], [-0.025591461621456, 51.816222992244164]]}}, {"type": "Feature", "properties": {"route": "55", "route_name": "", "route_id": "7152", "agency": "Arriva Herts and Essex", "agency_id": "OP50", "geometry_source": "GTFS stop sequence"}, "geometry": {"type": "LineString", "coordinates": [[-0.227238628318945, 51.99069497489078], [-0.230372323877738, 51.98915955746535], [-0.233750237337254, 51.98881463016952], [-0.236074967049173, 51.98932603478873], [-0.237270911799126, 51.99187960999482], [-0.234740744046941, 51.9928847538738], [-0.232719512891724, 51.99316915152082], [-0.230939099657985, 51.9947339585447], [-0.226818640324498, 51.99432131597728], [-0.222424593264554, 51.99309514255681], [-0.221394037720684, 51.99190166443551], [-0.222061201388962, 51.98792839241031], [-0.221908760935012, 51.98589395411586], [-0.223331730405191, 51.98342471378866], [-0.223934203897719, 51.98181528506338], [-0.227182734258726, 51.979939998480084], [-0.229541954646396, 51.97882454720122], [-0.227565290336888, 51.977257220697275], [-0.224018758942941, 51.98041384554032], [-0.222738413160483, 51.981122861858104], [-0.216993264187903, 51.982420746490014], [-0.211853796876215, 51.98349376479303], [-0.209154564941715, 51.98362359113202], [-0.207612904660786, 51.98284482706592], [-0.204879914813105, 51.98163426586588], [-0.20709714491597, 51.977891495548526], [-0.210318277931566, 51.97634894972844], [-0.210916461474238, 51.9748564117115], [-0.213207452430823, 51.973263684940214], [-0.213272368525801, 51.97089983015377], [-0.210289383909916, 51.96976652134313], [-0.206157360517615, 51.96824697218528], [-0.202747058446586, 51.9679791637321], [-0.201183633199657, 51.9692141420699], [-0.201497097500678, 51.971565790964135], [-0.197937138056622, 51.972482476836355], [-0.205274866939623, 51.96592263083081], [-0.198671613497465, 51.961065123320815], [-0.206645491558793, 51.946170510512054], [-0.210325844746915, 51.934860840649726], [-0.21006197240031, 51.929794419497135], [-0.207988570442844, 51.92707430717008], [-0.20924238322043, 51.924440792230385], [-0.212554883352898, 51.923061438875735], [-0.208549475934684, 51.91919698438016], [-0.208645249999951, 51.916060280385686], [-0.208326320240566, 51.912018074713615], [-0.205531747214804, 51.9080820122422], [-0.205742947556378, 51.90132333210855]]}}, {"type": "Feature", "properties": {"route": "10", "route_name": "", "route_id": "16075", "agency": "Arriva Herts and Essex", "agency_id": "OP50", "geometry_source": "GTFS stop sequence"}, "geometry": {"type": "LineString", "coordinates": [[0.1318209364, 51.7655893043], [0.1385024092, 51.7652880621], [0.1438439359, 51.7651547711], [0.144875434, 51.7636791604], [0.1417215147, 51.7619561621], [0.1357928831, 51.7631521551], [0.1333818983, 51.7636545661], [0.1314424411, 51.7637077431], [0.1305283635, 51.7655318118], [0.1192640038, 51.7645304888], [0.0988391187, 51.7672350765], [0.0910638048, 51.7670859182], [0.0936761707, 51.7721740968], [0.0960983067, 51.7756469704], [0.0948854567, 51.7807583148]]}}, {"type": "Feature", "properties": {"route": "7", "route_name": "", "route_id": "115724", "agency": "Arriva Herts and Essex", "agency_id": "OP50", "geometry_source": "GTFS stop sequence"}, "geometry": {"type": "LineString", "coordinates": [[0.0948854567, 51.7807583148], [0.0938523599, 51.7787983873], [0.0957175383, 51.7739991506], [0.0936761707, 51.7721740968]]}}, {"type": "Feature", "properties": {"route": "301", "route_name": "", "route_id": "7640", "agency": "Arriva Herts and Essex", "agency_id": "OP50", "geometry_source": "GTFS stop sequence"}, "geometry": {"type": "LineString", "coordinates": [[-0.336842975879528, 51.75391254540744], [-0.337911761008585, 51.752030362000646], [-0.332185443581347, 51.75095113582841], [-0.326838258506402, 51.750596384386625], [-0.32281810364046, 51.75157316163432], [-0.319540934378341, 51.7524345399025], [-0.315899751554793, 51.752562261826924], [-0.313035962220305, 51.75204461704377], [-0.307364281297866, 51.752619487754004], [-0.301053037612114, 51.752087818837445], [-0.295741654318488, 51.751938984871984], [-0.291561523927905, 51.751374743838056], [-0.284212245666525, 51.751483491279686], [-0.278718287798997, 51.752329335499276], [-0.269020031283924, 51.755136284322795], [-0.257185838567977, 51.75881898083127], [-0.250066804821219, 51.75968434428668], [-0.244382125034429, 51.760921400912615], [-0.240351057680168, 51.75987199510087], [-0.236301869363, 51.76003610535701], [-0.233090093024341, 51.761390627549275], [-0.229343889534568, 51.76195470383924], [-0.22629271812335, 51.76216047705328], [-0.222473626903253, 51.763469576597984], [-0.216772840548016, 51.76177364412848], [-0.215443428460445, 51.7635159138167], [-0.214136149481288, 51.767632411675834], [-0.208469788430973, 51.7709182111573], [-0.20531370444558, 51.77411620439471], [-0.202155472851506, 51.78537996265595], [-0.19562218881553, 51.78378718336811], [-0.191177616867975, 51.78362895896956], [-0.187509968974509, 51.78470547000977], [-0.184015917689996, 51.78506518279144], [-0.179595946661373, 51.78573417262587], [-0.17728484721933, 51.787676621046344], [-0.17776269898087, 51.79164953669903], [-0.182051449987817, 51.79498005563083], [-0.186442583757826, 51.79613591329372], [-0.19008284324523, 51.79866482501515], [-0.193903651757289, 51.80031517360743], [-0.199973795397692, 51.802305583002614], [-0.204390180028189, 51.80249000898457], [-0.208857524987568, 51.80504893977312], [-0.20582927560311, 51.80788920994068], [-0.203899379028763, 51.81228382095708], [-0.20427137337577, 51.81496912355941], [-0.208854258450182, 51.81720609453303], [-0.209472026927131, 51.8199220959703], [-0.202306171562022, 51.821332417278995], [-0.201749058371066, 51.82220511613353], [-0.203738778852124, 51.82434864661293], [-0.211217035120164, 51.82715124124323], [-0.213799542704834, 51.824232129759686], [-0.215157724529509, 51.82474731067607], [-0.214830050671917, 51.827529853109105], [-0.214534337179786, 51.83133796475022], [-0.21230456194358, 51.83267087295275], [-0.210846032697683, 51.83358385958492], [-0.200073568550097, 51.83912040763121], [-0.193858744543793, 51.8420734180114], [-0.188929422086393, 51.84553147172948], [-0.185343505526763, 51.84769722419549], [-0.1813315300942, 51.852859606828176], [-0.182200547948078, 51.855076076658015], [-0.183494603355624, 51.858279229014556], [-0.183675202995235, 51.8610065868447], [-0.184407429810911, 51.86734823737161], [-0.188148758106519, 51.87219863259912], [-0.190748991427809, 51.88305595825742], [-0.19294291678534, 51.88487007710902], [-0.197321946187906, 51.88873184217032], [-0.200458192199059, 51.892799235350594], [-0.205742947556378, 51.90132333210855]]}}, {"type": "Feature", "properties": {"route": "8", "route_name": "", "route_id": "115553", "agency": "Arriva Herts and Essex", "agency_id": "OP50", "geometry_source": "GTFS stop sequence"}, "geometry": {"type": "LineString", "coordinates": [[0.8243231858, 51.5530041391], [0.8218994864, 51.551839324], [0.8183730587, 51.5522029403], [0.810094447, 51.5529412443], [0.8056353902, 51.5529220983], [0.8005684779, 51.5531061708], [0.7976956052, 51.5533096515], [0.7922329423, 51.5536287166], [0.7891899829, 51.5536471681], [0.7874683019, 51.5519163277], [0.7863644238, 51.5463664102], [0.7833948829, 51.544035591], [0.7842709158, 51.5418472887], [0.7815526371, 51.5396093902], [0.7801941237, 51.5369614579], [0.780108018, 51.5334199429], [0.7763035853, 51.5322779369], [0.7715132308, 51.5315188694], [0.7690962393, 51.531135281], [0.7683800639, 51.5352533567], [0.7668369561, 51.5364409827], [0.7626275818, 51.5369449539], [0.754683243, 51.5379323021], [0.7493695253, 51.5385426766], [0.7439621619, 51.5375990844], [0.740128558, 51.5359619364], [0.7360502212, 51.5357693715], [0.7326482213, 51.5355519112], [0.7288558125, 51.5353164577], [0.7252341918, 51.5352837676], [0.7224099138, 51.5350795632], [0.714633531, 51.5364740004], [0.7141100073, 51.5385816474], [0.7137832381, 51.5403609653], [0.7121542107, 51.5413429902], [0.7075841177, 51.5452619152], [0.7042857337, 51.5492322774], [0.7024299222, 51.5505341685], [0.6971654484, 51.5522562316], [0.6933006605, 51.5525249251], [0.6869571868, 51.5530841409], [0.6936665183, 51.5531011084], [0.6943296566, 51.5552893145], [0.6955370627, 51.5578967029], [0.6958216676, 51.5592931671], [0.6960790062, 51.5609600661], [0.6970417554, 51.563330235], [0.7013105562, 51.5657232295], [0.7061920048, 51.5691901672], [0.7068704068, 51.5740490604], [0.7072937777, 51.5792286108], [0.7067502753, 51.5822270351], [0.7020975917, 51.5826400848], [0.7002315274, 51.5862265343], [0.6986000097, 51.5906079846], [0.6973677463, 51.5946654523], [0.6927017887, 51.595609043], [0.6881726999, 51.595694921], [0.6833793308, 51.5944826024], [0.6805955649, 51.5947800746], [0.6755510078, 51.5934652547], [0.6704355961, 51.5909377043], [0.6670121292, 51.5894327196], [0.6638634793, 51.5923731965], [0.6659067015, 51.595456534], [0.6645819018, 51.5974921876], [0.6607047289, 51.5986054425], [0.6583498436, 51.6005654493], [0.6590700096, 51.6025097155], [0.6552065125, 51.6013920835], [0.6480955657, 51.6015438024], [0.6458229415, 51.6009565363], [0.6402592482, 51.600893008], [0.6341530791, 51.6006885074], [0.6289930002, 51.5976115643], [0.6231883067, 51.5963654926], [0.6206818251, 51.595468201], [0.6166313251, 51.5943354993], [0.6126957447, 51.591176574], [0.6084481618, 51.5870981322], [0.6066407713, 51.5857892879], [0.6004633238, 51.5893528825]]}}, {"type": "Feature", "properties": {"route": "97B", "route_name": "", "route_id": "4971087", "agency": "Arriva Herts and Essex", "agency_id": "OP50", "geometry_source": "GTFS stop sequence"}, "geometry": {"type": "LineString", "coordinates": [[-0.22589, 52.02039], [-0.22396, 52.01835], [-0.22142, 52.01434], [-0.22551, 52.01336], [-0.22676, 52.01378], [-0.22954, 52.01444], [-0.23128, 52.01563], [-0.23447, 52.01489], [-0.23637, 52.013], [-0.23857, 52.01062], [-0.24357, 52.00186], [-0.24489, 51.99904], [-0.246338800224393, 51.98756407999247], [-0.246519686483621, 51.984797321183535], [-0.243275907080472, 51.98395770493318], [-0.237368386327651, 51.98234982733311], [-0.233678406999035, 51.981386371966465], [-0.230111679759267, 51.979516485027816], [-0.237886406905566, 51.977313209832346], [-0.239941870285615, 51.97650771732808], [-0.239787255658508, 51.97339426024641], [-0.240143988029198, 51.97246444988817], [-0.238575768213864, 51.968646479302684], [-0.238106181975274, 51.96688605980227], [-0.243559525615624, 51.9636765504598], [-0.248816281229657, 51.959142078507774], [-0.246827879542307, 51.95638798164927], [-0.248008461457388, 51.95484997951157], [-0.247411243257588, 51.952997777563084], [-0.244327496572717, 51.951099525322306], [-0.248367421044198, 51.95124062825467], [-0.251353666356689, 51.95228310735164], [-0.253391516389001, 51.95451634021653], [-0.255875445740059, 51.956135713497225], [-0.257851666527732, 51.95546361540594], [-0.262137017417351, 51.95453785569641], [-0.263445148924336, 51.9530735182618], [-0.271150436186943, 51.95251253768885], [-0.27382738758315, 51.9536667931727], [-0.275683715735607, 51.952695912135255], [-0.276383335017196, 51.94963098065864]]}}, {"type": "Feature", "properties": {"route": "7", "route_name": "", "route_id": "28480", "agency": "Arriva Herts and Essex", "agency_id": "OP50", "geometry_source": "GTFS stop sequence"}, "geometry": {"type": "LineString", "coordinates": [[0.8243231858, 51.5530041391], [0.8218994864, 51.551839324], [0.8183730587, 51.5522029403], [0.810094447, 51.5529412443], [0.8056353902, 51.5529220983], [0.8005684779, 51.5531061708], [0.7976956052, 51.5533096515], [0.7922329423, 51.5536287166], [0.7891899829, 51.5536471681], [0.7874683019, 51.5519163277], [0.7863644238, 51.5463664102], [0.7833948829, 51.544035591], [0.7842709158, 51.5418472887], [0.7815526371, 51.5396093902], [0.7801941237, 51.5369614579], [0.780108018, 51.5334199429], [0.7763035853, 51.5322779369], [0.7715132308, 51.5315188694], [0.7690962393, 51.531135281], [0.7683800639, 51.5352533567], [0.7668369561, 51.5364409827], [0.7626275818, 51.5369449539], [0.754683243, 51.5379323021], [0.7493695253, 51.5385426766], [0.7439621619, 51.5375990844], [0.740128558, 51.5359619364], [0.7360502212, 51.5357693715], [0.7326482213, 51.5355519112], [0.7288558125, 51.5353164577], [0.7252341918, 51.5352837676], [0.7224099138, 51.5350795632], [0.714633531, 51.5364740004], [0.7141100073, 51.5385816474], [0.7137832381, 51.5403609653], [0.7121542107, 51.5413429902], [0.7075841177, 51.5452619152], [0.7042857337, 51.5492322774], [0.7024299222, 51.5505341685], [0.6971654484, 51.5522562316], [0.6933006605, 51.5525249251], [0.6869571868, 51.5530841409], [0.6936665183, 51.5531011084], [0.6943296566, 51.5552893145], [0.6955370627, 51.5578967029], [0.6958216676, 51.5592931671], [0.6960790062, 51.5609600661], [0.6970417554, 51.563330235], [0.7013105562, 51.5657232295], [0.7061920048, 51.5691901672], [0.7068704068, 51.5740490604], [0.7072937777, 51.5792286108], [0.7067502753, 51.5822270351], [0.7020975917, 51.5826400848], [0.7002315274, 51.5862265343], [0.6986000097, 51.5906079846], [0.6973677463, 51.5946654523], [0.6969022305, 51.596312987], [0.6962165354, 51.5983882779], [0.6946898721, 51.6011394131], [0.6933916714, 51.6038493071], [0.6922986618, 51.6058799589], [0.6903028683, 51.6090105298], [0.6858682259, 51.6136538698], [0.6842040958, 51.6143394857], [0.6795586222, 51.6146884894], [0.6751553557, 51.6122797677], [0.6703824712, 51.6089799441], [0.6671772446, 51.6067864816], [0.6631998319, 51.6052130292], [0.6611016902, 51.6039116082], [0.6592037668, 51.6028214569], [0.6552065125, 51.6013920835], [0.6480955657, 51.6015438024], [0.6458229415, 51.6009565363], [0.6402592482, 51.600893008], [0.6341530791, 51.6006885074], [0.6289930002, 51.5976115643], [0.6231883067, 51.5963654926], [0.6206818251, 51.595468201], [0.6166313251, 51.5943354993], [0.6126957447, 51.591176574], [0.6084481618, 51.5870981322], [0.6066407713, 51.5857892879], [0.6004633238, 51.5893528825]]}}, {"type": "Feature", "properties": {"route": "302", "route_name": "", "route_id": "12369042", "agency": "Arriva Herts and Essex", "agency_id": "OP50", "geometry_source": "GTFS stop sequence"}, "geometry": {"type": "LineString", "coordinates": [[-0.337028583910891, 51.753987107312234], [-0.33818360427169, 51.75567594664511], [-0.341394097035605, 51.75979464548567], [-0.34332065943016, 51.761791049476045], [-0.346644047262676, 51.76324058447249], [-0.350131344523584, 51.761392287632994], [-0.35236310087981, 51.758600126542746], [-0.355330174245721, 51.7547032151], [-0.356901246280436, 51.75333143890565], [-0.361016496716759, 51.74971119664185], [-0.365719692369669, 51.74784342374418], [-0.397553777132844, 51.7418885261145], [-0.405151605304831, 51.7416591754765], [-0.411764856628777, 51.74265691362621], [-0.416624999878466, 51.74367563194283], [-0.424971515619562, 51.74608071023444], [-0.427826282264421, 51.746883241103454], [-0.433041775227972, 51.74812183288861], [-0.435403499419162, 51.75146229942594], [-0.44130485531976, 51.75131591095594], [-0.44672121823039, 51.7517922470573], [-0.450315297352924, 51.75302661110929], [-0.454364329469051, 51.756218074835914], [-0.459396809247908, 51.75522310651878], [-0.467858146516394, 51.75564841672725], [-0.470622301390852, 51.754884142716044], [-0.472281355561308, 51.75337710883868], [-0.472229418758919, 51.751910767506025]]}}, {"type": "Feature", "properties": {"route": "302", "route_name": "", "route_id": "12369042", "agency": "Arriva Herts and Essex", "agency_id": "OP50", "geometry_source": "GTFS stop sequence"}, "geometry": {"type": "LineString", "coordinates": [[-0.472434808242229, 51.752264117882746], [-0.472717476482068, 51.754192039847325], [-0.467186793761587, 51.755792524796476], [-0.459435361796856, 51.755367481036814], [-0.452887046919487, 51.755353407691814], [-0.451088089009468, 51.75372916883538], [-0.445711285143637, 51.751248377438436], [-0.443911748017719, 51.75049622725141], [-0.441190186254108, 51.75170103978215], [-0.435461031360581, 51.750635814479516], [-0.43274969634502, 51.748189873430896], [-0.428384105020464, 51.747088522645], [-0.424107165419284, 51.74594323769094], [-0.415500119239666, 51.74353458541996], [-0.410823180405981, 51.742662168022605], [-0.405146858421561, 51.74179398956], [-0.397605327109386, 51.74206906712696], [-0.365553936101936, 51.748020957385485], [-0.3602040084634, 51.7505451054667], [-0.357028963003906, 51.7534051597388], [-0.35565300159387, 51.75459083681552], [-0.35197126732752, 51.759412898964804], [-0.349572526750437, 51.762013877586284], [-0.346325733285852, 51.76322711476477], [-0.342545473000699, 51.76119564532065], [-0.341220314808697, 51.75939654772544], [-0.337214393511146, 51.75523961751155], [-0.336842975879528, 51.75391254540744], [-0.337911761008585, 51.752030362000646], [-0.332185443581347, 51.75095113582841], [-0.326838258506402, 51.750596384386625], [-0.32281810364046, 51.75157316163432], [-0.319540934378341, 51.7524345399025], [-0.315899751554793, 51.752562261826924], [-0.313035962220305, 51.75204461704377], [-0.307364281297866, 51.752619487754004], [-0.301053037612114, 51.752087818837445], [-0.295741654318488, 51.751938984871984], [-0.291561523927905, 51.751374743838056], [-0.284212245666525, 51.751483491279686], [-0.278718287798997, 51.752329335499276], [-0.269020031283924, 51.755136284322795], [-0.257185838567977, 51.75881898083127], [-0.250066804821219, 51.75968434428668], [-0.244382125034429, 51.760921400912615], [-0.240351057680168, 51.75987199510087], [-0.236301869363, 51.76003610535701], [-0.233090093024341, 51.761390627549275], [-0.229343889534568, 51.76195470383924], [-0.227721504700065, 51.761939243983726]]}}, {"type": "Feature", "properties": {"route": "20", "route_name": "", "route_id": "52774", "agency": "Arriva Herts and Essex", "agency_id": "OP50", "geometry_source": "GTFS stop sequence"}, "geometry": {"type": "LineString", "coordinates": [[-0.41761693365465, 51.64639605074419], [-0.420431991634719, 51.64691052659855], [-0.423058158898747, 51.64662210872905], [-0.423291906697428, 51.64446716288312], [-0.419771121026876, 51.64471657417131], [-0.418050485277348, 51.645152000720415], [-0.415744284966642, 51.64414077948259], [-0.411656316376547, 51.64283566448746], [-0.410695008133748, 51.64428835937626], [-0.41055585521575, 51.64537451190389], [-0.414572409908605, 51.64666071553809], [-0.413516612346017, 51.649164223701874], [-0.408701999848253, 51.64961162746485], [-0.403875374118263, 51.64998673465342], [-0.398522741184934, 51.652980145833325], [-0.399702974498907, 51.65599957240615], [-0.397083373432707, 51.65813092621136], [-0.397068873435468, 51.66018091013155], [-0.3962878142363, 51.663056686652666], [-0.398872949229615, 51.666014362714364], [-0.401302934186035, 51.6713347645388], [-0.403600374514836, 51.674270428487176], [-0.40521511929037, 51.675650154833455], [-0.40915241670875, 51.677618839937246], [-0.410928681497514, 51.678937729028256], [-0.416256011039231, 51.680466377482425], [-0.417530808771431, 51.6833160295641], [-0.416529292713202, 51.68963287829215], [-0.411994193231921, 51.6947869997591], [-0.408508416168218, 51.69516245195915], [-0.408572135334191, 51.69293330798729], [-0.40842724275122, 51.69252670660061], [-0.405811337290931, 51.6920326468556], [-0.403178182189724, 51.691619221793616], [-0.400372356770711, 51.69282194192554], [-0.403076014668381, 51.694522239729636], [-0.406855911140031, 51.695247957492576], [-0.403134229793341, 51.695745938735826], [-0.398030123976829, 51.69687238162307], [-0.394050428608341, 51.69729462165307], [-0.395242746123181, 51.69876761389679], [-0.397792354169622, 51.69991741665714], [-0.401135201124804, 51.70073626656022], [-0.405262972541906, 51.70187140419016], [-0.411892731409565, 51.70429911468665], [-0.414141569933886, 51.708690582271394], [-0.414549820137346, 51.70984705978269], [-0.411670623563549, 51.71642623659362], [-0.410505626870675, 51.71992632673768], [-0.410674128580113, 51.72172699078164], [-0.411842375686081, 51.72515971536152], [-0.415659771224858, 51.73027369081444], [-0.41831681103567, 51.73504821413094], [-0.422505735656552, 51.741183033594254], [-0.428033467648306, 51.74508763817954], [-0.433041775227972, 51.74812183288861], [-0.435403499419162, 51.75146229942594], [-0.43774801040039, 51.75615126332201], [-0.438842392351426, 51.75970858983593], [-0.440318418519176, 51.76354971453975], [-0.442933073217623, 51.76589527761785], [-0.445166559284925, 51.766266530035345], [-0.447643289061388, 51.7633499445753], [-0.446540125665041, 51.7596037614555], [-0.446518616133842, 51.75769720830457], [-0.454364329469051, 51.756218074835914], [-0.459396809247908, 51.75522310651878], [-0.467858146516394, 51.75564841672725], [-0.470622301390852, 51.754884142716044], [-0.472281355561308, 51.75337710883868], [-0.472229418758919, 51.751910767506025], [-0.473683402411396, 51.74874655320307], [-0.474360546533265, 51.747136816579136], [-0.477763381667477, 51.74415968495945], [-0.48529120158423, 51.74298909541643], [-0.490582358634657, 51.74285934735219]]}}, {"type": "Feature", "properties": {"route": "SB1", "route_name": "", "route_id": "57061", "agency": "Arriva Herts and Essex", "agency_id": "OP50", "geometry_source": "GTFS stop sequence"}, "geometry": {"type": "LineString", "coordinates": [[-0.205009233378077, 51.90113230472668], [-0.200770492430218, 51.899170281042025], [-0.193886960502184, 51.8993795476222], [-0.174357166685011, 51.899599705361744], [-0.167680643186272, 51.90186081275122], [-0.165767412158993, 51.90422286188519], [-0.16756008557674, 51.906966354212464], [-0.171472520992246, 51.909428054766934], [-0.170984921618029, 51.913556761001324], [-0.169094655125712, 51.91570341283836], [-0.165803126639912, 51.91619167535546], [-0.162493839367905, 51.916400819250605], [-0.156406325051387, 51.912726826777806], [-0.15819110754245, 51.9096165868224]]}}, {"type": "Feature", "properties": {"route": "2", "route_name": "", "route_id": "115649", "agency": "Arriva Herts and Essex", "agency_id": "OP50", "geometry_source": "GTFS stop sequence"}, "geometry": {"type": "LineString", "coordinates": [[-0.434779026769551, 51.77748535534953], [-0.436977707186202, 51.77971760253461], [-0.4426866467016, 51.77979336373058], [-0.44417124969869, 51.77793373204729], [-0.441803017654631, 51.77598711107617], [-0.442868408382164, 51.77324973178128], [-0.447528842636885, 51.77133317014249], [-0.449109188148554, 51.77258590800284], [-0.453253623497647, 51.77345876467474], [-0.457224671095133, 51.77432020717611], [-0.457953524626346, 51.77207282743548], [-0.457062865058218, 51.76971427957643], [-0.45672643584924, 51.767255099241964], [-0.461139117360196, 51.765343740883], [-0.461395812380597, 51.764187157356155], [-0.462777735807686, 51.76232594832841], [-0.462213103150116, 51.76017851111232], [-0.465333599238826, 51.75874463536348], [-0.469819023477087, 51.758074774245124], [-0.472616651641008, 51.7563217895432], [-0.472281355561308, 51.75337710883868], [-0.472245794577067, 51.751425422128406]]}}, {"type": "Feature", "properties": {"route": "20", "route_name": "", "route_id": "52774", "agency": "Arriva Herts and Essex", "agency_id": "OP50", "geometry_source": "GTFS stop sequence"}, "geometry": {"type": "LineString", "coordinates": [[-0.490582358634657, 51.74285934735219], [-0.486140911896776, 51.74313492045342], [-0.479238385146626, 51.74423273043472], [-0.474269485391726, 51.74682991253031], [-0.473738050666018, 51.748414565434125], [-0.472434808242229, 51.752264117882746], [-0.472717476482068, 51.754192039847325], [-0.467186793761587, 51.755792524796476], [-0.459435361796856, 51.755367481036814], [-0.453203034687909, 51.75670634109678], [-0.446585169656952, 51.75786893274511], [-0.446896646890475, 51.76019294171968], [-0.447912020420056, 51.763964937286445], [-0.446168521826922, 51.76620784387033], [-0.441661275348908, 51.764952266315866], [-0.438460998322158, 51.760683634379546], [-0.438740785868886, 51.75929361564382], [-0.437148859622261, 51.75545991803124], [-0.435461031360581, 51.750635814479516], [-0.43274969634502, 51.748189873430896], [-0.427631189524604, 51.744992338296505], [-0.421530297047989, 51.740495545361036], [-0.417790883051358, 51.733935131163655], [-0.414095970592426, 51.72902969767238], [-0.411815620598963, 51.72551003850543], [-0.410358948191424, 51.721219179677675], [-0.412055650211712, 51.71576603781617], [-0.414073958925732, 51.708968419747805], [-0.411540539896221, 51.70402459514704], [-0.404986249634561, 51.70192159941509], [-0.401922814985509, 51.70097178168195], [-0.395422824188341, 51.698994872810054], [-0.39493347335277, 51.69687507468728], [-0.398545209455461, 51.696627629026494], [-0.402519522373757, 51.69594439687694], [-0.406789910965443, 51.69506722315338], [-0.402115593463577, 51.69426639730813], [-0.400033717555853, 51.692988177865175], [-0.402847154517697, 51.69156976187887], [-0.405545413007332, 51.6917772627142], [-0.408230140220746, 51.69237117266266], [-0.409804039986679, 51.6908099017701], [-0.412867264879876, 51.68720058820433], [-0.41463921010656, 51.68658608534472], [-0.417791645377311, 51.682887928527656], [-0.418851022455917, 51.68154440518159], [-0.41489917359054, 51.680385132065524], [-0.410600254439147, 51.6788163897568], [-0.408541483818108, 51.6773048366077], [-0.405396105445984, 51.67585043584331], [-0.402542528255101, 51.6730960784557], [-0.40074341744771, 51.670796619302166], [-0.397774806009869, 51.66804057438595], [-0.398707750846208, 51.6657783181812], [-0.396123128357449, 51.663216294171114], [-0.396935282654453, 51.659459724775594], [-0.395058535956357, 51.656925316799466], [-0.396903953778616, 51.655430868535426]]}}, {"type": "Feature", "properties": {"route": "331", "route_name": "", "route_id": "11295", "agency": "Arriva Herts and Essex", "agency_id": "OP50", "geometry_source": "GTFS stop sequence"}, "geometry": {"type": "LineString", "coordinates": [[-0.027881015010936, 51.94708804083002], [-0.018068674398333, 51.9458801610818], [-0.014830901875824, 51.941437470917485], [-0.012659580251737, 51.93888304877546], [-0.011502003445482, 51.93742476508252], [-0.002501037094763, 51.92619408476019], [0.013905591999225, 51.8940372919374], [0.013836846614554, 51.890549503405595], [0.017538834584405, 51.88884050927366], [0.022573602726132, 51.88672182689252], [0.024554317927015, 51.88455660688467], [0.018855390303043, 51.883845242342424], [0.006862789209878, 51.88471584880823], [-0.004678306818703, 51.87643253590311], [-0.007268955359377, 51.87238500824298], [-0.010306788414483, 51.86740980208542], [-0.015756625463463, 51.859094170223], [-0.020504500255407, 51.852169257602625], [-0.022587055679005, 51.84904803088941], [-0.028072755291246, 51.84013895198082], [-0.030348658521029, 51.83688594791489], [-0.031987620508457, 51.83325356261668], [-0.034939677947799, 51.824454602341206], [-0.035983374367765, 51.81814152309751], [-0.034330855705765, 51.8131052424419], [-0.031333805692274, 51.81096890234209], [-0.027040474045903, 51.805636476939], [-0.031780747438142, 51.80803592526514], [-0.038767513191788, 51.80748725447356], [-0.042997494456046, 51.80494100230083], [-0.04794277307334, 51.803620428335456], [-0.053236611858789, 51.80194573139065], [-0.060048941006557, 51.80002609799015], [-0.064958056982819, 51.798848091926764], [-0.06746170841716, 51.79829578831867], [-0.070881402787146, 51.79768652906659], [-0.076601404596804, 51.79788815586684]]}}, {"type": "Feature", "properties": {"route": "724", "route_name": "", "route_id": "28481", "agency": "Arriva Herts and Essex", "agency_id": "OP50", "geometry_source": "GTFS stop sequence"}, "geometry": {"type": "LineString", "coordinates": [[-0.337952819593312, 51.752885178303785], [-0.339444720330257, 51.751314690117795], [-0.340665701768741, 51.74922781704907], [-0.342977029340252, 51.74544783701552], [-0.350270478231857, 51.7408746256711], [-0.355197838906373, 51.734415529691624], [-0.359610574115559, 51.72773323781151], [-0.377950974180562, 51.709680199337974], [-0.383845932293779, 51.69900703268172], [-0.385741614968392, 51.69005909269349], [-0.394527836652074, 51.680531093223806], [-0.3969510560015, 51.67048415340398], [-0.396123128357449, 51.663216294171114], [-0.402094615502193, 51.65952104228732], [-0.411890912100252, 51.65514891982415], [-0.430417646734305, 51.65115376409025], [-0.443386926095809, 51.646848372303836], [-0.463300836940107, 51.64353183804892], [-0.473881032100962, 51.640495645590995], [-0.484132815154828, 51.63599756623504], [-0.499420834918372, 51.63119439557564], [-0.50953268982335, 51.624210542423576], [-0.512183440210557, 51.62267056728037], [-0.512900952106767, 51.62193332392757], [-0.516631852254981, 51.620928458765], [-0.515379062946935, 51.62036411457591], [-0.511807476683936, 51.61959054933], [-0.512889413946466, 51.61256354164772], [-0.499634, 51.586079], [-0.500165, 51.579593], [-0.500754, 51.566068], [-0.4763, 51.54725], [-0.47072, 51.53706], [-0.4494, 51.52518], [-0.45091, 51.50307], [-0.45259, 51.47154]]}}, {"type": "Feature", "properties": {"route": "7", "route_name": "", "route_id": "28480", "agency": "Arriva Herts and Essex", "agency_id": "OP50", "geometry_source": "GTFS stop sequence"}, "geometry": {"type": "LineString", "coordinates": [[0.7938766857, 51.538785757], [0.7900978078, 51.5404316655], [0.7863692261, 51.5398367974], [0.7815526371, 51.5396093902], [0.7801941237, 51.5369614579], [0.780108018, 51.5334199429], [0.7763035853, 51.5322779369], [0.7715132308, 51.5315188694], [0.7690962393, 51.531135281], [0.7683800639, 51.5352533567], [0.7668369561, 51.5364409827], [0.7626275818, 51.5369449539], [0.754683243, 51.5379323021], [0.7493695253, 51.5385426766], [0.7439621619, 51.5375990844], [0.740128558, 51.5359619364], [0.7360502212, 51.5357693715], [0.7326482213, 51.5355519112], [0.7288558125, 51.5353164577], [0.7252341918, 51.5352837676], [0.7224099138, 51.5350795632], [0.714633531, 51.5364740004], [0.7141100073, 51.5385816474], [0.7137832381, 51.5403609653], [0.7121542107, 51.5413429902], [0.7075841177, 51.5452619152], [0.7042857337, 51.5492322774], [0.7024299222, 51.5505341685], [0.6971654484, 51.5522562316], [0.6933006605, 51.5525249251], [0.6869571868, 51.5530841409], [0.6936665183, 51.5531011084], [0.6943296566, 51.5552893145], [0.6955370627, 51.5578967029], [0.6958216676, 51.5592931671], [0.6960790062, 51.5609600661], [0.6970417554, 51.563330235], [0.7013105562, 51.5657232295], [0.7061920048, 51.5691901672], [0.7068704068, 51.5740490604], [0.7072937777, 51.5792286108], [0.7067502753, 51.5822270351], [0.7020975917, 51.5826400848], [0.7002315274, 51.5862265343], [0.6986000097, 51.5906079846], [0.6973677463, 51.5946654523], [0.6969022305, 51.596312987], [0.6962165354, 51.5983882779], [0.6946898721, 51.6011394131], [0.6933916714, 51.6038493071], [0.6922986618, 51.6058799589], [0.6903028683, 51.6090105298], [0.6858682259, 51.6136538698], [0.6842040958, 51.6143394857], [0.6795586222, 51.6146884894], [0.6751553557, 51.6122797677], [0.6703824712, 51.6089799441], [0.6671772446, 51.6067864816], [0.6631998319, 51.6052130292], [0.6611016902, 51.6039116082], [0.6592037668, 51.6028214569], [0.6552065125, 51.6013920835], [0.6480955657, 51.6015438024], [0.6458229415, 51.6009565363], [0.6402592482, 51.600893008], [0.6341530791, 51.6006885074], [0.6289930002, 51.5976115643], [0.6231883067, 51.5963654926], [0.6206818251, 51.595468201], [0.6166313251, 51.5943354993], [0.6126957447, 51.591176574], [0.6084481618, 51.5870981322], [0.6066407713, 51.5857892879], [0.6004633238, 51.5893528825]]}}, {"type": "Feature", "properties": {"route": "97", "route_name": "", "route_id": "77967", "agency": "Arriva Herts and Essex", "agency_id": "OP50", "geometry_source": "GTFS stop sequence"}, "geometry": {"type": "LineString", "coordinates": [[-0.276383335017196, 51.94963098065864], [-0.270506239535747, 51.95072270992982], [-0.263639047346283, 51.9533281472211], [-0.260713318708404, 51.954849526956544], [-0.256101690359762, 51.95705622419043], [-0.250781952918469, 51.95949500194949], [-0.243425227854553, 51.9641331268738], [-0.236629466077936, 51.96742144310287], [-0.234153219348263, 51.96857124601185], [-0.233477378161742, 51.971690242919145], [-0.234468108546107, 51.97315277549185], [-0.235640298378035, 51.97481583670054], [-0.237174160892485, 51.977653227875784], [-0.229946643043803, 51.97963988902716], [-0.233883918250541, 51.98134449556092], [-0.236997053019455, 51.98216443381609], [-0.242156876751624, 51.98352738673383], [-0.246942464280826, 51.984785632000815], [-0.246779152140051, 51.98710306663804], [-0.24489, 51.99904], [-0.24363, 52.0027], [-0.23878, 52.01059], [-0.23634, 52.01346], [-0.23359, 52.01551], [-0.23151, 52.01651], [-0.22822, 52.01888], [-0.22589, 52.02039]]}}, {"type": "Feature", "properties": {"route": "3", "route_name": "", "route_id": "5181", "agency": "Arriva Herts and Essex", "agency_id": "OP50", "geometry_source": "GTFS stop sequence"}, "geometry": {"type": "LineString", "coordinates": [[-0.474269485391726, 51.74682991253031], [-0.473738050666018, 51.748414565434125], [-0.472427374866065, 51.751625602165234], [-0.472717476482068, 51.754192039847325], [-0.472846177479619, 51.75681932144735], [-0.473890377716943, 51.75721953104896], [-0.480680675765603, 51.757370437398265], [-0.481871597222115, 51.75771852115691], [-0.483879410052345, 51.75920110664677], [-0.488304818942886, 51.761622943121345], [-0.488911844274071, 51.76427433322209], [-0.491613451754022, 51.763652630064584], [-0.496549195146235, 51.761207153484456], [-0.499282528510651, 51.7613679656716], [-0.502285730777318, 51.76169400485918], [-0.498729445747014, 51.76144182938554], [-0.495444826452303, 51.76042872192001], [-0.492788057538291, 51.75753529803095], [-0.495541916974106, 51.75663543059987], [-0.497447963046311, 51.756830654541034], [-0.504272364368622, 51.754633778082315], [-0.504610691020511, 51.75316343007711], [-0.502077743221652, 51.7509012143439], [-0.498213173207474, 51.74861294343321], [-0.496357319184878, 51.74778894605071], [-0.49109251495497, 51.74450240786008], [-0.489613008812114, 51.74326051775093], [-0.486140911896776, 51.74313492045342], [-0.479238385146626, 51.74423273043472], [-0.473981411857074, 51.746781213529296], [-0.473738050666018, 51.748414565434125], [-0.472429120615024, 51.752003281237286], [-0.472717476482068, 51.754192039847325], [-0.472846177479619, 51.75681932144735], [-0.470107467688882, 51.758114496046936], [-0.466640431604914, 51.75866278001591], [-0.466724636056865, 51.75959902704641], [-0.466197686158487, 51.761894056210245], [-0.468199615064081, 51.76268446438253], [-0.470689023586485, 51.76320243510152], [-0.471945605129056, 51.7646125055651], [-0.467684629789315, 51.765483195834804], [-0.462276905394112, 51.765124842973755], [-0.456825428900873, 51.764352042899034], [-0.453785810342664, 51.76467177308928], [-0.451029391464402, 51.76518398513201], [-0.448981224449629, 51.769976593750215], [-0.449109188148554, 51.77258590800284], [-0.449137578595302, 51.77429472656156], [-0.449230094121933, 51.776247169315475], [-0.453535569659345, 51.77793140005074], [-0.454644379910629, 51.77517650569674], [-0.457224671095133, 51.77432020717611], [-0.461593171148972, 51.7750068803896], [-0.464907801391821, 51.77557173262496], [-0.465291332104821, 51.77323887375031]]}}, {"type": "Feature", "properties": {"route": "4", "route_name": "", "route_id": "3576", "agency": "Arriva Herts and Essex", "agency_id": "OP50", "geometry_source": "GTFS stop sequence"}, "geometry": {"type": "LineString", "coordinates": [[-0.465291332104821, 51.77323887375031], [-0.466310415557373, 51.77481674506957], [-0.463592846306395, 51.77587825957952], [-0.45998037917867, 51.77512064138809], [-0.455828838381057, 51.77402313520205], [-0.454804118994935, 51.77559222827228], [-0.453324731033578, 51.77816241324734], [-0.44904913698171, 51.77602897880005], [-0.448953837834231, 51.77288958004794], [-0.448673299053068, 51.76923520166472], [-0.450359670550127, 51.764851452767026], [-0.454082570634039, 51.764468864341936], [-0.458327570993428, 51.76449763838108], [-0.462943223081311, 51.765133557330785], [-0.467136623291629, 51.765404116777255], [-0.471566868784169, 51.764670524379746], [-0.470458788595042, 51.76315448053761], [-0.467843165752854, 51.762940581339656], [-0.466515556082021, 51.76149357194752], [-0.466627992901034, 51.75988550441164], [-0.469819023477087, 51.758074774245124], [-0.472616651641008, 51.7563217895432], [-0.472281355561308, 51.75337710883868], [-0.472229418758919, 51.751910767506025], [-0.473683402411396, 51.74874655320307], [-0.473816383834508, 51.74694991541759], [-0.477763381667477, 51.74415968495945], [-0.48529120158423, 51.74298909541643], [-0.491163583898531, 51.74280386772315], [-0.49131369638768, 51.744819960591194], [-0.494606933830653, 51.746408777922476], [-0.497092374496405, 51.74833785532582], [-0.501773231839605, 51.75003412120727], [-0.504663040939882, 51.75289434249366], [-0.503401801840062, 51.75554885081777], [-0.499406114324552, 51.756765750889194], [-0.496071804319765, 51.75682204719744], [-0.49282959111425, 51.757158175359095], [-0.495165606747386, 51.76011043528568], [-0.499282528510651, 51.7613679656716], [-0.502285730777318, 51.76169400485918], [-0.498729445747014, 51.76144182938554], [-0.496513360446756, 51.76141350613706], [-0.493519050962142, 51.76343428850332], [-0.489583344340465, 51.76456170846092], [-0.487894528695708, 51.76219314056387], [-0.484708617253745, 51.75953550347061], [-0.48082399577199, 51.75741724879339], [-0.474177608550197, 51.75729519435583], [-0.472616651641008, 51.7563217895432], [-0.472229418758919, 51.751910767506025], [-0.473981411857074, 51.746781213529296]]}}, {"type": "Feature", "properties": {"route": "2", "route_name": "", "route_id": "115649", "agency": "Arriva Herts and Essex", "agency_id": "OP50", "geometry_source": "GTFS stop sequence"}, "geometry": {"type": "LineString", "coordinates": [[-0.434779026769551, 51.77748535534953], [-0.436977707186202, 51.77971760253461], [-0.4426866467016, 51.77979336373058], [-0.44417124969869, 51.77793373204729], [-0.441803017654631, 51.77598711107617], [-0.442868408382164, 51.77324973178128], [-0.447528842636885, 51.77133317014249], [-0.449109188148554, 51.77258590800284], [-0.453253623497647, 51.77345876467474], [-0.457224671095133, 51.77432020717611], [-0.457953524626346, 51.77207282743548], [-0.457062865058218, 51.76971427957643], [-0.45672643584924, 51.767255099241964], [-0.461139117360196, 51.765343740883], [-0.461395812380597, 51.764187157356155], [-0.462777735807686, 51.76232594832841], [-0.462213103150116, 51.76017851111232], [-0.465333599238826, 51.75874463536348], [-0.469819023477087, 51.758074774245124], [-0.472616651641008, 51.7563217895432], [-0.472281355561308, 51.75337710883868], [-0.472229418758919, 51.751910767506025], [-0.473683402411396, 51.74874655320307], [-0.473816383834508, 51.74694991541759], [-0.477763381667477, 51.74415968495945], [-0.48529120158423, 51.74298909541643], [-0.490829686496267, 51.74282655619503]]}}, {"type": "Feature", "properties": {"route": "331", "route_name": "", "route_id": "11295", "agency": "Arriva Herts and Essex", "agency_id": "OP50", "geometry_source": "GTFS stop sequence"}, "geometry": {"type": "LineString", "coordinates": [[-0.027881015010936, 51.94708804083002], [-0.018068674398333, 51.9458801610818], [-0.015500677246359, 51.94571100646433], [0.001420896245008, 51.94863468401093], [0.02134851413365, 51.94619002275834], [0.025377087698544, 51.9332260600878], [0.023845640873715, 51.926993874092496], [0.023633149281044, 51.916449734156366], [0.024287719678817, 51.90837250423779], [0.021849530243614, 51.904260040349236], [0.020250602230477, 51.90005218978192], [0.013905591999225, 51.8940372919374], [0.013836846614554, 51.890549503405595], [0.017538834584405, 51.88884050927366], [0.022573602726132, 51.88672182689252], [0.024554317927015, 51.88455660688467], [0.018855390303043, 51.883845242342424], [0.006862789209878, 51.88471584880823], [-0.004678306818703, 51.87643253590311], [-0.010306788414483, 51.86740980208542], [-0.015756625463463, 51.859094170223], [-0.020504500255407, 51.852169257602625], [-0.022587055679005, 51.84904803088941], [-0.028072755291246, 51.84013895198082], [-0.030348658521029, 51.83688594791489], [-0.031987620508457, 51.83325356261668], [-0.034939677947799, 51.824454602341206], [-0.035983374367765, 51.81814152309751], [-0.034330855705765, 51.8131052424419], [-0.031333805692274, 51.81096890234209], [-0.027040474045903, 51.805636476939], [-0.031780747438142, 51.80803592526514], [-0.038767513191788, 51.80748725447356], [-0.042997494456046, 51.80494100230083], [-0.04794277307334, 51.803620428335456], [-0.053236611858789, 51.80194573139065], [-0.060048941006557, 51.80002609799015], [-0.064958056982819, 51.798848091926764], [-0.06746170841716, 51.79829578831867], [-0.070881402787146, 51.79768652906659], [-0.076601404596804, 51.79788815586684]]}}, {"type": "Feature", "properties": {"route": "2A", "route_name": "", "route_id": "3918538", "agency": "Arriva Herts and Essex", "agency_id": "OP50", "geometry_source": "GTFS stop sequence"}, "geometry": {"type": "LineString", "coordinates": [[0.7147279594, 51.5366067196], [0.7141100073, 51.5385816474], [0.7148106074, 51.5401752984], [0.7201161171, 51.540142284], [0.7239829692, 51.5401694391], [0.7269275241, 51.5402089246], [0.7317414232, 51.5406365005], [0.7349097295, 51.5410393152], [0.7386865656, 51.541967457], [0.7443874339, 51.5425087029], [0.7471488946, 51.5428577534], [0.7505731668, 51.5434340247], [0.7556357425, 51.5434320839], [0.7573680603, 51.5401176366], [0.7573830872, 51.538219601], [0.7605878018, 51.5373167701], [0.7665687885, 51.536537248], [0.7697889049, 51.5354179484], [0.773307383, 51.5349390549], [0.7763383671, 51.5345075742], [0.7800498997, 51.5364882062], [0.7815586635, 51.539708179], [0.7858148201, 51.5378443521], [0.7884526485, 51.5373499484], [0.7937664278, 51.5388693285], [0.8002575731, 51.5384176921], [0.7995013082, 51.5352609286], [0.797785224, 51.5326756908], [0.7956782915, 51.5302976131], [0.797194077, 51.5284447058]]}}, {"type": "Feature", "properties": {"route": "7", "route_name": "", "route_id": "28480", "agency": "Arriva Herts and Essex", "agency_id": "OP50", "geometry_source": "GTFS stop sequence"}, "geometry": {"type": "LineString", "coordinates": [[0.7002315274, 51.5862265343], [0.7041915041, 51.5858115454], [0.7079970036, 51.5825580052], [0.7073818642, 51.578767903], [0.7069403391, 51.573768644], [0.7063478633, 51.569384431], [0.7019120549, 51.5658892471], [0.6966171807, 51.5622517691], [0.6959455027, 51.5591913907], [0.695433146, 51.5573594735], [0.6947723696, 51.5559446714], [0.6933006605, 51.5525249251], [0.6866412906, 51.5531093653], [0.6944232563, 51.5527239795], [0.6979263431, 51.5521937614], [0.7021871489, 51.5505757373], [0.7056404561, 51.5479958799], [0.7087503202, 51.5442546735], [0.7119019001, 51.5414657433], [0.7141004776, 51.5391484699], [0.7149557101, 51.5365564781], [0.7147748725, 51.5364257597], [0.7179152016, 51.5351568517], [0.7224312843, 51.5351959851], [0.7255846458, 51.5353565653], [0.7297401824, 51.5353948037], [0.7327117449, 51.5356493617], [0.736762876, 51.5358696588], [0.7396715024, 51.5360355724], [0.7440599198, 51.5377856652], [0.7502059072, 51.5385410503], [0.7556603701, 51.5378733677], [0.7605878018, 51.5373167701], [0.7665687885, 51.536537248], [0.7683691606, 51.5350737385], [0.7683580677, 51.5310897556], [0.7722894899, 51.5317163689], [0.7758710565, 51.5322791839], [0.779802887, 51.5333822084], [0.7800498997, 51.5364882062], [0.7815586635, 51.539708179], [0.7868842622, 51.5400044336], [0.7896396971, 51.5404875343], [0.7937664278, 51.5388693285]]}}, {"type": "Feature", "properties": {"route": "251", "route_name": "", "route_id": "8451", "agency": "Arriva Herts and Essex", "agency_id": "OP50", "geometry_source": "GTFS stop sequence"}, "geometry": {"type": "LineString", "coordinates": [[-0.078880627002409, 51.72273231202459], [-0.075937145137262, 51.72112847791229], [-0.070889502082631, 51.719984613874786], [-0.067801544170485, 51.71940332326188], [-0.065002740638216, 51.71849399804627], [-0.060411694492658, 51.717519060785335], [-0.057121419471711, 51.7155852978091], [-0.050288799118529, 51.712549592788804], [-0.048975851858707, 51.70975815332314], [-0.04922092418531, 51.70641706981287], [-0.048254459858592, 51.70264221246337], [-0.044879263469822, 51.7023792603964], [-0.041185376254489, 51.70279431694418], [-0.034392826941629, 51.70190750827206], [-0.034194395613815, 51.700141681966656], [-0.034476856544016, 51.696963106463144], [-0.034425048463247, 51.69314946872643], [-0.033767385440872, 51.6906295848084], [-0.031124614571783, 51.6855136021851], [-0.026112546252733, 51.68566327801746], [-0.019682154108022, 51.68582480397478], [-0.014070141429694, 51.68645843204066], [-0.0065163276, 51.6874904957], [-0.0014680932, 51.6861547551], [0.0006930327, 51.6862798251], [0.0012154767, 51.6876287828], [0.0034735901, 51.6912592008], [0.0068182373, 51.6919664592], [0.0183726854, 51.6895473351], [0.0204277195, 51.6889095071], [0.0236660617, 51.6891774841], [0.0256904393, 51.6894753081], [0.0262498982, 51.688071825], [0.0266647609, 51.6866708339], [0.0281284644, 51.6876976868], [0.0314969486, 51.6889343876]]}}, {"type": "Feature", "properties": {"route": "302", "route_name": "", "route_id": "12369042", "agency": "Arriva Herts and Essex", "agency_id": "OP50", "geometry_source": "GTFS stop sequence"}, "geometry": {"type": "LineString", "coordinates": [[-0.474269485391726, 51.74682991253031], [-0.473738050666018, 51.748414565434125], [-0.472434808242229, 51.752264117882746], [-0.472717476482068, 51.754192039847325], [-0.467186793761587, 51.755792524796476], [-0.459435361796856, 51.755367481036814], [-0.453203034687909, 51.75670634109678], [-0.446585169656952, 51.75786893274511], [-0.443106181550413, 51.75833543906609], [-0.438740785868886, 51.75929361564382], [-0.437148859622261, 51.75545991803124], [-0.435461031360581, 51.750635814479516], [-0.43274969634502, 51.748189873430896], [-0.428384105020464, 51.747088522645], [-0.424107165419284, 51.74594323769094], [-0.415500119239666, 51.74353458541996], [-0.410823180405981, 51.742662168022605], [-0.405146858421561, 51.74179398956], [-0.397605327109386, 51.74206906712696], [-0.365553936101936, 51.748020957385485], [-0.3602040084634, 51.7505451054667], [-0.357028963003906, 51.7534051597388], [-0.35565300159387, 51.75459083681552], [-0.35197126732752, 51.759412898964804], [-0.349572526750437, 51.762013877586284], [-0.346325733285852, 51.76322711476477], [-0.342545473000699, 51.76119564532065], [-0.341220314808697, 51.75939654772544], [-0.337214393511146, 51.75523961751155], [-0.336842975879528, 51.75391254540744], [-0.337911761008585, 51.752030362000646], [-0.332185443581347, 51.75095113582841], [-0.326838258506402, 51.750596384386625], [-0.32281810364046, 51.75157316163432], [-0.319540934378341, 51.7524345399025], [-0.315899751554793, 51.752562261826924], [-0.313035962220305, 51.75204461704377], [-0.307364281297866, 51.752619487754004], [-0.301053037612114, 51.752087818837445], [-0.295741654318488, 51.751938984871984], [-0.291561523927905, 51.751374743838056], [-0.284212245666525, 51.751483491279686], [-0.278718287798997, 51.752329335499276], [-0.269020031283924, 51.755136284322795], [-0.257185838567977, 51.75881898083127], [-0.250066804821219, 51.75968434428668], [-0.244382125034429, 51.760921400912615], [-0.240351057680168, 51.75987199510087], [-0.236301869363, 51.76003610535701], [-0.233090093024341, 51.761390627549275], [-0.229343889534568, 51.76195470383924], [-0.22629271812335, 51.76216047705328], [-0.222473626903253, 51.763469576597984], [-0.219643848964727, 51.76246459633944], [-0.215443428460445, 51.7635159138167], [-0.217308953649065, 51.766925241027025], [-0.220481983298661, 51.76805236945505], [-0.223377593920096, 51.77145020834191], [-0.218564408910942, 51.773688320805526], [-0.21810959509891, 51.7749313229973], [-0.220356367405353, 51.777141435856215], [-0.223072813787926, 51.785113509201196], [-0.220022120526697, 51.786739877030854], [-0.21775686755859, 51.788665821508516], [-0.217317779507752, 51.789873089003414], [-0.222116893485877, 51.79172618375402], [-0.221447070114298, 51.79327167313337], [-0.219574308340158, 51.794430274842426], [-0.216186034522333, 51.798344399097694], [-0.214891577828791, 51.79990734884953], [-0.210721598545217, 51.80193011310122], [-0.207631765076701, 51.80048029446677], [-0.204203170406151, 51.80245118471828]]}}, {"type": "Feature", "properties": {"route": "7", "route_name": "", "route_id": "28480", "agency": "Arriva Herts and Essex", "agency_id": "OP50", "geometry_source": "GTFS stop sequence"}, "geometry": {"type": "LineString", "coordinates": [[0.6004633238, 51.5893528825], [0.6056695298, 51.5864763792], [0.6097010364, 51.588302371], [0.6125257983, 51.5912343193], [0.6138680432, 51.592985125], [0.6206298295, 51.5955682904], [0.6230904625, 51.596421641], [0.6297483471, 51.5981882051], [0.6342298725, 51.6007677245], [0.640598268, 51.6010112871], [0.6448750256, 51.6007980391], [0.6482038441, 51.6016672674], [0.6554632305, 51.6015841306], [0.6576088208, 51.6022190562], [0.6609878787, 51.60394117], [0.6634025904, 51.6054692386], [0.6675882936, 51.6071458712], [0.6697277429, 51.6086530895], [0.6751755927, 51.6123782351], [0.6793774259, 51.6148005495], [0.6842964859, 51.6144363011], [0.6864150349, 51.6131287197], [0.6907896686, 51.6086935858], [0.6924530698, 51.6058044671], [0.6941617869, 51.6024646026], [0.695192577, 51.600849065], [0.6963212096, 51.5984488273], [0.6980253883, 51.5935800928], [0.6990834024, 51.589994293], [0.7001449208, 51.5869570095], [0.7041915041, 51.5858115454], [0.7079970036, 51.5825580052], [0.7073818642, 51.578767903], [0.7069403391, 51.573768644], [0.7063478633, 51.569384431], [0.7019120549, 51.5658892471], [0.6966171807, 51.5622517691], [0.6959455027, 51.5591913907], [0.695433146, 51.5573594735], [0.6947723696, 51.5559446714], [0.6933006605, 51.5525249251], [0.6866412906, 51.5531093653], [0.6944232563, 51.5527239795], [0.6979263431, 51.5521937614], [0.7021871489, 51.5505757373], [0.7056404561, 51.5479958799], [0.7087503202, 51.5442546735], [0.7119019001, 51.5414657433], [0.7141004776, 51.5391484699], [0.7149557101, 51.5365564781], [0.7147748725, 51.5364257597]]}}, {"type": "Feature", "properties": {"route": "724", "route_name": "", "route_id": "28481", "agency": "Arriva Herts and Essex", "agency_id": "OP50", "geometry_source": "GTFS stop sequence"}, "geometry": {"type": "LineString", "coordinates": [[-0.4537, 51.47137], [-0.45126, 51.50342], [-0.45066, 51.52597], [-0.47078, 51.53658], [-0.47676, 51.54753], [-0.501249, 51.565948], [-0.499873, 51.581019], [-0.500024, 51.586515], [-0.513292569241419, 51.6134858294322], [-0.508921770662246, 51.62477827167246], [-0.499354462913072, 51.63145431436387], [-0.484496315312526, 51.635930322389086], [-0.471208617369325, 51.64046088422024], [-0.463318487372057, 51.64386477236277], [-0.441690428575675, 51.64700571253513], [-0.428385359557114, 51.65181896882815], [-0.410624027166737, 51.655824166623894], [-0.397083373432707, 51.65813092621136], [-0.396428845388537, 51.66315752453649], [-0.397353063902514, 51.670156935063936], [-0.394842409937238, 51.68063430427289], [-0.385630375361761, 51.69155922674041], [-0.384539540284288, 51.69903455627141], [-0.377948402211816, 51.710156738396606], [-0.359102046930851, 51.729380659614364], [-0.355045378127815, 51.73502484907542], [-0.350258039299584, 51.74121614544862], [-0.342820088563653, 51.74617397283619], [-0.34054557336147, 51.74973866245827], [-0.339135012882643, 51.75185882322009], [-0.33657864269359, 51.7544033621421]]}}, {"type": "Feature", "properties": {"route": "724", "route_name": "", "route_id": "28481", "agency": "Arriva Herts and Essex", "agency_id": "OP50", "geometry_source": "GTFS stop sequence"}, "geometry": {"type": "LineString", "coordinates": [[-0.337952819593312, 51.752885178303785], [-0.339444720330257, 51.751314690117795], [-0.340665701768741, 51.74922781704907], [-0.342977029340252, 51.74544783701552], [-0.350270478231857, 51.7408746256711], [-0.355197838906373, 51.734415529691624], [-0.359610574115559, 51.72773323781151], [-0.377950974180562, 51.709680199337974], [-0.383845932293779, 51.69900703268172], [-0.385741614968392, 51.69005909269349], [-0.394527836652074, 51.680531093223806], [-0.3969510560015, 51.67048415340398], [-0.396123128357449, 51.663216294171114], [-0.402094615502193, 51.65952104228732], [-0.411890912100252, 51.65514891982415], [-0.430417646734305, 51.65115376409025], [-0.443386926095809, 51.646848372303836], [-0.463300836940107, 51.64353183804892], [-0.473881032100962, 51.640495645590995], [-0.484132815154828, 51.63599756623504], [-0.499420834918372, 51.63119439557564], [-0.508843373243167, 51.624084894628496], [-0.512889413946466, 51.61256354164772], [-0.499634, 51.586079], [-0.500165, 51.579593], [-0.500754, 51.566068], [-0.4763, 51.54725], [-0.47072, 51.53706], [-0.4494, 51.52518], [-0.45091, 51.50307], [-0.48952, 51.47184]]}}, {"type": "Feature", "properties": {"route": "401", "route_name": "", "route_id": "5886", "agency": "Arriva Herts and Essex", "agency_id": "OP50", "geometry_source": "GTFS stop sequence"}, "geometry": {"type": "LineString", "coordinates": [[-0.204548556516337, 51.80251940367969], [-0.203764442658855, 51.803271749997876], [-0.199852106823018, 51.80244759255344], [-0.198167604931326, 51.802862399824015], [-0.197051007278038, 51.80431098529902], [-0.192500169281079, 51.8067588858505], [-0.186496520493507, 51.80888747651564], [-0.187069315794302, 51.80437331005846], [-0.182784095238983, 51.80164550901778], [-0.181145461680977, 51.80163815515726]]}}, {"type": "Feature", "properties": {"route": "301", "route_name": "", "route_id": "7640", "agency": "Arriva Herts and Essex", "agency_id": "OP50", "geometry_source": "GTFS stop sequence"}, "geometry": {"type": "LineString", "coordinates": [[-0.205066266646378, 51.90116015036039], [-0.199912216574873, 51.89227834522639], [-0.197327119974508, 51.888965711373366], [-0.193630698850498, 51.885474105722764], [-0.190329240499241, 51.88265385762892], [-0.18726234264363, 51.87148360510384], [-0.184183861384808, 51.86712897956233], [-0.18337521884487, 51.861964095902664], [-0.183532422202235, 51.85914304297036], [-0.181978136320842, 51.8548298557364], [-0.18112909762347, 51.852838492773785], [-0.185451939635199, 51.84752804922398], [-0.18860553574511, 51.8456433800331], [-0.193088748788635, 51.84208856717652], [-0.201726093728075, 51.8380846316707], [-0.211887387656415, 51.83294328235331], [-0.214258750306498, 51.83133378053077], [-0.214531588245752, 51.827003786945575], [-0.214908277457677, 51.82518413193171], [-0.213522783896241, 51.824992244997794], [-0.210707446510146, 51.827925792167626], [-0.203889009942608, 51.82458473329171], [-0.202469620057641, 51.82123600373281], [-0.209913211154269, 51.819407276642345], [-0.209294495005426, 51.81744659152816], [-0.202631172900303, 51.814989024280436], [-0.203521349317231, 51.81230502209154], [-0.204846269120729, 51.808899296904244], [-0.206251442221487, 51.80492828282569], [-0.204203170406151, 51.80245118471828], [-0.203764442658855, 51.803271749997876], [-0.199852106823018, 51.80244759255344], [-0.194441157507913, 51.800656134953954], [-0.18989370284175, 51.798679897313924], [-0.185599397612706, 51.79582616563001], [-0.180336231669216, 51.794719726816915], [-0.17725404809252, 51.79095825349332], [-0.177267821429044, 51.78737961827619], [-0.179953464764351, 51.78549692202911], [-0.183235651951941, 51.78499917447961], [-0.18805787345586, 51.78405749469361], [-0.191599956578612, 51.783581504234526], [-0.197020831670022, 51.78397949201791], [-0.203798736398467, 51.78562089116205], [-0.204314377923391, 51.77446062557825], [-0.208523919096089, 51.7706492740149], [-0.211341181123852, 51.76867795396193], [-0.215638038504977, 51.76372568607792], [-0.217344344888855, 51.76198013908143], [-0.221602881177392, 51.76276401590679], [-0.227721504700065, 51.761939243983726], [-0.233373675533174, 51.76117908090318], [-0.235792201098773, 51.76010039277624], [-0.240746958385576, 51.75975203284664], [-0.244348439156837, 51.76066912049144], [-0.252453633075853, 51.759414127092704], [-0.257648607475518, 51.75846616054013], [-0.270344229016944, 51.75460726577785], [-0.275856303488491, 51.75291682697409], [-0.279702431928178, 51.7519750719116], [-0.284448004313388, 51.75137902867477], [-0.293353262045555, 51.751499687349884], [-0.296380454432067, 51.75190328610688], [-0.300680272237104, 51.751983517850896], [-0.304701972747776, 51.75252716430815], [-0.310970700260825, 51.75187108378902], [-0.314152589470562, 51.75201567912973], [-0.317946790055261, 51.75244770410686], [-0.324521737143279, 51.75173233980593], [-0.326993680314893, 51.750310853854934], [-0.33466062611003, 51.75416039467849], [-0.336513173220639, 51.7542136045401]]}}, {"type": "Feature", "properties": {"route": "1", "route_name": "", "route_id": "115566", "agency": "Arriva Herts and Essex", "agency_id": "OP50", "geometry_source": "GTFS stop sequence"}, "geometry": {"type": "LineString", "coordinates": [[0.9370614331, 51.8916506823], [0.9399818488, 51.8925220415], [0.9429416163, 51.890658265], [0.9455036926, 51.890495187], [0.9462695562, 51.8893158149], [0.9431964329, 51.8874411419], [0.9419788399, 51.8868240656], [0.9386397273, 51.8859902039], [0.9371709008, 51.8873129975], [0.9366038164, 51.8893147627], [0.9369424087, 51.8916086866], [0.9372278108, 51.8942007289], [0.9384248405, 51.8960594953], [0.9363064099, 51.8970117752], [0.9313404342, 51.895984475], [0.9276140471, 51.8947912094], [0.9234441779, 51.8930332598], [0.9202691686, 51.8920419038], [0.9176213125, 51.8906596528], [0.9108262338, 51.8898747223], [0.9048944248, 51.8898505234], [0.9011358524, 51.8872362335], [0.897902722, 51.8875857613], [0.8941843984, 51.8876233727], [0.8913602862, 51.885516396], [0.8890693079, 51.884466493], [0.8854555333, 51.8827295261], [0.8814379285, 51.8812631603], [0.8765572149, 51.8787925097], [0.8739657009, 51.878487142], [0.8698368239, 51.8764025495], [0.8679608035, 51.8756928629], [0.8704469515, 51.872295585], [0.8682790387, 51.8717908886], [0.8665919431, 51.8715352445], [0.8599937149, 51.873332749], [0.8578629998, 51.8747875483], [0.8560647133, 51.8766749165], [0.855316338, 51.8793102094], [0.8571177639, 51.8797610972], [0.8602199249, 51.8800993841], [0.8646086535, 51.8805591446], [0.8651940517, 51.8801671531], [0.8642825136, 51.8788583154], [0.8643941639, 51.8769579569], [0.8655366455, 51.8759588166], [0.8677147444, 51.8757078578]]}}, {"type": "Feature", "properties": {"route": "97A", "route_name": "", "route_id": "3096710", "agency": "Arriva Herts and Essex", "agency_id": "OP50", "geometry_source": "GTFS stop sequence"}, "geometry": {"type": "LineString", "coordinates": [[-0.22589, 52.02039], [-0.22396, 52.01835], [-0.22142, 52.01434], [-0.22551, 52.01336], [-0.22676, 52.01378], [-0.22954, 52.01444], [-0.23128, 52.01563], [-0.23447, 52.01489], [-0.23637, 52.013], [-0.23857, 52.01062], [-0.24357, 52.00186], [-0.24489, 51.99904], [-0.246338800224393, 51.98756407999247], [-0.248728947521308, 51.98378715522545], [-0.251383991697386, 51.98030185116278], [-0.251682124852675, 51.97900247673411], [-0.246081206392735, 51.978127915823464], [-0.244392840375315, 51.979973038681386], [-0.241706988747552, 51.983116042229305], [-0.237368386327651, 51.98234982733311], [-0.233678406999035, 51.981386371966465], [-0.230111679759267, 51.979516485027816], [-0.23712115610862, 51.97714889631535], [-0.235937124831899, 51.97541373969253], [-0.234350998216861, 51.973169003042365], [-0.233206583925511, 51.97154231186028], [-0.234163816687745, 51.968301651927405], [-0.238106181975274, 51.96688605980227], [-0.243559525615624, 51.9636765504598], [-0.248816281229657, 51.959142078507774], [-0.246827879542307, 51.95638798164927], [-0.248008461457388, 51.95484997951157], [-0.247411243257588, 51.952997777563084], [-0.244327496572717, 51.951099525322306], [-0.248367421044198, 51.95124062825467], [-0.251353666356689, 51.95228310735164], [-0.253391516389001, 51.95451634021653], [-0.255875445740059, 51.956135713497225], [-0.257851666527732, 51.95546361540594], [-0.262137017417351, 51.95453785569641], [-0.263445148924336, 51.9530735182618], [-0.271150436186943, 51.95251253768885], [-0.27382738758315, 51.9536667931727], [-0.275683715735607, 51.952695912135255], [-0.276383335017196, 51.94963098065864]]}}, {"type": "Feature", "properties": {"route": "2", "route_name": "", "route_id": "115649", "agency": "Arriva Herts and Essex", "agency_id": "OP50", "geometry_source": "GTFS stop sequence"}, "geometry": {"type": "LineString", "coordinates": [[-0.434779026769551, 51.77748535534953], [-0.436977707186202, 51.77971760253461], [-0.4426866467016, 51.77979336373058], [-0.44417124969869, 51.77793373204729], [-0.441803017654631, 51.77598711107617], [-0.442868408382164, 51.77324973178128], [-0.447528842636885, 51.77133317014249], [-0.449109188148554, 51.77258590800284], [-0.453253623497647, 51.77345876467474], [-0.457224671095133, 51.77432020717611], [-0.457953524626346, 51.77207282743548], [-0.457062865058218, 51.76971427957643], [-0.45672643584924, 51.767255099241964], [-0.461139117360196, 51.765343740883], [-0.461395812380597, 51.764187157356155], [-0.462777735807686, 51.76232594832841], [-0.462213103150116, 51.76017851111232], [-0.465333599238826, 51.75874463536348], [-0.469819023477087, 51.758074774245124], [-0.472616651641008, 51.7563217895432], [-0.472281355561308, 51.75337710883868], [-0.472245794577067, 51.751425422128406], [-0.473683402411396, 51.74874655320307], [-0.473816383834508, 51.74694991541759], [-0.477763381667477, 51.74415968495945], [-0.48529120158423, 51.74298909541643], [-0.490829686496267, 51.74282655619503], [-0.486140911896776, 51.74313492045342], [-0.479238385146626, 51.74423273043472], [-0.471292996770726, 51.744030745079556], [-0.468858409239596, 51.74192193980639], [-0.466283407063875, 51.740116972554915], [-0.46221328073541, 51.737564053806594], [-0.459423376543113, 51.73527955190972], [-0.454529929539488, 51.73268858943486], [-0.451507127541674, 51.73554417867245], [-0.447848209983573, 51.73877794128897], [-0.446733478069637, 51.74045368366574], [-0.447911378734304, 51.742429470191055]]}}, {"type": "Feature", "properties": {"route": "3", "route_name": "", "route_id": "5181", "agency": "Arriva Herts and Essex", "agency_id": "OP50", "geometry_source": "GTFS stop sequence"}, "geometry": {"type": "LineString", "coordinates": [[-0.465291332104821, 51.77323887375031], [-0.466310415557373, 51.77481674506957], [-0.463592846306395, 51.77587825957952], [-0.45998037917867, 51.77512064138809], [-0.455828838381057, 51.77402313520205], [-0.454804118994935, 51.77559222827228], [-0.453324731033578, 51.77816241324734], [-0.44904913698171, 51.77602897880005], [-0.448953837834231, 51.77288958004794], [-0.448673299053068, 51.76923520166472], [-0.450359670550127, 51.764851452767026], [-0.454082570634039, 51.764468864341936], [-0.458327570993428, 51.76449763838108], [-0.462943223081311, 51.765133557330785], [-0.467136623291629, 51.765404116777255], [-0.471566868784169, 51.764670524379746], [-0.470458788595042, 51.76315448053761], [-0.467843165752854, 51.762940581339656], [-0.466515556082021, 51.76149357194752], [-0.466627992901034, 51.75988550441164], [-0.469819023477087, 51.758074774245124], [-0.472616651641008, 51.7563217895432], [-0.473372250344224, 51.75367902060764], [-0.474269485391726, 51.74682991253031], [-0.473738050666018, 51.748414565434125], [-0.472427374866065, 51.751625602165234], [-0.472717476482068, 51.754192039847325], [-0.472846177479619, 51.75681932144735], [-0.473890377716943, 51.75721953104896], [-0.480680675765603, 51.757370437398265], [-0.481871597222115, 51.75771852115691], [-0.483879410052345, 51.75920110664677], [-0.488304818942886, 51.761622943121345], [-0.488911844274071, 51.76427433322209], [-0.491613451754022, 51.763652630064584], [-0.496549195146235, 51.761207153484456], [-0.499282528510651, 51.7613679656716], [-0.502285730777318, 51.76169400485918], [-0.498729445747014, 51.76144182938554], [-0.495444826452303, 51.76042872192001], [-0.492788057538291, 51.75753529803095], [-0.495541916974106, 51.75663543059987], [-0.497447963046311, 51.756830654541034], [-0.504272364368622, 51.754633778082315], [-0.504610691020511, 51.75316343007711], [-0.502077743221652, 51.7509012143439], [-0.498213173207474, 51.74861294343321], [-0.496357319184878, 51.74778894605071], [-0.49109251495497, 51.74450240786008], [-0.489613008812114, 51.74326051775093], [-0.486140911896776, 51.74313492045342], [-0.479238385146626, 51.74423273043472], [-0.473981411857074, 51.746781213529296], [-0.473738050666018, 51.748414565434125], [-0.472429120615024, 51.752003281237286], [-0.472717476482068, 51.754192039847325], [-0.472846177479619, 51.75681932144735], [-0.470107467688882, 51.758114496046936], [-0.466640431604914, 51.75866278001591], [-0.466724636056865, 51.75959902704641], [-0.466197686158487, 51.761894056210245], [-0.468199615064081, 51.76268446438253], [-0.470689023586485, 51.76320243510152], [-0.471945605129056, 51.7646125055651], [-0.467684629789315, 51.765483195834804], [-0.462276905394112, 51.765124842973755], [-0.456825428900873, 51.764352042899034], [-0.453785810342664, 51.76467177308928], [-0.451029391464402, 51.76518398513201], [-0.448981224449629, 51.769976593750215], [-0.449109188148554, 51.77258590800284], [-0.449137578595302, 51.77429472656156], [-0.449230094121933, 51.776247169315475], [-0.453535569659345, 51.77793140005074], [-0.454644379910629, 51.77517650569674], [-0.457224671095133, 51.77432020717611], [-0.461593171148972, 51.7750068803896], [-0.464907801391821, 51.77557173262496], [-0.465291332104821, 51.77323887375031]]}}, {"type": "Feature", "properties": {"route": "725", "route_name": "", "route_id": "2898255", "agency": "Arriva Herts and Essex", "agency_id": "OP50", "geometry_source": "GTFS stop sequence"}, "geometry": {"type": "LineString", "coordinates": [[-0.33657864269359, 51.7544033621421], [-0.326838258506402, 51.750596384386625], [-0.313035962220305, 51.75204461704377], [-0.291561523927905, 51.751374743838056], [-0.278718287798997, 51.752329335499276], [-0.250066804821219, 51.75968434428668], [-0.244382125034429, 51.760921400912615], [-0.239926216959606, 51.76259921693167], [-0.2319051683026, 51.76946565601456], [-0.21775686755859, 51.788665821508516], [-0.211356429351005, 51.79798328003318], [-0.204390180028189, 51.80249000898457]]}}, {"type": "Feature", "properties": {"route": "379", "route_name": "", "route_id": "10710", "agency": "Arriva Herts and Essex", "agency_id": "OP50", "geometry_source": "GTFS stop sequence"}, "geometry": {"type": "LineString", "coordinates": [[-0.205194860388158, 51.90121606311355], [-0.199912216574873, 51.89227834522639], [-0.197327119974508, 51.888965711373366], [-0.193630698850498, 51.885474105722764], [-0.190329240499241, 51.88265385762892], [-0.18726234264363, 51.87148360510384], [-0.184183861384808, 51.86712897956233], [-0.18337521884487, 51.861964095902664], [-0.183532422202235, 51.85914304297036], [-0.181978136320842, 51.8548298557364], [-0.18112909762347, 51.852838492773785], [-0.177514435702246, 51.85030075219545], [-0.16299087147612, 51.84968816581675], [-0.159318466724999, 51.8485966706712], [-0.155692516293823, 51.85063501267568], [-0.157668714364712, 51.85166409685455], [-0.156033976276734, 51.853293012313124], [-0.157878929102729, 51.85362764905273], [-0.159197205423711, 51.85050108122204], [-0.158437248945378, 51.84884364554116], [-0.155932902582067, 51.840846461761586], [-0.126506081018229, 51.8244564087579], [-0.099531150015411, 51.804420683912525], [-0.094348209055502, 51.80212471946698], [-0.091863401289301, 51.79948568105362], [-0.076713522404532, 51.79797991200934]]}}, {"type": "Feature", "properties": {"route": "511", "route_name": "", "route_id": "107026", "agency": "Arriva Herts and Essex", "agency_id": "OP50", "geometry_source": "GTFS stop sequence"}, "geometry": {"type": "LineString", "coordinates": [[0.154547570612099, 51.84744706413696], [0.157688788216401, 51.851499013577985], [0.155205299784224, 51.85270457402398], [0.152281702610325, 51.8538192192432], [0.148109922875526, 51.856170570104325], [0.146506436134083, 51.85848391683359], [0.148452818833804, 51.86062454006016], [0.151613305485677, 51.86111530255885], [0.154623166236153, 51.86149183861052], [0.156877533777685, 51.861558427893115], [0.159440345563963, 51.86018052445705], [0.163141540605269, 51.85861976839353], [0.164080962607063, 51.85882729738824], [0.166406397886571, 51.86188687403912], [0.164319835543444, 51.86713189977197], [0.161987258712114, 51.86937793866573], [0.161620769013083, 51.87173169290807], [0.158808906671718, 51.873078238862846], [0.157542573928518, 51.87272379216162], [0.153578107206108, 51.87184324845216], [0.147872523972068, 51.874051789333784], [0.141760355245725, 51.87597070386027], [0.137100218866874, 51.87726942962844], [0.140380837067094, 51.87996144772608], [0.142596036941966, 51.88193541166964], [0.152026244920744, 51.884065324558804], [0.154014483624934, 51.884316692130675], [0.156498508364698, 51.88581787222949], [0.15508922317608, 51.885519972062454], [0.153427734880118, 51.88420154092876], [0.150250044600087, 51.884907117603866], [0.14108491284885, 51.88101872654723], [0.139867190417859, 51.879853891654136], [0.137221093072193, 51.87675466874834], [0.13451503432848, 51.87452873494194]]}}, {"type": "Feature", "properties": {"route": "56", "route_name": "", "route_id": "12152501", "agency": "Arriva Herts and Essex", "agency_id": "OP50", "geometry_source": "GTFS stop sequence"}, "geometry": {"type": "LineString", "coordinates": [[-0.204680487347896, 51.9009924112725], [-0.206583432620046, 51.90211843887998], [-0.207536077606824, 51.909955893244764], [-0.208569762439995, 51.91211169937128], [-0.208749701898996, 51.91635860185997], [-0.208654200745952, 51.91875797694931], [-0.212800535372366, 51.92310113664621], [-0.209204046765788, 51.92357699058969], [-0.208106005905056, 51.927777459698504], [-0.21009987353001, 51.928841859798254], [-0.210638765271397, 51.93540510830722], [-0.207113838808039, 51.94573704458623], [-0.19880613220866, 51.96097726312711], [-0.209220302782768, 51.96663910525524], [-0.210289383909916, 51.96976652134313], [-0.206157360517615, 51.96824697218528], [-0.202747058446586, 51.9679791637321], [-0.201183633199657, 51.9692141420699], [-0.201497097500678, 51.971565790964135], [-0.204948603681328, 51.9708091971893], [-0.209476778865273, 51.969700216495355], [-0.213474632991879, 51.97093886631233], [-0.21238096036557, 51.97427620407217], [-0.210437227891549, 51.97519081730931], [-0.209808710565107, 51.97707853026853], [-0.207057678095524, 51.97887999098322], [-0.207612904660786, 51.98284482706592], [-0.204879914813105, 51.98163426586588], [-0.209044731179827, 51.983091406025714], [-0.21234229677173, 51.983294370642966], [-0.217232183411074, 51.9822715036621], [-0.223096574847509, 51.98090347273095], [-0.227182734258726, 51.979939998480084], [-0.230111679759267, 51.979516485027816], [-0.237886406905566, 51.977313209832346], [-0.239941870285615, 51.97650771732808], [-0.239787255658508, 51.97339426024641], [-0.240143988029198, 51.97246444988817], [-0.238575768213864, 51.968646479302684], [-0.238106181975274, 51.96688605980227], [-0.243559525615624, 51.9636765504598], [-0.250861679645331, 51.95931635119834], [-0.255196276763876, 51.95751038126073], [-0.257851666527732, 51.95546361540594], [-0.262137017417351, 51.95453785569641], [-0.263445148924336, 51.9530735182618], [-0.271150436186943, 51.95251253768885], [-0.27382738758315, 51.9536667931727], [-0.275683715735607, 51.952695912135255], [-0.276383335017196, 51.94963098065864]]}}, {"type": "Feature", "properties": {"route": "7", "route_name": "", "route_id": "28480", "agency": "Arriva Herts and Essex", "agency_id": "OP50", "geometry_source": "GTFS stop sequence"}, "geometry": {"type": "LineString", "coordinates": [[0.6004633238, 51.5893528825], [0.6056695298, 51.5864763792], [0.6097010364, 51.588302371], [0.6125257983, 51.5912343193], [0.6138680432, 51.592985125], [0.6206298295, 51.5955682904], [0.6230904625, 51.596421641], [0.6297483471, 51.5981882051], [0.6342298725, 51.6007677245], [0.640598268, 51.6010112871], [0.6448750256, 51.6007980391], [0.6482038441, 51.6016672674], [0.6554632305, 51.6015841306], [0.6576088208, 51.6022190562], [0.6609878787, 51.60394117], [0.6634025904, 51.6054692386], [0.6675882936, 51.6071458712], [0.6697277429, 51.6086530895], [0.6751755927, 51.6123782351], [0.6793774259, 51.6148005495], [0.6842964859, 51.6144363011], [0.6864150349, 51.6131287197], [0.6907896686, 51.6086935858], [0.6924530698, 51.6058044671], [0.6941617869, 51.6024646026], [0.695192577, 51.600849065], [0.6963212096, 51.5984488273], [0.6980253883, 51.5935800928], [0.6990834024, 51.589994293], [0.7001449208, 51.5869570095], [0.7041915041, 51.5858115454], [0.7079970036, 51.5825580052], [0.7073818642, 51.578767903], [0.7069403391, 51.573768644], [0.7063478633, 51.569384431], [0.7019120549, 51.5658892471], [0.6966171807, 51.5622517691], [0.6959455027, 51.5591913907], [0.695433146, 51.5573594735], [0.6947723696, 51.5559446714], [0.6933006605, 51.5525249251], [0.6866412906, 51.5531093653], [0.6944232563, 51.5527239795], [0.6979263431, 51.5521937614], [0.7021871489, 51.5505757373], [0.7056404561, 51.5479958799], [0.7087503202, 51.5442546735], [0.7119019001, 51.5414657433], [0.7141004776, 51.5391484699], [0.7149557101, 51.5365564781], [0.7147748725, 51.5364257597], [0.7179152016, 51.5351568517], [0.7224312843, 51.5351959851], [0.7255846458, 51.5353565653], [0.7297401824, 51.5353948037], [0.7327117449, 51.5356493617], [0.736762876, 51.5358696588], [0.7396715024, 51.5360355724], [0.7440599198, 51.5377856652], [0.7502059072, 51.5385410503], [0.7556603701, 51.5378733677], [0.7605878018, 51.5373167701], [0.7665687885, 51.536537248], [0.7683691606, 51.5350737385], [0.7683580677, 51.5310897556], [0.7722894899, 51.5317163689], [0.7758710565, 51.5322791839], [0.779802887, 51.5333822084], [0.7800498997, 51.5364882062], [0.7815586635, 51.539708179], [0.7868842622, 51.5400044336], [0.7896396971, 51.5404875343], [0.7937664278, 51.5388693285]]}}, {"type": "Feature", "properties": {"route": "97", "route_name": "", "route_id": "77967", "agency": "Arriva Herts and Essex", "agency_id": "OP50", "geometry_source": "GTFS stop sequence"}, "geometry": {"type": "LineString", "coordinates": [[-0.22589, 52.02039], [-0.22396, 52.01835], [-0.22142, 52.01434], [-0.22551, 52.01336], [-0.22676, 52.01378], [-0.22954, 52.01444], [-0.23128, 52.01563], [-0.23447, 52.01489], [-0.23637, 52.013], [-0.23857, 52.01062], [-0.24357, 52.00186], [-0.24489, 51.99904], [-0.246338800224393, 51.98756407999247], [-0.246519686483621, 51.984797321183535], [-0.243275907080472, 51.98395770493318], [-0.237368386327651, 51.98234982733311], [-0.233678406999035, 51.981386371966465], [-0.230111679759267, 51.979516485027816], [-0.23712115610862, 51.97714889631535], [-0.235937124831899, 51.97541373969253], [-0.234350998216861, 51.973169003042365], [-0.233206583925511, 51.97154231186028], [-0.234163816687745, 51.968301651927405], [-0.238106181975274, 51.96688605980227], [-0.243559525615624, 51.9636765504598], [-0.248816281229657, 51.959142078507774], [-0.246827879542307, 51.95638798164927], [-0.248008461457388, 51.95484997951157], [-0.247411243257588, 51.952997777563084], [-0.244327496572717, 51.951099525322306], [-0.248367421044198, 51.95124062825467], [-0.251353666356689, 51.95228310735164], [-0.253391516389001, 51.95451634021653], [-0.255875445740059, 51.956135713497225], [-0.257851666527732, 51.95546361540594], [-0.262137017417351, 51.95453785569641], [-0.263445148924336, 51.9530735182618], [-0.271150436186943, 51.95251253768885], [-0.27382738758315, 51.9536667931727], [-0.275683715735607, 51.952695912135255], [-0.276383335017196, 51.94963098065864]]}}, {"type": "Feature", "properties": {"route": "824", "route_name": "", "route_id": "14931", "agency": "Arriva Herts and Essex", "agency_id": "OP50", "geometry_source": "GTFS stop sequence"}, "geometry": {"type": "LineString", "coordinates": [[-0.434779026769551, 51.77748535534953], [-0.436977707186202, 51.77971760253461], [-0.4426866467016, 51.77979336373058], [-0.44417124969869, 51.77793373204729], [-0.441803017654631, 51.77598711107617], [-0.442868408382164, 51.77324973178128], [-0.447528842636885, 51.77133317014249], [-0.449109188148554, 51.77258590800284], [-0.449137578595302, 51.77429472656156], [-0.449230094121933, 51.776247169315475], [-0.453535569659345, 51.77793140005074], [-0.454644379910629, 51.77517650569674], [-0.457224671095133, 51.77432020717611], [-0.457953524626346, 51.77207282743548], [-0.457062865058218, 51.76971427957643], [-0.45672643584924, 51.767255099241964], [-0.461139117360196, 51.765343740883], [-0.461395812380597, 51.764187157356155], [-0.462777735807686, 51.76232594832841], [-0.462213103150116, 51.76017851111232], [-0.454778805267279, 51.75850744860063], [-0.452887046919487, 51.755353407691814], [-0.451088089009468, 51.75372916883538], [-0.447708689454094, 51.742426793291145], [-0.44813100461617, 51.74193781828153], [-0.446709138516399, 51.74074110150248], [-0.448234140384477, 51.73808167243777], [-0.452218187398485, 51.73465435935512], [-0.456039897261437, 51.732573559055865], [-0.460223624731465, 51.73559576253708], [-0.462019155475997, 51.73730974176845], [-0.46565371719374, 51.73989294927389], [-0.468292781736944, 51.74108732053817], [-0.471304000244552, 51.74327557435817], [-0.480680675765603, 51.757370437398265], [-0.485536533441011, 51.75644400312805], [-0.489990775583217, 51.75625852943465], [-0.495541916974106, 51.75663543059987], [-0.497447963046311, 51.756830654541034], [-0.499115749652333, 51.759405628180474]]}}, {"type": "Feature", "properties": {"route": "SB1", "route_name": "", "route_id": "57061", "agency": "Arriva Herts and Essex", "agency_id": "OP50", "geometry_source": "GTFS stop sequence"}, "geometry": {"type": "LineString", "coordinates": [[-0.205009233378077, 51.90113230472668], [-0.200770492430218, 51.899170281042025], [-0.193886960502184, 51.8993795476222], [-0.174357166685011, 51.899599705361744], [-0.167680643186272, 51.90186081275122], [-0.165767412158993, 51.90422286188519], [-0.16756008557674, 51.906966354212464], [-0.171472520992246, 51.909428054766934], [-0.170984921618029, 51.913556761001324], [-0.169094655125712, 51.91570341283836], [-0.165803126639912, 51.91619167535546], [-0.162493839367905, 51.916400819250605], [-0.159690689225595, 51.915610689848656], [-0.163232293300994, 51.91291448753509], [-0.162160706735659, 51.91102743651673], [-0.159408664551328, 51.910417934546025]]}}, {"type": "Feature", "properties": {"route": "251", "route_name": "", "route_id": "8451", "agency": "Arriva Herts and Essex", "agency_id": "OP50", "geometry_source": "GTFS stop sequence"}, "geometry": {"type": "LineString", "coordinates": [[0.0314969486, 51.6889343876], [0.0283617781, 51.6877386201], [0.0266466927, 51.6865902135], [0.0261792196, 51.6881090142], [0.0253249989, 51.6893916857], [0.0240849165, 51.689161274], [0.020091607, 51.6888343563], [0.0124955929, 51.6914376815], [0.0083127332, 51.6917340887], [0.0026559736, 51.6904368478], [0.0012703403, 51.6878886287], [-0.0004062427, 51.685956833], [-0.003763324, 51.6865984481], [-0.0089570377, 51.6869294036], [-0.013872469212281, 51.68634718044007], [-0.020067430450883, 51.685615481515754], [-0.027569515527897, 51.68542697528258], [-0.031126953816526, 51.68545968699234]]}}, {"type": "Feature", "properties": {"route": "300", "route_name": "", "route_id": "3449837", "agency": "Arriva Herts and Essex", "agency_id": "OP50", "geometry_source": "GTFS stop sequence"}, "geometry": {"type": "LineString", "coordinates": [[-0.337952819593312, 51.752885178303785], [-0.339444720330257, 51.751314690117795], [-0.340665701768741, 51.74922781704907], [-0.341605877658148, 51.74768547861973], [-0.342977029340252, 51.74544783701552], [-0.351711944769574, 51.74265727476628], [-0.355391289747182, 51.74544237257313], [-0.359855896998269, 51.747357102647804], [-0.365719692369669, 51.74784342374418], [-0.397553777132844, 51.7418885261145], [-0.405151605304831, 51.7416591754765], [-0.411764856628777, 51.74265691362621], [-0.416624999878466, 51.74367563194283], [-0.424971515619562, 51.74608071023444], [-0.427826282264421, 51.746883241103454], [-0.433041775227972, 51.74812183288861], [-0.435403499419162, 51.75146229942594], [-0.44130485531976, 51.75131591095594], [-0.443936729599492, 51.750190835126574], [-0.455894572888893, 51.74788477265775], [-0.473816383834508, 51.74694991541759], [-0.477763381667477, 51.74415968495945], [-0.48529120158423, 51.74298909541643], [-0.490829686496267, 51.74282655619503]]}}, {"type": "Feature", "properties": {"route": "7", "route_name": "", "route_id": "28480", "agency": "Arriva Herts and Essex", "agency_id": "OP50", "geometry_source": "GTFS stop sequence"}, "geometry": {"type": "LineString", "coordinates": [[0.7938766857, 51.538785757], [0.7900978078, 51.5404316655], [0.7863692261, 51.5398367974], [0.7815526371, 51.5396093902], [0.7801941237, 51.5369614579], [0.780108018, 51.5334199429], [0.7763035853, 51.5322779369], [0.7715132308, 51.5315188694], [0.7690962393, 51.531135281], [0.7683800639, 51.5352533567], [0.7668369561, 51.5364409827], [0.7626275818, 51.5369449539], [0.754683243, 51.5379323021], [0.7493695253, 51.5385426766], [0.7439621619, 51.5375990844], [0.740128558, 51.5359619364], [0.7360502212, 51.5357693715], [0.7326482213, 51.5355519112], [0.7288558125, 51.5353164577], [0.7252341918, 51.5352837676], [0.7224099138, 51.5350795632], [0.714633531, 51.5364740004], [0.7141100073, 51.5385816474], [0.7137832381, 51.5403609653], [0.7121542107, 51.5413429902], [0.7075841177, 51.5452619152], [0.7042857337, 51.5492322774], [0.7024299222, 51.5505341685], [0.6971654484, 51.5522562316], [0.6933006605, 51.5525249251], [0.6869571868, 51.5530841409], [0.6936665183, 51.5531011084], [0.6943296566, 51.5552893145], [0.6955370627, 51.5578967029], [0.6958216676, 51.5592931671], [0.6960790062, 51.5609600661], [0.6970417554, 51.563330235], [0.7013105562, 51.5657232295], [0.7061920048, 51.5691901672], [0.7068704068, 51.5740490604], [0.7072937777, 51.5792286108], [0.7067502753, 51.5822270351], [0.7020975917, 51.5826400848], [0.7002315274, 51.5862265343]]}}, {"type": "Feature", "properties": {"route": "301", "route_name": "", "route_id": "7640", "agency": "Arriva Herts and Essex", "agency_id": "OP50", "geometry_source": "GTFS stop sequence"}, "geometry": {"type": "LineString", "coordinates": [[-0.215638038504977, 51.76372568607792], [-0.217344344888855, 51.76198013908143], [-0.221602881177392, 51.76276401590679], [-0.227721504700065, 51.761939243983726], [-0.233373675533174, 51.76117908090318], [-0.235792201098773, 51.76010039277624], [-0.240746958385576, 51.75975203284664], [-0.244348439156837, 51.76066912049144], [-0.252453633075853, 51.759414127092704], [-0.257648607475518, 51.75846616054013], [-0.270344229016944, 51.75460726577785], [-0.275856303488491, 51.75291682697409], [-0.279702431928178, 51.7519750719116], [-0.284448004313388, 51.75137902867477], [-0.293353262045555, 51.751499687349884], [-0.296380454432067, 51.75190328610688], [-0.300680272237104, 51.751983517850896], [-0.304701972747776, 51.75252716430815], [-0.310970700260825, 51.75187108378902], [-0.314152589470562, 51.75201567912973], [-0.317946790055261, 51.75244770410686], [-0.324521737143279, 51.75173233980593], [-0.326993680314893, 51.750310853854934], [-0.33466062611003, 51.75416039467849], [-0.336513173220639, 51.7542136045401]]}}, {"type": "Feature", "properties": {"route": "66", "route_name": "", "route_id": "5657", "agency": "Arriva Herts and Essex", "agency_id": "OP50", "geometry_source": "GTFS stop sequence"}, "geometry": {"type": "LineString", "coordinates": [[-0.078880627002409, 51.72273231202459], [-0.075937145137262, 51.72112847791229], [-0.070889502082631, 51.719984613874786], [-0.067801544170485, 51.71940332326188], [-0.065002740638216, 51.71849399804627], [-0.060411694492658, 51.717519060785335], [-0.057121419471711, 51.7155852978091], [-0.04780742421982, 51.71336265730449], [-0.041627231552183, 51.71468058697632], [-0.036396974249267, 51.71712013393477], [-0.04281758417291, 51.71426879130607], [-0.050288799118529, 51.712549592788804], [-0.048975851858707, 51.70975815332314], [-0.04922092418531, 51.70641706981287], [-0.048254459858592, 51.70264221246337], [-0.044879263469822, 51.7023792603964], [-0.041185376254489, 51.70279431694418], [-0.034392826941629, 51.70190750827206], [-0.034194395613815, 51.700141681966656], [-0.034476856544016, 51.696963106463144], [-0.034425048463247, 51.69314946872643], [-0.033767385440872, 51.6906295848084], [-0.031124614571783, 51.6855136021851], [-0.026112546252733, 51.68566327801746], [-0.019682154108022, 51.68582480397478], [-0.014070141429694, 51.68645843204066], [-0.0065163276, 51.6874904957], [-0.0014680932, 51.6861547551], [0.0006930327, 51.6862798251], [0.0021796595, 51.6862005371], [0.0049887864, 51.6865842531], [0.0096117893, 51.6870897516], [0.0133714017, 51.6854157131], [0.0164287254, 51.6842212198], [0.018611783, 51.6848401687], [0.0226436926, 51.6850675527], [0.0236870639, 51.6834848892], [0.0252812871, 51.6812812292], [0.0320450524, 51.6795277616], [0.0415755269, 51.6785171762], [0.0530189814, 51.675997614], [0.0619839892, 51.6753009932], [0.0644191204, 51.6681001476], [0.0663110285, 51.6620058914], [0.0671481758, 51.6591135376], [0.0665899388, 51.6557421602], [0.0630155541, 51.6534399732], [0.0599987997, 51.6516314802], [0.0569434339, 51.6492840334], [0.0546980267, 51.6469403215], [0.05244944, 51.6442009501], [0.0550361974, 51.6419525213]]}}, {"type": "Feature", "properties": {"route": "3", "route_name": "", "route_id": "5181", "agency": "Arriva Herts and Essex", "agency_id": "OP50", "geometry_source": "GTFS stop sequence"}, "geometry": {"type": "LineString", "coordinates": [[-0.474269485391726, 51.74682991253031], [-0.473738050666018, 51.748414565434125], [-0.472427374866065, 51.751625602165234], [-0.472717476482068, 51.754192039847325], [-0.472846177479619, 51.75681932144735], [-0.473890377716943, 51.75721953104896], [-0.480680675765603, 51.757370437398265], [-0.481871597222115, 51.75771852115691], [-0.483879410052345, 51.75920110664677], [-0.488304818942886, 51.761622943121345], [-0.488911844274071, 51.76427433322209], [-0.491613451754022, 51.763652630064584], [-0.496549195146235, 51.761207153484456], [-0.499282528510651, 51.7613679656716], [-0.502285730777318, 51.76169400485918], [-0.498729445747014, 51.76144182938554], [-0.495444826452303, 51.76042872192001], [-0.492788057538291, 51.75753529803095], [-0.495541916974106, 51.75663543059987], [-0.497447963046311, 51.756830654541034], [-0.504272364368622, 51.754633778082315], [-0.504610691020511, 51.75316343007711], [-0.502077743221652, 51.7509012143439], [-0.498213173207474, 51.74861294343321], [-0.496357319184878, 51.74778894605071], [-0.49109251495497, 51.74450240786008], [-0.489613008812114, 51.74326051775093], [-0.486140911896776, 51.74313492045342], [-0.479238385146626, 51.74423273043472], [-0.473981411857074, 51.746781213529296]]}}, {"type": "Feature", "properties": {"route": "M3", "route_name": "", "route_id": "41882", "agency": "Arriva Herts and Essex", "agency_id": "OP50", "geometry_source": "GTFS stop sequence"}, "geometry": {"type": "LineString", "coordinates": [[-0.027937039660009, 51.80869089595227], [-0.030065951658718, 51.81043510950414], [-0.034016892216427, 51.8116522449586], [-0.034478955929179, 51.81303578050528], [-0.035583193843116, 51.81733453091085], [-0.031685455936826, 51.81821353080958], [-0.027462354641224, 51.81856539552129], [-0.008991451978506, 51.82120353734399], [0.020431724874983, 51.827274997629786], [0.022697322046779, 51.821157265446274], [0.005387589967709, 51.811382415228344], [-0.003658338021412, 51.80923433764708], [-0.013324633657164, 51.80846287605939], [-0.017221877156746, 51.80890633971704], [-0.023569748529357, 51.809705623106055], [-0.028475683257312, 51.80997682695941], [-0.027937039660009, 51.80869089595227]]}}, {"type": "Feature", "properties": {"route": "97B", "route_name": "", "route_id": "4971087", "agency": "Arriva Herts and Essex", "agency_id": "OP50", "geometry_source": "GTFS stop sequence"}, "geometry": {"type": "LineString", "coordinates": [[-0.276383335017196, 51.94963098065864], [-0.270506239535747, 51.95072270992982], [-0.263639047346283, 51.9533281472211], [-0.260713318708404, 51.954849526956544], [-0.255958183041738, 51.95625383199868], [-0.253385928793908, 51.954660125549566], [-0.25133422801058, 51.952408703409986], [-0.24811913101623, 51.95126390916371], [-0.24447082493865, 51.951155613329135], [-0.24751655540995, 51.95290942749026], [-0.248152156650458, 51.9548970765953], [-0.247003823382628, 51.95635463438554], [-0.248605609351992, 51.95857246377045], [-0.243425227854553, 51.9641331268738], [-0.237974833080765, 51.96800806478333], [-0.239537634395085, 51.96936222152855], [-0.24093815086768, 51.97226051428217], [-0.239963623545374, 51.97335193776716], [-0.240025306009862, 51.97660787362481], [-0.237174160892485, 51.977653227875784], [-0.229946643043803, 51.97963988902716], [-0.233883918250541, 51.98134449556092], [-0.236997053019455, 51.98216443381609], [-0.242156876751624, 51.98352738673383], [-0.246942464280826, 51.984785632000815], [-0.246779152140051, 51.98710306663804], [-0.24489, 51.99904], [-0.24363, 52.0027], [-0.23878, 52.01059], [-0.23634, 52.01346], [-0.23359, 52.01551], [-0.23151, 52.01651], [-0.22822, 52.01888], [-0.22589, 52.02039]]}}, {"type": "Feature", "properties": {"route": "331", "route_name": "", "route_id": "11295", "agency": "Arriva Herts and Essex", "agency_id": "OP50", "geometry_source": "GTFS stop sequence"}, "geometry": {"type": "LineString", "coordinates": [[-0.027881015010936, 51.94708804083002], [-0.018068674398333, 51.9458801610818], [-0.015500677246359, 51.94571100646433], [0.001420896245008, 51.94863468401093], [0.02134851413365, 51.94619002275834], [0.025377087698544, 51.9332260600878], [0.023845640873715, 51.926993874092496], [0.023633149281044, 51.916449734156366], [0.024287719678817, 51.90837250423779], [0.021849530243614, 51.904260040349236], [0.020250602230477, 51.90005218978192], [0.013905591999225, 51.8940372919374], [0.013836846614554, 51.890549503405595], [0.017538834584405, 51.88884050927366], [0.022573602726132, 51.88672182689252], [0.024554317927015, 51.88455660688467], [0.018855390303043, 51.883845242342424], [0.006862789209878, 51.88471584880823], [-0.004678306818703, 51.87643253590311], [-0.007268955359377, 51.87238500824298], [-0.010306788414483, 51.86740980208542], [-0.015756625463463, 51.859094170223], [-0.020504500255407, 51.852169257602625], [-0.022587055679005, 51.84904803088941], [-0.028072755291246, 51.84013895198082], [-0.030348658521029, 51.83688594791489], [-0.031987620508457, 51.83325356261668], [-0.034939677947799, 51.824454602341206], [-0.035983374367765, 51.81814152309751], [-0.034330855705765, 51.8131052424419], [-0.031333805692274, 51.81096890234209], [-0.027040474045903, 51.805636476939], [-0.031780747438142, 51.80803592526514], [-0.038767513191788, 51.80748725447356], [-0.042997494456046, 51.80494100230083], [-0.04794277307334, 51.803620428335456], [-0.053236611858789, 51.80194573139065], [-0.060048941006557, 51.80002609799015], [-0.064958056982819, 51.798848091926764], [-0.06746170841716, 51.79829578831867], [-0.070881402787146, 51.79768652906659], [-0.076601404596804, 51.79788815586684]]}}, {"type": "Feature", "properties": {"route": "379", "route_name": "", "route_id": "10710", "agency": "Arriva Herts and Essex", "agency_id": "OP50", "geometry_source": "GTFS stop sequence"}, "geometry": {"type": "LineString", "coordinates": [[-0.076713522404532, 51.79797991200934], [-0.080072075956493, 51.79675791710286], [-0.082806166722335, 51.79623602784657], [-0.08864822960896, 51.79732029291252], [-0.091334213257962, 51.79862283473942], [-0.09423254058028, 51.80177215017818], [-0.099433842584806, 51.8043201972751], [-0.126680100851239, 51.82445918108628], [-0.156037022985919, 51.84078514998685], [-0.155692516293823, 51.85063501267568], [-0.157668714364712, 51.85166409685455], [-0.156033976276734, 51.853293012313124], [-0.157878929102729, 51.85362764905273], [-0.159197205423711, 51.85050108122204], [-0.158437248945378, 51.84884364554116], [-0.15856946545507, 51.8484500665796], [-0.163210351738202, 51.84964663336451], [-0.177390377350013, 51.850136973977854], [-0.1813315300942, 51.852859606828176], [-0.182200547948078, 51.855076076658015], [-0.183494603355624, 51.858279229014556], [-0.183675202995235, 51.8610065868447], [-0.184407429810911, 51.86734823737161], [-0.188148758106519, 51.87219863259912], [-0.190748991427809, 51.88305595825742], [-0.19294291678534, 51.88487007710902], [-0.197321946187906, 51.88873184217032], [-0.200458192199059, 51.892799235350594], [-0.205742947556378, 51.90132333210855]]}}, {"type": "Feature", "properties": {"route": "20", "route_name": "", "route_id": "52774", "agency": "Arriva Herts and Essex", "agency_id": "OP50", "geometry_source": "GTFS stop sequence"}, "geometry": {"type": "LineString", "coordinates": [[-0.397083373432707, 51.65813092621136], [-0.397068873435468, 51.66018091013155], [-0.3962878142363, 51.663056686652666], [-0.398872949229615, 51.666014362714364], [-0.401302934186035, 51.6713347645388], [-0.403600374514836, 51.674270428487176], [-0.40521511929037, 51.675650154833455], [-0.40915241670875, 51.677618839937246], [-0.410928681497514, 51.678937729028256], [-0.416256011039231, 51.680466377482425], [-0.417530808771431, 51.6833160295641], [-0.414825931291248, 51.68662457300486], [-0.412566119920111, 51.687538213983416], [-0.410146091376076, 51.69054477239408], [-0.40842724275122, 51.69252670660061], [-0.405811337290931, 51.6920326468556], [-0.403178182189724, 51.691619221793616], [-0.400372356770711, 51.69282194192554], [-0.403076014668381, 51.694522239729636], [-0.406855911140031, 51.695247957492576], [-0.403134229793341, 51.695745938735826], [-0.398030123976829, 51.69687238162307], [-0.394050428608341, 51.69729462165307], [-0.395242746123181, 51.69876761389679], [-0.397792354169622, 51.69991741665714], [-0.401135201124804, 51.70073626656022], [-0.405262972541906, 51.70187140419016], [-0.411892731409565, 51.70429911468665], [-0.414141569933886, 51.708690582271394], [-0.414549820137346, 51.70984705978269], [-0.411670623563549, 51.71642623659362], [-0.410505626870675, 51.71992632673768], [-0.410674128580113, 51.72172699078164], [-0.411842375686081, 51.72515971536152], [-0.415659771224858, 51.73027369081444], [-0.41831681103567, 51.73504821413094], [-0.422505735656552, 51.741183033594254], [-0.428033467648306, 51.74508763817954], [-0.433041775227972, 51.74812183288861], [-0.435403499419162, 51.75146229942594], [-0.43774801040039, 51.75615126332201], [-0.438842392351426, 51.75970858983593], [-0.440318418519176, 51.76354971453975], [-0.442933073217623, 51.76589527761785], [-0.445166559284925, 51.766266530035345], [-0.447643289061388, 51.7633499445753], [-0.446540125665041, 51.7596037614555], [-0.446518616133842, 51.75769720830457], [-0.454364329469051, 51.756218074835914], [-0.459396809247908, 51.75522310651878], [-0.467858146516394, 51.75564841672725], [-0.470622301390852, 51.754884142716044], [-0.472281355561308, 51.75337710883868], [-0.472229418758919, 51.751910767506025], [-0.473683402411396, 51.74874655320307], [-0.474360546533265, 51.747136816579136], [-0.477763381667477, 51.74415968495945], [-0.48529120158423, 51.74298909541643], [-0.490582358634657, 51.74285934735219]]}}, {"type": "Feature", "properties": {"route": "320", "route_name": "", "route_id": "10388", "agency": "Arriva Herts and Essex", "agency_id": "OP50", "geometry_source": "GTFS stop sequence"}, "geometry": {"type": "LineString", "coordinates": [[-0.474269485391726, 51.74682991253031], [-0.473738050666018, 51.748414565434125], [-0.472434808242229, 51.752264117882746], [-0.472717476482068, 51.754192039847325], [-0.467186793761587, 51.755792524796476], [-0.459435361796856, 51.755367481036814], [-0.453203034687909, 51.75670634109678], [-0.446585169656952, 51.75786893274511], [-0.446896646890475, 51.76019294171968], [-0.447912020420056, 51.763964937286445], [-0.446168521826922, 51.76620784387033], [-0.441661275348908, 51.764952266315866], [-0.438460998322158, 51.760683634379546], [-0.438740785868886, 51.75929361564382], [-0.437148859622261, 51.75545991803124], [-0.435461031360581, 51.750635814479516], [-0.43274969634502, 51.748189873430896], [-0.427631189524604, 51.744992338296505], [-0.421530297047989, 51.740495545361036], [-0.417790883051358, 51.733935131163655], [-0.414095970592426, 51.72902969767238], [-0.411815620598963, 51.72551003850543], [-0.410358948191424, 51.721219179677675], [-0.412055650211712, 51.71576603781617], [-0.414073958925732, 51.708968419747805], [-0.411540539896221, 51.70402459514704], [-0.404986249634561, 51.70192159941509], [-0.401922814985509, 51.70097178168195], [-0.395422824188341, 51.698994872810054], [-0.392682625948677, 51.697509707379744], [-0.386405116217837, 51.694591178888174], [-0.385741614968392, 51.69005909269349], [-0.388612949655848, 51.687832532009025], [-0.390668663858301, 51.68616122621708], [-0.391943749063039, 51.682429025979395], [-0.394527836652074, 51.680531093223806], [-0.396842068902874, 51.67766727752309], [-0.396750474237357, 51.67534609106152], [-0.396132463333158, 51.67318856476869], [-0.3969510560015, 51.67048415340398], [-0.397774806009869, 51.66804057438595], [-0.398707750846208, 51.6657783181812], [-0.396123128357449, 51.663216294171114], [-0.396935282654453, 51.659459724775594], [-0.396903953778616, 51.655430868535426], [-0.40153682013479, 51.654828607353124], [-0.400931690490032, 51.65148432620514], [-0.403939795101114, 51.64979877754995], [-0.40759868007841, 51.648922269583615], [-0.411037840506603, 51.65060540259096], [-0.41548039766817, 51.650881236814094], [-0.419557423294871, 51.65127787212635], [-0.42405291233756, 51.65169796575539], [-0.430614820495908, 51.65172289539903], [-0.433547388856848, 51.65261628812203], [-0.436225950161724, 51.65291275324719], [-0.442452641711484, 51.65302247602475], [-0.448042985410725, 51.65314144478654], [-0.445664995422003, 51.65208490939022], [-0.446014203579139, 51.64863660675597], [-0.448225016425155, 51.648234225322334], [-0.453928846345147, 51.648399376138975], [-0.455625289600939, 51.64654237324263], [-0.463300836940107, 51.64353183804892], [-0.465726933322176, 51.64016459124974], [-0.472803356899139, 51.64031078750084], [-0.480293155966248, 51.637170845187356], [-0.484132815154828, 51.63599756623504], [-0.487290429936866, 51.63490529771272], [-0.493537760088314, 51.63344798579153], [-0.499420834918372, 51.63119439557564], [-0.504969461330043, 51.6281089938387], [-0.50953268982335, 51.624210542423576], [-0.512183440210557, 51.62267056728037], [-0.512900952106767, 51.62193332392757], [-0.516631852254981, 51.620928458765]]}}, {"type": "Feature", "properties": {"route": "323", "route_name": "", "route_id": "86897", "agency": "Arriva Herts and Essex", "agency_id": "OP50", "geometry_source": "GTFS stop sequence"}, "geometry": {"type": "LineString", "coordinates": [[-0.025591461621456, 51.816222992244164], [-0.020790435482893, 51.815198090469735], [-0.016922595032546, 51.814071834682], [-0.018748597449895, 51.81213331670965], [-0.021570421372739, 51.81196501906767], [-0.023569748529357, 51.809705623106055], [-0.028475683257312, 51.80997682695941], [-0.027040474045903, 51.805636476939], [-0.031780747438142, 51.80803592526514], [-0.038767513191788, 51.80748725447356], [-0.042997494456046, 51.80494100230083], [-0.04794277307334, 51.803620428335456], [-0.053236611858789, 51.80194573139065], [-0.057549722008542, 51.79979599545519], [-0.049601540517587, 51.79946657566748], [-0.049408416372031, 51.801252823739304], [-0.048172797031996, 51.79795914692305], [-0.050619635454848, 51.79704656892826], [-0.053372773202493, 51.79710118043242], [-0.052665258087719, 51.79837535078196], [-0.05850318257576, 51.79988368259433], [-0.060048941006557, 51.80002609799015], [-0.064958056982819, 51.798848091926764], [-0.06746170841716, 51.79829578831867], [-0.070881402787146, 51.79768652906659], [-0.076657081045658, 51.79794301988633], [-0.080072075956493, 51.79675791710286], [-0.082806166722335, 51.79623602784657], [-0.08864822960896, 51.79732029291252], [-0.091334213257962, 51.79862283473942], [-0.099099125021883, 51.798829569261855], [-0.101912100106524, 51.80091623739022], [-0.102281035263748, 51.80283752194423], [-0.10492217192185, 51.80453467824718], [-0.109046985755819, 51.80301847356074]]}}, {"type": "Feature", "properties": {"route": "8", "route_name": "", "route_id": "115553", "agency": "Arriva Herts and Essex", "agency_id": "OP50", "geometry_source": "GTFS stop sequence"}, "geometry": {"type": "LineString", "coordinates": [[0.6554632305, 51.6015841306], [0.6576088208, 51.6022190562], [0.6584817442, 51.6005984346], [0.661646057, 51.5984042203], [0.6656236116, 51.5972796597], [0.6652557075, 51.594203237], [0.6639164271, 51.5922910525], [0.6679046287, 51.5898800903], [0.6708540906, 51.5911799967], [0.6753603807, 51.5934156408], [0.6810948502, 51.5949215558], [0.6836153497, 51.5945671394], [0.6880615799, 51.5957694157], [0.6932102241, 51.5956603272], [0.6980253883, 51.5935800928], [0.6990834024, 51.589994293], [0.7001449208, 51.5869570095], [0.7041915041, 51.5858115454], [0.7079970036, 51.5825580052], [0.7073818642, 51.578767903], [0.7069403391, 51.573768644], [0.7063478633, 51.569384431], [0.7019120549, 51.5658892471], [0.6966171807, 51.5622517691], [0.6959455027, 51.5591913907], [0.695433146, 51.5573594735], [0.6947723696, 51.5559446714], [0.6933006605, 51.5525249251], [0.6866412906, 51.5531093653], [0.6944232563, 51.5527239795], [0.6979263431, 51.5521937614], [0.7021871489, 51.5505757373], [0.7056404561, 51.5479958799], [0.7087503202, 51.5442546735], [0.7119019001, 51.5414657433], [0.7141004776, 51.5391484699], [0.7149557101, 51.5365564781], [0.7147748725, 51.5364257597], [0.7179152016, 51.5351568517], [0.7224312843, 51.5351959851], [0.7255846458, 51.5353565653], [0.7297401824, 51.5353948037], [0.7327117449, 51.5356493617], [0.736762876, 51.5358696588], [0.7396715024, 51.5360355724], [0.7440599198, 51.5377856652], [0.7502059072, 51.5385410503], [0.7556603701, 51.5378733677], [0.7605878018, 51.5373167701], [0.7665687885, 51.536537248], [0.7683691606, 51.5350737385], [0.7683580677, 51.5310897556], [0.7722894899, 51.5317163689], [0.7758710565, 51.5322791839], [0.779802887, 51.5333822084], [0.7800498997, 51.5364882062], [0.7815586635, 51.539708179], [0.7848811586, 51.5421565739], [0.7831295977, 51.543942956], [0.7861206581, 51.5463901898], [0.7872721634, 51.5529552757], [0.7908128013, 51.5537614537], [0.7936956488, 51.5537197932], [0.7981321895, 51.5533711855], [0.8016633089, 51.5530800193], [0.8054819043, 51.5530067147], [0.8100794791, 51.5531664487], [0.8176589067, 51.5523190342], [0.8219177836, 51.5519018406], [0.8243231858, 51.5530041391]]}}, {"type": "Feature", "properties": {"route": "331", "route_name": "", "route_id": "11295", "agency": "Arriva Herts and Essex", "agency_id": "OP50", "geometry_source": "GTFS stop sequence"}, "geometry": {"type": "LineString", "coordinates": [[-0.027583385655986, 51.95353934305014], [-0.024629094404055, 51.95453288375622], [-0.028893822297041, 51.956510680589105], [-0.027881015010936, 51.94708804083002], [-0.018068674398333, 51.9458801610818], [-0.014830901875824, 51.941437470917485], [-0.012659580251737, 51.93888304877546], [-0.011502003445482, 51.93742476508252], [-0.002501037094763, 51.92619408476019], [0.013905591999225, 51.8940372919374], [0.013836846614554, 51.890549503405595], [0.017538834584405, 51.88884050927366], [0.022573602726132, 51.88672182689252], [0.024554317927015, 51.88455660688467], [0.018855390303043, 51.883845242342424], [0.006862789209878, 51.88471584880823], [-0.007268955359377, 51.87238500824298], [-0.010306788414483, 51.86740980208542], [-0.015756625463463, 51.859094170223], [-0.020504500255407, 51.852169257602625], [-0.022587055679005, 51.84904803088941], [-0.028072755291246, 51.84013895198082], [-0.030348658521029, 51.83688594791489], [-0.031987620508457, 51.83325356261668], [-0.034939677947799, 51.824454602341206], [-0.035983374367765, 51.81814152309751], [-0.034330855705765, 51.8131052424419], [-0.031333805692274, 51.81096890234209], [-0.027040474045903, 51.805636476939], [-0.031780747438142, 51.80803592526514], [-0.038767513191788, 51.80748725447356], [-0.042997494456046, 51.80494100230083], [-0.04794277307334, 51.803620428335456], [-0.053236611858789, 51.80194573139065], [-0.060048941006557, 51.80002609799015], [-0.064958056982819, 51.798848091926764], [-0.06746170841716, 51.79829578831867], [-0.070881402787146, 51.79768652906659], [-0.076601404596804, 51.79788815586684]]}}, {"type": "Feature", "properties": {"route": "C1", "route_name": "", "route_id": "27152", "agency": "Arriva Herts and Essex", "agency_id": "OP50", "geometry_source": "GTFS stop sequence"}, "geometry": {"type": "LineString", "coordinates": [[-0.060885201780852, 51.708480596446975], [-0.064262903537759, 51.70632418918254], [-0.070621434174318, 51.7065546864692], [-0.074436358997334, 51.70669821155751], [-0.079396983655278, 51.7084969500265], [-0.088090235095696, 51.71000558282663], [-0.093551270659265, 51.70956378709957], [-0.097532302349683, 51.709205687059125], [-0.109533874432071, 51.70845524207226]]}}, {"type": "Feature", "properties": {"route": "98", "route_name": "", "route_id": "7962", "agency": "Arriva Herts and Essex", "agency_id": "OP50", "geometry_source": "GTFS stop sequence"}, "geometry": {"type": "LineString", "coordinates": [[-0.276383335017196, 51.94963098065864], [-0.270506239535747, 51.95072270992982], [-0.263639047346283, 51.9533281472211], [-0.260713318708404, 51.954849526956544], [-0.256101690359762, 51.95705622419043], [-0.250781952918469, 51.95949500194949], [-0.243425227854553, 51.9641331268738], [-0.236629466077936, 51.96742144310287], [-0.234153219348263, 51.96857124601185], [-0.233477378161742, 51.971690242919145], [-0.234468108546107, 51.97315277549185], [-0.235640298378035, 51.97481583670054], [-0.237174160892485, 51.977653227875784], [-0.229946643043803, 51.97963988902716], [-0.227576364401244, 51.979927940278024], [-0.222738413160483, 51.981122861858104], [-0.216993264187903, 51.982420746490014], [-0.211853796876215, 51.98349376479303], [-0.209154564941715, 51.98362359113202], [-0.207612904660786, 51.98284482706592], [-0.204879914813105, 51.98163426586588], [-0.206227655401988, 51.97851667061339], [-0.200469300099809, 51.983410264151054], [-0.196501801565919, 51.98611004808169], [-0.191124142615768, 51.988734097722904], [-0.187686948443234, 51.9887352031659]]}}, {"type": "Feature", "properties": {"route": "302", "route_name": "", "route_id": "12369042", "agency": "Arriva Herts and Essex", "agency_id": "OP50", "geometry_source": "GTFS stop sequence"}, "geometry": {"type": "LineString", "coordinates": [[-0.220356367405353, 51.777141435856215], [-0.21949772956231, 51.777227346137785], [-0.218065046160545, 51.77532629809273], [-0.219746626233778, 51.77348142992692], [-0.223386769202022, 51.771216553617506], [-0.219854218962767, 51.76780007813976], [-0.217273612808373, 51.76708656222849], [-0.215638038504977, 51.76372568607792], [-0.217344344888855, 51.76198013908143], [-0.221602881177392, 51.76276401590679], [-0.227721504700065, 51.761939243983726], [-0.233373675533174, 51.76117908090318], [-0.235792201098773, 51.76010039277624], [-0.240746958385576, 51.75975203284664], [-0.244348439156837, 51.76066912049144], [-0.252453633075853, 51.759414127092704], [-0.257648607475518, 51.75846616054013], [-0.270344229016944, 51.75460726577785], [-0.275856303488491, 51.75291682697409], [-0.279702431928178, 51.7519750719116], [-0.284448004313388, 51.75137902867477], [-0.293353262045555, 51.751499687349884], [-0.296380454432067, 51.75190328610688], [-0.300680272237104, 51.751983517850896], [-0.304701972747776, 51.75252716430815], [-0.310970700260825, 51.75187108378902], [-0.314152589470562, 51.75201567912973], [-0.317946790055261, 51.75244770410686], [-0.324521737143279, 51.75173233980593], [-0.326993680314893, 51.750310853854934], [-0.330388405980934, 51.750574934773134], [-0.333516254362532, 51.75100598086067], [-0.337225628139179, 51.75177787422906], [-0.337028583910891, 51.753987107312234], [-0.33818360427169, 51.75567594664511], [-0.341394097035605, 51.75979464548567], [-0.34332065943016, 51.761791049476045], [-0.346644047262676, 51.76324058447249], [-0.350131344523584, 51.761392287632994], [-0.35236310087981, 51.758600126542746], [-0.355330174245721, 51.7547032151], [-0.356901246280436, 51.75333143890565], [-0.361016496716759, 51.74971119664185], [-0.365719692369669, 51.74784342374418], [-0.397553777132844, 51.7418885261145], [-0.405151605304831, 51.7416591754765], [-0.411764856628777, 51.74265691362621], [-0.416624999878466, 51.74367563194283], [-0.424971515619562, 51.74608071023444], [-0.427826282264421, 51.746883241103454], [-0.433041775227972, 51.74812183288861], [-0.435403499419162, 51.75146229942594], [-0.44130485531976, 51.75131591095594], [-0.44672121823039, 51.7517922470573], [-0.450315297352924, 51.75302661110929], [-0.454364329469051, 51.756218074835914], [-0.459396809247908, 51.75522310651878], [-0.467858146516394, 51.75564841672725], [-0.470622301390852, 51.754884142716044], [-0.472281355561308, 51.75337710883868], [-0.472229418758919, 51.751910767506025]]}}, {"type": "Feature", "properties": {"route": "20", "route_name": "", "route_id": "52774", "agency": "Arriva Herts and Essex", "agency_id": "OP50", "geometry_source": "GTFS stop sequence"}, "geometry": {"type": "LineString", "coordinates": [[-0.41761693365465, 51.64639605074419], [-0.420431991634719, 51.64691052659855], [-0.423058158898747, 51.64662210872905], [-0.423291906697428, 51.64446716288312], [-0.419771121026876, 51.64471657417131], [-0.418050485277348, 51.645152000720415], [-0.415744284966642, 51.64414077948259], [-0.411656316376547, 51.64283566448746], [-0.410695008133748, 51.64428835937626], [-0.41055585521575, 51.64537451190389], [-0.414572409908605, 51.64666071553809], [-0.413516612346017, 51.649164223701874], [-0.408701999848253, 51.64961162746485], [-0.403875374118263, 51.64998673465342], [-0.398522741184934, 51.652980145833325], [-0.399702974498907, 51.65599957240615], [-0.397083373432707, 51.65813092621136], [-0.397068873435468, 51.66018091013155], [-0.3962878142363, 51.663056686652666]]}}, {"type": "Feature", "properties": {"route": "302", "route_name": "", "route_id": "12369042", "agency": "Arriva Herts and Essex", "agency_id": "OP50", "geometry_source": "GTFS stop sequence"}, "geometry": {"type": "LineString", "coordinates": [[-0.474269485391726, 51.74682991253031], [-0.473738050666018, 51.748414565434125], [-0.472434808242229, 51.752264117882746], [-0.472717476482068, 51.754192039847325], [-0.467186793761587, 51.755792524796476], [-0.459435361796856, 51.755367481036814], [-0.452887046919487, 51.755353407691814], [-0.451088089009468, 51.75372916883538], [-0.445711285143637, 51.751248377438436], [-0.443911748017719, 51.75049622725141], [-0.441190186254108, 51.75170103978215], [-0.435461031360581, 51.750635814479516], [-0.43274969634502, 51.748189873430896], [-0.428384105020464, 51.747088522645], [-0.424107165419284, 51.74594323769094], [-0.415500119239666, 51.74353458541996], [-0.410823180405981, 51.742662168022605], [-0.405146858421561, 51.74179398956], [-0.397605327109386, 51.74206906712696], [-0.365553936101936, 51.748020957385485], [-0.3602040084634, 51.7505451054667], [-0.357028963003906, 51.7534051597388], [-0.35565300159387, 51.75459083681552], [-0.35197126732752, 51.759412898964804], [-0.349572526750437, 51.762013877586284], [-0.346325733285852, 51.76322711476477], [-0.342545473000699, 51.76119564532065], [-0.341220314808697, 51.75939654772544], [-0.337214393511146, 51.75523961751155], [-0.336842975879528, 51.75391254540744], [-0.337911761008585, 51.752030362000646], [-0.332185443581347, 51.75095113582841], [-0.326838258506402, 51.750596384386625]]}}, {"type": "Feature", "properties": {"route": "SB40", "route_name": "", "route_id": "57064", "agency": "Arriva Herts and Essex", "agency_id": "OP50", "geometry_source": "GTFS stop sequence"}, "geometry": {"type": "LineString", "coordinates": [[-0.204866113163265, 51.90107617016882], [-0.200770492430218, 51.899170281042025], [-0.193886960502184, 51.8993795476222], [-0.181578754683711, 51.89534144638116], [-0.183314255234652, 51.8923109971353], [-0.178247966849856, 51.89181004679741], [-0.17195476373394, 51.892180025171214], [-0.169154593436101, 51.892064552903996], [-0.169207977197272, 51.888963160223874], [-0.171515402849266, 51.884386168063635], [-0.170511392861037, 51.880126354891665], [-0.174484801755948, 51.87995428270336], [-0.179183433091922, 51.881609676871555], [-0.185472444333522, 51.8831095798324], [-0.187805654762516, 51.88542949218883], [-0.188071682500317, 51.88893145152944], [-0.1924035200056, 51.89034686778311], [-0.203027149883561, 51.88997007603191]]}}, {"type": "Feature", "properties": {"route": "322", "route_name": "", "route_id": "85083", "agency": "Arriva Herts and Essex", "agency_id": "OP50", "geometry_source": "GTFS stop sequence"}, "geometry": {"type": "LineString", "coordinates": [[-0.472266037123347, 51.751254840666235], [-0.473683402411396, 51.74874655320307], [-0.474133719972678, 51.74699000289287], [-0.473609615922316, 51.74362924624567], [-0.474212282759341, 51.74121826923867], [-0.472499360206584, 51.73961345619975], [-0.46942191515073, 51.73767613993096], [-0.466076214404038, 51.735114802613715], [-0.461601250455293, 51.73255657352], [-0.456663541002424, 51.72956947644207], [-0.454622164316628, 51.727861169840644], [-0.451011872417841, 51.7203773529056], [-0.449967612761517, 51.71704557604184], [-0.450119147710826, 51.713459809681716], [-0.449271872356502, 51.71156932406598], [-0.447290970997745, 51.708548859891394], [-0.445993596018247, 51.70670635048462], [-0.444256897445956, 51.70332938379466], [-0.436437916499397, 51.69253418197415], [-0.429207316219048, 51.68198008281731], [-0.423694650691255, 51.67702359760331], [-0.4210007711683, 51.67588140261092], [-0.418381077737051, 51.673858929572035], [-0.416799289115443, 51.67235394202492], [-0.412540955049619, 51.66881656544363], [-0.410390563474528, 51.66580213772402], [-0.408065138308776, 51.662839247440054], [-0.402836653532805, 51.66103280288518], [-0.396123128357449, 51.663216294171114], [-0.396935282654453, 51.659459724775594], [-0.395058535956357, 51.656925316799466], [-0.396903953778616, 51.655430868535426]]}}, {"type": "Feature", "properties": {"route": "302", "route_name": "", "route_id": "12369042", "agency": "Arriva Herts and Essex", "agency_id": "OP50", "geometry_source": "GTFS stop sequence"}, "geometry": {"type": "LineString", "coordinates": [[-0.472434808242229, 51.752264117882746], [-0.472717476482068, 51.754192039847325], [-0.467186793761587, 51.755792524796476], [-0.459435361796856, 51.755367481036814], [-0.452887046919487, 51.755353407691814], [-0.451088089009468, 51.75372916883538], [-0.445711285143637, 51.751248377438436], [-0.443911748017719, 51.75049622725141], [-0.441190186254108, 51.75170103978215], [-0.435461031360581, 51.750635814479516], [-0.43274969634502, 51.748189873430896], [-0.428384105020464, 51.747088522645], [-0.424107165419284, 51.74594323769094], [-0.415500119239666, 51.74353458541996], [-0.410823180405981, 51.742662168022605], [-0.405146858421561, 51.74179398956], [-0.397605327109386, 51.74206906712696], [-0.365553936101936, 51.748020957385485], [-0.3602040084634, 51.7505451054667], [-0.357028963003906, 51.7534051597388], [-0.35565300159387, 51.75459083681552], [-0.35197126732752, 51.759412898964804], [-0.349572526750437, 51.762013877586284], [-0.346325733285852, 51.76322711476477], [-0.342545473000699, 51.76119564532065], [-0.341220314808697, 51.75939654772544], [-0.337214393511146, 51.75523961751155], [-0.336842975879528, 51.75391254540744], [-0.337911761008585, 51.752030362000646], [-0.332185443581347, 51.75095113582841], [-0.326838258506402, 51.750596384386625], [-0.32281810364046, 51.75157316163432], [-0.319540934378341, 51.7524345399025], [-0.315899751554793, 51.752562261826924], [-0.313035962220305, 51.75204461704377], [-0.307364281297866, 51.752619487754004], [-0.301053037612114, 51.752087818837445], [-0.295741654318488, 51.751938984871984], [-0.291561523927905, 51.751374743838056], [-0.284212245666525, 51.751483491279686], [-0.278718287798997, 51.752329335499276], [-0.269020031283924, 51.755136284322795], [-0.257185838567977, 51.75881898083127], [-0.250066804821219, 51.75968434428668], [-0.244382125034429, 51.760921400912615], [-0.240351057680168, 51.75987199510087], [-0.236301869363, 51.76003610535701], [-0.233090093024341, 51.761390627549275], [-0.229343889534568, 51.76195470383924], [-0.22629271812335, 51.76216047705328], [-0.222473626903253, 51.763469576597984], [-0.219643848964727, 51.76246459633944], [-0.216772840548016, 51.76177364412848], [-0.215443428460445, 51.7635159138167], [-0.217308953649065, 51.766925241027025], [-0.220481983298661, 51.76805236945505], [-0.223377593920096, 51.77145020834191], [-0.218564408910942, 51.773688320805526], [-0.21810959509891, 51.7749313229973], [-0.220356367405353, 51.777141435856215]]}}, {"type": "Feature", "properties": {"route": "331", "route_name": "", "route_id": "11295", "agency": "Arriva Herts and Essex", "agency_id": "OP50", "geometry_source": "GTFS stop sequence"}, "geometry": {"type": "LineString", "coordinates": [[-0.034016892216427, 51.8116522449586], [-0.034478955929179, 51.81303578050528], [-0.035583193843116, 51.81733453091085], [-0.035221841683201, 51.824306449782014], [0.007530303469614, 51.884695468152714], [0.019532953295699, 51.8840494259052], [0.024073162596308, 51.88484364423389], [0.022112175417272, 51.88712541528307], [0.017097970361103, 51.888731170126974], [0.014155979913267, 51.890211329768114], [0.013797102267937, 51.893886281882374], [-0.001476899390097, 51.924692999496905], [-0.011795922865542, 51.93735779357342], [-0.013049711663671, 51.938943587637546], [-0.018568460326934, 51.94609539242353], [-0.026109463939325, 51.947004395513076], [-0.0291787789359, 51.95665033194269], [-0.024292710123005, 51.95423949330452], [-0.027583385655986, 51.95353934305014]]}}, {"type": "Feature", "properties": {"route": "331", "route_name": "", "route_id": "11295", "agency": "Arriva Herts and Essex", "agency_id": "OP50", "geometry_source": "GTFS stop sequence"}, "geometry": {"type": "LineString", "coordinates": [[-0.076601404596804, 51.79788815586684], [-0.072567388205842, 51.798280690751184], [-0.065479032860707, 51.79887465008703], [-0.061025386867729, 51.79991631530166], [-0.052352266779376, 51.802272788681336], [-0.046949129097274, 51.80412547493161], [-0.044367384814369, 51.804792944486934], [-0.038337000998778, 51.807713870157876], [-0.030344511998876, 51.808371562642904], [-0.030065951658718, 51.81043510950414], [-0.034016892216427, 51.8116522449586], [-0.034478955929179, 51.81303578050528], [-0.035583193843116, 51.81733453091085], [-0.035221841683201, 51.824306449782014], [-0.032209484656423, 51.83315836113384], [-0.030317683072512, 51.83726310135276], [-0.028288772668441, 51.84017854261182], [-0.022727416293052, 51.84915829693459], [-0.020617817362524, 51.85223410999916], [-0.015772206645621, 51.85940016734439], [-0.010381581872814, 51.86768982475476], [-0.007269964881445, 51.87269075938108], [-0.004548243469677, 51.87674505594602], [0.007530303469614, 51.884695468152714], [0.019532953295699, 51.8840494259052], [0.024073162596308, 51.88484364423389], [0.022112175417272, 51.88712541528307], [0.017097970361103, 51.888731170126974], [0.014155979913267, 51.890211329768114], [0.013797102267937, 51.893886281882374], [0.019307779412082, 51.89880047727411], [0.021719199228456, 51.90427127189809], [0.02415899360681, 51.90841967948042], [0.023397451741762, 51.916705567434306], [0.024004761203505, 51.92794430499685], [0.025362210837987, 51.933864757889936], [0.021199082327812, 51.94642638373772], [0.001754929137315, 51.94862001208371], [-0.016059929957735, 51.94556756841207], [-0.018568460326934, 51.94609539242353], [-0.02351372020108, 51.94911893297971], [-0.025716077843072, 51.9513229743085], [-0.026109463939325, 51.947004395513076]]}}, {"type": "Feature", "properties": {"route": "20", "route_name": "", "route_id": "52774", "agency": "Arriva Herts and Essex", "agency_id": "OP50", "geometry_source": "GTFS stop sequence"}, "geometry": {"type": "LineString", "coordinates": [[-0.474269485391726, 51.74682991253031], [-0.473738050666018, 51.748414565434125], [-0.472434808242229, 51.752264117882746], [-0.472717476482068, 51.754192039847325], [-0.467186793761587, 51.755792524796476], [-0.459435361796856, 51.755367481036814], [-0.453203034687909, 51.75670634109678], [-0.446585169656952, 51.75786893274511], [-0.446896646890475, 51.76019294171968], [-0.447912020420056, 51.763964937286445], [-0.446168521826922, 51.76620784387033], [-0.441661275348908, 51.764952266315866], [-0.438460998322158, 51.760683634379546], [-0.438740785868886, 51.75929361564382], [-0.437148859622261, 51.75545991803124], [-0.435461031360581, 51.750635814479516], [-0.43274969634502, 51.748189873430896], [-0.427631189524604, 51.744992338296505], [-0.421530297047989, 51.740495545361036], [-0.417790883051358, 51.733935131163655], [-0.414095970592426, 51.72902969767238], [-0.411815620598963, 51.72551003850543], [-0.410358948191424, 51.721219179677675], [-0.412055650211712, 51.71576603781617], [-0.414073958925732, 51.708968419747805], [-0.411540539896221, 51.70402459514704], [-0.404986249634561, 51.70192159941509], [-0.401922814985509, 51.70097178168195], [-0.395422824188341, 51.698994872810054], [-0.39493347335277, 51.69687507468728], [-0.398545209455461, 51.696627629026494], [-0.402519522373757, 51.69594439687694], [-0.406789910965443, 51.69506722315338], [-0.402115593463577, 51.69426639730813], [-0.400033717555853, 51.692988177865175], [-0.402847154517697, 51.69156976187887], [-0.405545413007332, 51.6917772627142], [-0.408230140220746, 51.69237117266266], [-0.409804039986679, 51.6908099017701], [-0.412867264879876, 51.68720058820433], [-0.41463921010656, 51.68658608534472], [-0.417791645377311, 51.682887928527656], [-0.418851022455917, 51.68154440518159], [-0.41489917359054, 51.680385132065524], [-0.410600254439147, 51.6788163897568], [-0.408541483818108, 51.6773048366077], [-0.405396105445984, 51.67585043584331], [-0.402542528255101, 51.6730960784557], [-0.40074341744771, 51.670796619302166], [-0.397774806009869, 51.66804057438595], [-0.398707750846208, 51.6657783181812], [-0.396123128357449, 51.663216294171114], [-0.396935282654453, 51.659459724775594], [-0.395058535956357, 51.656925316799466], [-0.396903953778616, 51.655430868535426], [-0.40153682013479, 51.654828607353124], [-0.400931690490032, 51.65148432620514], [-0.403939795101114, 51.64979877754995], [-0.40759868007841, 51.648922269583615], [-0.410232225728233, 51.649668320889106], [-0.4143592684423, 51.64862709115324], [-0.41761693365465, 51.64639605074419]]}}, {"type": "Feature", "properties": {"route": "725", "route_name": "", "route_id": "2898255", "agency": "Arriva Herts and Essex", "agency_id": "OP50", "geometry_source": "GTFS stop sequence"}, "geometry": {"type": "LineString", "coordinates": [[-0.4537, 51.47137], [-0.45126, 51.50342], [-0.45066, 51.52597], [-0.47078, 51.53658], [-0.47676, 51.54753], [-0.501249, 51.565948], [-0.499873, 51.581019], [-0.500024, 51.586515], [-0.513292569241419, 51.6134858294322], [-0.508921770662246, 51.62477827167246], [-0.499354462913072, 51.63145431436387], [-0.484496315312526, 51.635930322389086], [-0.471208617369325, 51.64046088422024], [-0.463318487372057, 51.64386477236277], [-0.441690428575675, 51.64700571253513], [-0.428385359557114, 51.65181896882815], [-0.410624027166737, 51.655824166623894], [-0.397083373432707, 51.65813092621136], [-0.396428845388537, 51.66315752453649], [-0.397353063902514, 51.670156935063936], [-0.394842409937238, 51.68063430427289], [-0.385630375361761, 51.69155922674041], [-0.384539540284288, 51.69903455627141], [-0.377948402211816, 51.710156738396606], [-0.359102046930851, 51.729380659614364], [-0.355045378127815, 51.73502484907542], [-0.350258039299584, 51.74121614544862], [-0.342820088563653, 51.74617397283619], [-0.34054557336147, 51.74973866245827], [-0.339135012882643, 51.75185882322009], [-0.33657864269359, 51.7544033621421]]}}, {"type": "Feature", "properties": {"route": "8", "route_name": "", "route_id": "115727", "agency": "Arriva Herts and Essex", "agency_id": "OP50", "geometry_source": "GTFS stop sequence"}, "geometry": {"type": "LineString", "coordinates": [[0.1325005574, 51.7821591364], [0.1356649583, 51.7837742842], [0.1398408252, 51.7837792673], [0.1398205514, 51.7864144363], [0.1352993076, 51.7886188835], [0.1329737943, 51.7860442945], [0.1326330484, 51.7822016949], [0.1309913614, 51.7796686127], [0.125743628, 51.778441746], [0.1247344026, 51.775474491], [0.1239048758, 51.772935619], [0.1192108175, 51.7705114512], [0.11695673, 51.769113278], [0.1151358292, 51.7698474767], [0.1131740243, 51.7722208103], [0.1121725307, 51.7752962523], [0.1102509428, 51.7763649029], [0.1032405869, 51.7746201311], [0.0985957898, 51.7732373892], [0.0940564711, 51.7722482535]]}}, {"type": "Feature", "properties": {"route": "724", "route_name": "", "route_id": "28481", "agency": "Arriva Herts and Essex", "agency_id": "OP50", "geometry_source": "GTFS stop sequence"}, "geometry": {"type": "LineString", "coordinates": [[-0.48952, 51.47184], [-0.45126, 51.50342], [-0.45066, 51.52597], [-0.47078, 51.53658], [-0.47676, 51.54753], [-0.501249, 51.565948], [-0.499873, 51.581019], [-0.500024, 51.586515], [-0.513292569241419, 51.6134858294322], [-0.50953268982335, 51.624210542423576], [-0.512183440210557, 51.62267056728037], [-0.512900952106767, 51.62193332392757], [-0.515379062946935, 51.62036411457591], [-0.511807476683936, 51.61959054933], [-0.508921770662246, 51.62477827167246], [-0.499354462913072, 51.63145431436387], [-0.484496315312526, 51.635930322389086], [-0.471208617369325, 51.64046088422024], [-0.463318487372057, 51.64386477236277], [-0.441690428575675, 51.64700571253513], [-0.428385359557114, 51.65181896882815], [-0.410624027166737, 51.655824166623894], [-0.397083373432707, 51.65813092621136], [-0.396428845388537, 51.66315752453649], [-0.397353063902514, 51.670156935063936], [-0.394842409937238, 51.68063430427289], [-0.385630375361761, 51.69155922674041], [-0.384539540284288, 51.69903455627141], [-0.377948402211816, 51.710156738396606], [-0.359102046930851, 51.729380659614364], [-0.355045378127815, 51.73502484907542], [-0.350258039299584, 51.74121614544862], [-0.342820088563653, 51.74617397283619], [-0.34054557336147, 51.74973866245827], [-0.339135012882643, 51.75185882322009], [-0.33657864269359, 51.7544033621421]]}}, {"type": "Feature", "properties": {"route": "331", "route_name": "", "route_id": "11295", "agency": "Arriva Herts and Essex", "agency_id": "OP50", "geometry_source": "GTFS stop sequence"}, "geometry": {"type": "LineString", "coordinates": [[-0.076601404596804, 51.79788815586684], [-0.072567388205842, 51.798280690751184], [-0.065479032860707, 51.79887465008703], [-0.061025386867729, 51.79991631530166], [-0.052352266779376, 51.802272788681336], [-0.046949129097274, 51.80412547493161], [-0.044367384814369, 51.804792944486934], [-0.038337000998778, 51.807713870157876], [-0.030344511998876, 51.808371562642904], [-0.030065951658718, 51.81043510950414], [-0.034016892216427, 51.8116522449586], [-0.034478955929179, 51.81303578050528], [-0.035583193843116, 51.81733453091085], [-0.035221841683201, 51.824306449782014], [-0.032209484656423, 51.83315836113384], [-0.030317683072512, 51.83726310135276], [-0.028288772668441, 51.84017854261182], [-0.022727416293052, 51.84915829693459], [-0.020617817362524, 51.85223410999916], [-0.015772206645621, 51.85940016734439], [-0.010381581872814, 51.86768982475476], [-0.007269964881445, 51.87269075938108], [-0.004548243469677, 51.87674505594602], [0.007530303469614, 51.884695468152714], [0.019532953295699, 51.8840494259052], [0.024073162596308, 51.88484364423389], [0.022112175417272, 51.88712541528307], [0.017097970361103, 51.888731170126974], [0.014155979913267, 51.890211329768114], [0.013797102267937, 51.893886281882374], [-0.001476899390097, 51.924692999496905], [-0.011795922865542, 51.93735779357342], [-0.013049711663671, 51.938943587637546], [-0.018568460326934, 51.94609539242353], [-0.026109463939325, 51.947004395513076]]}}, {"type": "Feature", "properties": {"route": "251", "route_name": "", "route_id": "8451", "agency": "Arriva Herts and Essex", "agency_id": "OP50", "geometry_source": "GTFS stop sequence"}, "geometry": {"type": "LineString", "coordinates": [[0.0314969486, 51.6889343876], [0.0283617781, 51.6877386201], [0.0266466927, 51.6865902135], [0.0261792196, 51.6881090142], [0.0253249989, 51.6893916857], [0.0240849165, 51.689161274], [0.020091607, 51.6888343563], [0.0124955929, 51.6914376815], [0.0083127332, 51.6917340887], [0.0026559736, 51.6904368478], [0.0012703403, 51.6878886287], [-0.0004062427, 51.685956833], [-0.003763324, 51.6865984481], [-0.0089570377, 51.6869294036], [-0.013872469212281, 51.68634718044007], [-0.020067430450883, 51.685615481515754], [-0.027569515527897, 51.68542697528258], [-0.031126953816526, 51.68545968699234], [-0.033851357924711, 51.69036121877051], [-0.03448433271596, 51.69244905460663], [-0.034683859789639, 51.69619322531111], [-0.035201123164552, 51.701957000456666], [-0.041914684356624, 51.7026625982893], [-0.048082545129772, 51.701928959739774], [-0.049356118457094, 51.70630241426565], [-0.049739265072838, 51.70883562563285], [-0.050144810426447, 51.711522076097175], [-0.050890326746476, 51.71303616841313], [-0.057340723397201, 51.715534970429495], [-0.063471258362994, 51.71808209464663], [-0.068392798261511, 51.71945800720978], [-0.072188924134251, 51.720068889092744], [-0.076540231159187, 51.7212462604597], [-0.078880627002409, 51.72273231202459]]}}, {"type": "Feature", "properties": {"route": "824", "route_name": "", "route_id": "14931", "agency": "Arriva Herts and Essex", "agency_id": "OP50", "geometry_source": "GTFS stop sequence"}, "geometry": {"type": "LineString", "coordinates": [[-0.499115749652333, 51.759405628180474], [-0.496071804319765, 51.75682204719744], [-0.490537215442133, 51.7563824412121], [-0.484426833993791, 51.7566994543297], [-0.48082399577199, 51.75741724879339], [-0.471292996770726, 51.744030745079556], [-0.468858409239596, 51.74192193980639], [-0.466283407063875, 51.740116972554915], [-0.46221328073541, 51.737564053806594], [-0.459423376543113, 51.73527955190972], [-0.454529929539488, 51.73268858943486], [-0.451507127541674, 51.73554417867245], [-0.447848209983573, 51.73877794128897], [-0.446733478069637, 51.74045368366574], [-0.447911378734304, 51.742429470191055], [-0.451689384971275, 51.748431905392266], [-0.450315297352924, 51.75302661110929], [-0.462373643769471, 51.76014464397885], [-0.463098690734184, 51.76183559538276], [-0.461337996617958, 51.76460901574279], [-0.461149935306598, 51.76545178422215], [-0.458767513546845, 51.76647261429676], [-0.457504989670999, 51.77034950817564], [-0.458462303786322, 51.772879770562845], [-0.455828838381057, 51.77402313520205], [-0.454804118994935, 51.77559222827228], [-0.453324731033578, 51.77816241324734], [-0.44904913698171, 51.77602897880005], [-0.448953837834231, 51.77288958004794], [-0.447378729215339, 51.771484048499225], [-0.44256906486474, 51.77352451277508], [-0.442082883337806, 51.77627855820182], [-0.444695605473146, 51.77828235886686], [-0.442071268127136, 51.779983030400636], [-0.437186046894846, 51.77998113479947], [-0.434450758064243, 51.77733711524237]]}}, {"type": "Feature", "properties": {"route": "301", "route_name": "", "route_id": "7640", "agency": "Arriva Herts and Essex", "agency_id": "OP50", "geometry_source": "GTFS stop sequence"}, "geometry": {"type": "LineString", "coordinates": [[-0.204203170406151, 51.80245118471828], [-0.203764442658855, 51.803271749997876], [-0.199852106823018, 51.80244759255344], [-0.194441157507913, 51.800656134953954], [-0.18989370284175, 51.798679897313924], [-0.185599397612706, 51.79582616563001], [-0.180336231669216, 51.794719726816915], [-0.17725404809252, 51.79095825349332], [-0.177267821429044, 51.78737961827619], [-0.179953464764351, 51.78549692202911], [-0.183235651951941, 51.78499917447961], [-0.18805787345586, 51.78405749469361], [-0.191599956578612, 51.783581504234526], [-0.197020831670022, 51.78397949201791], [-0.203798736398467, 51.78562089116205], [-0.204314377923391, 51.77446062557825], [-0.208523919096089, 51.7706492740149], [-0.211341181123852, 51.76867795396193], [-0.215638038504977, 51.76372568607792], [-0.217344344888855, 51.76198013908143], [-0.221602881177392, 51.76276401590679], [-0.227721504700065, 51.761939243983726], [-0.233373675533174, 51.76117908090318], [-0.235792201098773, 51.76010039277624], [-0.240746958385576, 51.75975203284664], [-0.244348439156837, 51.76066912049144], [-0.252453633075853, 51.759414127092704], [-0.257648607475518, 51.75846616054013], [-0.270344229016944, 51.75460726577785], [-0.275856303488491, 51.75291682697409], [-0.279702431928178, 51.7519750719116], [-0.284448004313388, 51.75137902867477], [-0.293353262045555, 51.751499687349884], [-0.296380454432067, 51.75190328610688], [-0.300680272237104, 51.751983517850896], [-0.304701972747776, 51.75252716430815], [-0.310970700260825, 51.75187108378902], [-0.314152589470562, 51.75201567912973], [-0.317946790055261, 51.75244770410686], [-0.324521737143279, 51.75173233980593], [-0.326993680314893, 51.750310853854934], [-0.33466062611003, 51.75416039467849], [-0.336513173220639, 51.7542136045401]]}}, {"type": "Feature", "properties": {"route": "M4", "route_name": "", "route_id": "9571", "agency": "Arriva Herts and Essex", "agency_id": "OP50", "geometry_source": "GTFS stop sequence"}, "geometry": {"type": "LineString", "coordinates": [[-0.027937039660009, 51.80869089595227], [-0.028255103206091, 51.81004506587813], [-0.02290720242002, 51.809928282057676], [-0.017304908024704, 51.808997662452], [-0.013404494806877, 51.80862608610253], [-0.004050119396226, 51.80923199705953], [0.005529625772165, 51.81164076854558], [0.022580120209969, 51.821132304675125], [0.020356001583849, 51.827204360496225], [-0.009776960149713, 51.82083016889082], [-0.027812290720576, 51.818526304305706], [-0.031689763766927, 51.818114688501716], [-0.034330855705765, 51.8131052424419], [-0.031333805692274, 51.81096890234209], [-0.027937039660009, 51.80869089595227]]}}, {"type": "Feature", "properties": {"route": "725", "route_name": "", "route_id": "2898255", "agency": "Arriva Herts and Essex", "agency_id": "OP50", "geometry_source": "GTFS stop sequence"}, "geometry": {"type": "LineString", "coordinates": [[-0.337952819593312, 51.752885178303785], [-0.339444720330257, 51.751314690117795], [-0.340665701768741, 51.74922781704907], [-0.342977029340252, 51.74544783701552], [-0.350270478231857, 51.7408746256711], [-0.355197838906373, 51.734415529691624], [-0.359610574115559, 51.72773323781151], [-0.377950974180562, 51.709680199337974], [-0.383845932293779, 51.69900703268172], [-0.385741614968392, 51.69005909269349], [-0.394527836652074, 51.680531093223806], [-0.3969510560015, 51.67048415340398], [-0.396123128357449, 51.663216294171114], [-0.402094615502193, 51.65952104228732]]}}, {"type": "Feature", "properties": {"route": "323", "route_name": "", "route_id": "86897", "agency": "Arriva Herts and Essex", "agency_id": "OP50", "geometry_source": "GTFS stop sequence"}, "geometry": {"type": "LineString", "coordinates": [[-0.028074561158972, 51.808531342256465], [-0.029391274627023, 51.810936360827824], [-0.028373675247324, 51.813311234882676], [-0.025591461621456, 51.816222992244164]]}}, {"type": "Feature", "properties": {"route": "302", "route_name": "", "route_id": "12369042", "agency": "Arriva Herts and Essex", "agency_id": "OP50", "geometry_source": "GTFS stop sequence"}, "geometry": {"type": "LineString", "coordinates": [[-0.326993680314893, 51.750310853854934], [-0.330388405980934, 51.750574934773134], [-0.333516254362532, 51.75100598086067], [-0.337225628139179, 51.75177787422906], [-0.337028583910891, 51.753987107312234], [-0.33818360427169, 51.75567594664511], [-0.341394097035605, 51.75979464548567], [-0.34332065943016, 51.761791049476045], [-0.346644047262676, 51.76324058447249], [-0.350131344523584, 51.761392287632994], [-0.35236310087981, 51.758600126542746], [-0.355330174245721, 51.7547032151], [-0.356901246280436, 51.75333143890565], [-0.361016496716759, 51.74971119664185], [-0.365719692369669, 51.74784342374418], [-0.397553777132844, 51.7418885261145], [-0.405151605304831, 51.7416591754765], [-0.411764856628777, 51.74265691362621], [-0.416624999878466, 51.74367563194283], [-0.424971515619562, 51.74608071023444], [-0.427826282264421, 51.746883241103454], [-0.433041775227972, 51.74812183288861], [-0.435403499419162, 51.75146229942594], [-0.44130485531976, 51.75131591095594], [-0.44672121823039, 51.7517922470573], [-0.450315297352924, 51.75302661110929], [-0.454364329469051, 51.756218074835914], [-0.459396809247908, 51.75522310651878], [-0.467858146516394, 51.75564841672725], [-0.470622301390852, 51.754884142716044], [-0.472281355561308, 51.75337710883868], [-0.472229418758919, 51.751910767506025], [-0.473683402411396, 51.74874655320307], [-0.473816383834508, 51.74694991541759]]}}, {"type": "Feature", "properties": {"route": "1", "route_name": "", "route_id": "115566", "agency": "Arriva Herts and Essex", "agency_id": "OP50", "geometry_source": "GTFS stop sequence"}, "geometry": {"type": "LineString", "coordinates": [[0.8679608035, 51.8756928629], [0.8704469515, 51.872295585], [0.8682790387, 51.8717908886], [0.8665919431, 51.8715352445], [0.8599937149, 51.873332749], [0.8578629998, 51.8747875483], [0.8560647133, 51.8766749165], [0.855316338, 51.8793102094], [0.8571177639, 51.8797610972], [0.8602199249, 51.8800993841], [0.8646086535, 51.8805591446], [0.8651940517, 51.8801671531], [0.8642825136, 51.8788583154], [0.8643941639, 51.8769579569], [0.8655366455, 51.8759588166], [0.8677147444, 51.8757078578], [0.8708972152, 51.876853323], [0.8749032351, 51.8788329599], [0.878348739, 51.8795401039], [0.8814285896, 51.8813443313], [0.8856696015, 51.8828951511], [0.8900220629, 51.8850456517], [0.8924388018, 51.8866950138], [0.896194233, 51.8883653267], [0.9008218594, 51.8898071571], [0.9057442205, 51.8899554389], [0.9093936351, 51.8899731299], [0.9137703769, 51.8899996691], [0.9176602287, 51.8908115791], [0.9207254572, 51.892129502], [0.9224763181, 51.8924547425], [0.92474126, 51.8937564737], [0.9286475785, 51.895260126], [0.9319153379, 51.8963298896], [0.9358066303, 51.8971501641], [0.9383997764, 51.8958982355], [0.9374786292, 51.8942574197], [0.9370614331, 51.8916506823], [0.9399818488, 51.8925220415], [0.9429416163, 51.890658265], [0.9455036926, 51.890495187], [0.9462695562, 51.8893158149], [0.9431964329, 51.8874411419], [0.9419788399, 51.8868240656], [0.9386397273, 51.8859902039], [0.9371709008, 51.8873129975], [0.9366038164, 51.8893147627], [0.9369424087, 51.8916086866]]}}, {"type": "Feature", "properties": {"route": "300", "route_name": "", "route_id": "3449837", "agency": "Arriva Herts and Essex", "agency_id": "OP50", "geometry_source": "GTFS stop sequence"}, "geometry": {"type": "LineString", "coordinates": [[-0.490829686496267, 51.74282655619503], [-0.486140911896776, 51.74313492045342], [-0.479238385146626, 51.74423273043472], [-0.473816383834508, 51.74694991541759], [-0.455894572888893, 51.74788477265775], [-0.449559358104451, 51.74929401946568], [-0.443911748017719, 51.75049622725141], [-0.441190186254108, 51.75170103978215], [-0.435461031360581, 51.750635814479516], [-0.43274969634502, 51.748189873430896], [-0.428384105020464, 51.747088522645], [-0.424107165419284, 51.74594323769094], [-0.415500119239666, 51.74353458541996], [-0.410823180405981, 51.742662168022605], [-0.405146858421561, 51.74179398956], [-0.397605327109386, 51.74206906712696], [-0.365553936101936, 51.748020957385485], [-0.359679873051142, 51.7474175896345], [-0.355104338892468, 51.74536642121511], [-0.351651092212693, 51.74273734887069], [-0.342820088563653, 51.74617397283619], [-0.341392636436527, 51.74836585821297], [-0.34054557336147, 51.74973866245827], [-0.339135012882643, 51.75185882322009], [-0.337193813336664, 51.75382758983355]]}}, {"type": "Feature", "properties": {"route": "6", "route_name": "", "route_id": "115722", "agency": "Arriva Herts and Essex", "agency_id": "OP50", "geometry_source": "GTFS stop sequence"}, "geometry": {"type": "LineString", "coordinates": [[0.0938665287, 51.7722156678], [0.0908485087, 51.7712082889], [0.0851811833, 51.7705805871], [0.0791576716, 51.7707142786], [0.0768343153, 51.7731473418], [0.0767066258, 51.7747862186], [0.0798210371, 51.7753696104], [0.083727182, 51.7748867723], [0.0876768164, 51.7756619719], [0.0885075023, 51.7766993287], [0.0938523599, 51.7787983873], [0.0957175383, 51.7739991506], [0.0938665287, 51.7722156678]]}}, {"type": "Feature", "properties": {"route": "SB9", "route_name": "", "route_id": "58152", "agency": "Arriva Herts and Essex", "agency_id": "OP50", "geometry_source": "GTFS stop sequence"}, "geometry": {"type": "LineString", "coordinates": [[-0.204751688901869, 51.90102946511332], [-0.209149847601502, 51.90410876277623], [-0.213988553821159, 51.90342698073999], [-0.212168608925432, 51.904963932904906], [-0.209560647780245, 51.90693846494593], [-0.207536077606824, 51.909955893244764], [-0.208569762439995, 51.91211169937128], [-0.213381128247768, 51.91507122845442], [-0.214939372480601, 51.91427661354073], [-0.217029246870477, 51.91107122177004], [-0.220395902595509, 51.908658407817754], [-0.223492426940004, 51.910134897973236], [-0.221043006581152, 51.91288537492366], [-0.220115959279582, 51.91537109507401], [-0.222474294007806, 51.91640483292442], [-0.221024777123148, 51.91886468325157], [-0.217870622316612, 51.91772895107564], [-0.216423218006956, 51.91682582332043], [-0.213745038916387, 51.91542743499435], [-0.211273256445702, 51.91652286888518], [-0.214593210070222, 51.92153678561869], [-0.212554883352898, 51.923061438875735], [-0.208549475934684, 51.91919698438016], [-0.208645249999951, 51.916060280385686], [-0.208326320240566, 51.912018074713615], [-0.205531747214804, 51.9080820122422], [-0.212077870914675, 51.90505247316713], [-0.205742947556378, 51.90132333210855]]}}, {"type": "Feature", "properties": {"route": "98", "route_name": "", "route_id": "7962", "agency": "Arriva Herts and Essex", "agency_id": "OP50", "geometry_source": "GTFS stop sequence"}, "geometry": {"type": "LineString", "coordinates": [[-0.276383335017196, 51.94963098065864], [-0.270506239535747, 51.95072270992982], [-0.263639047346283, 51.9533281472211], [-0.260713318708404, 51.954849526956544], [-0.256101690359762, 51.95705622419043], [-0.250781952918469, 51.95949500194949], [-0.243425227854553, 51.9641331268738], [-0.237974833080765, 51.96800806478333], [-0.239537634395085, 51.96936222152855], [-0.24093815086768, 51.97226051428217], [-0.239963623545374, 51.97335193776716], [-0.240025306009862, 51.97660787362481], [-0.237174160892485, 51.977653227875784], [-0.229946643043803, 51.97963988902716], [-0.227576364401244, 51.979927940278024], [-0.222738413160483, 51.981122861858104], [-0.216993264187903, 51.982420746490014], [-0.211853796876215, 51.98349376479303], [-0.209154564941715, 51.98362359113202], [-0.207612904660786, 51.98284482706592], [-0.204879914813105, 51.98163426586588], [-0.206227655401988, 51.97851667061339], [-0.200469300099809, 51.983410264151054], [-0.196501801565919, 51.98611004808169], [-0.191124142615768, 51.988734097722904], [-0.187686948443234, 51.9887352031659]]}}, {"type": "Feature", "properties": {"route": "29", "route_name": "", "route_id": "4279", "agency": "Arriva Herts and Essex", "agency_id": "OP50", "geometry_source": "GTFS stop sequence"}, "geometry": {"type": "LineString", "coordinates": [[0.714633531, 51.5364740004], [0.7141100073, 51.5385816474], [0.7148106074, 51.5401752984], [0.7186270928, 51.541534862], [0.7185009526, 51.5428058959], [0.7179935044, 51.5446973384], [0.7151414958, 51.5481540224], [0.7149935788, 51.5507566178], [0.7220233523, 51.5513131538], [0.7258909988, 51.5523025599], [0.7278873545, 51.5504663955], [0.7310938628, 51.5512551587], [0.7351256504, 51.5516108799], [0.7346766155, 51.5547061907]]}}, {"type": "Feature", "properties": {"route": "8", "route_name": "", "route_id": "115695", "agency": "Arriva Herts and Essex", "agency_id": "OP50", "geometry_source": "GTFS stop sequence"}, "geometry": {"type": "LineString", "coordinates": [[0.9186438535, 51.9106900629], [0.9194651829, 51.9114701104], [0.9228093724, 51.9123583648], [0.9232812489, 51.9133539231], [0.9219146742, 51.915375469], [0.9224527484, 51.9162704562], [0.9244147057, 51.9162486733], [0.9282796437, 51.9168630122], [0.9294212042, 51.9187592226], [0.9276847951, 51.9209069624], [0.9259225171, 51.9226595989], [0.9212929349, 51.923044474], [0.9165334367, 51.921651655], [0.9125932619, 51.9205531368], [0.9097510838, 51.9195622354], [0.902913814, 51.9159358834], [0.9008591065, 51.9149703016], [0.8998197518, 51.9137368299], [0.9021222071, 51.9122320761], [0.9004815289, 51.9095654794], [0.9028383136, 51.9082302469], [0.9008025933, 51.9041704044], [0.8962868482, 51.9022311598], [0.8955596106, 51.901322728], [0.8951143449, 51.8993730892], [0.8956884495, 51.8960942837], [0.8959525126, 51.8945498778], [0.8963454427, 51.8929753164], [0.8997590263, 51.8897794083], [0.9042148144, 51.8890039228], [0.9037962295, 51.885668636], [0.9037209088, 51.8811197259], [0.9072084946, 51.8784164051], [0.9085154915, 51.8763785028], [0.9089955659, 51.8727871592], [0.9105825848, 51.8701397275], [0.9082942881, 51.8691261088], [0.9068475292, 51.8665177564], [0.9068321467, 51.8638020564], [0.9056315591, 51.8616282914], [0.9053492198, 51.8604031395], [0.9067316935, 51.8593167099]]}}, {"type": "Feature", "properties": {"route": "2", "route_name": "", "route_id": "115649", "agency": "Arriva Herts and Essex", "agency_id": "OP50", "geometry_source": "GTFS stop sequence"}, "geometry": {"type": "LineString", "coordinates": [[-0.490829686496267, 51.74282655619503], [-0.486140911896776, 51.74313492045342], [-0.479238385146626, 51.74423273043472], [-0.473981411857074, 51.746781213529296], [-0.473738050666018, 51.748414565434125], [-0.472429120615024, 51.752003281237286], [-0.472717476482068, 51.754192039847325], [-0.472846177479619, 51.75681932144735], [-0.470107467688882, 51.758114496046936], [-0.466640431604914, 51.75866278001591], [-0.462373643769471, 51.76014464397885], [-0.463098690734184, 51.76183559538276], [-0.461337996617958, 51.76460901574279], [-0.461149935306598, 51.76545178422215], [-0.458767513546845, 51.76647261429676], [-0.457504989670999, 51.77034950817564], [-0.458462303786322, 51.772879770562845], [-0.455828838381057, 51.77402313520205], [-0.453293092476725, 51.7735761774486], [-0.448953837834231, 51.77288958004794], [-0.447378729215339, 51.771484048499225], [-0.44256906486474, 51.77352451277508], [-0.436866592506121, 51.77538206942396], [-0.434779026769551, 51.77748535534953]]}}, {"type": "Feature", "properties": {"route": "56", "route_name": "", "route_id": "12152501", "agency": "Arriva Herts and Essex", "agency_id": "OP50", "geometry_source": "GTFS stop sequence"}, "geometry": {"type": "LineString", "coordinates": [[-0.276383335017196, 51.94963098065864], [-0.270506239535747, 51.95072270992982], [-0.263639047346283, 51.9533281472211], [-0.260713318708404, 51.954849526956544], [-0.256101690359762, 51.95705622419043], [-0.250781952918469, 51.95949500194949], [-0.243425227854553, 51.9641331268738], [-0.237974833080765, 51.96800806478333], [-0.239537634395085, 51.96936222152855], [-0.24093815086768, 51.97226051428217], [-0.239963623545374, 51.97335193776716], [-0.240025306009862, 51.97660787362481], [-0.237174160892485, 51.977653227875784], [-0.229946643043803, 51.97963988902716], [-0.229541954646396, 51.97882454720122], [-0.227565290336888, 51.977257220697275], [-0.224018758942941, 51.98041384554032], [-0.222738413160483, 51.981122861858104], [-0.216993264187903, 51.982420746490014], [-0.211853796876215, 51.98349376479303], [-0.209154564941715, 51.98362359113202], [-0.207612904660786, 51.98284482706592], [-0.204879914813105, 51.98163426586588], [-0.20709714491597, 51.977891495548526], [-0.210318277931566, 51.97634894972844], [-0.210916461474238, 51.9748564117115], [-0.213207452430823, 51.973263684940214], [-0.213272368525801, 51.97089983015377], [-0.210289383909916, 51.96976652134313], [-0.206157360517615, 51.96824697218528], [-0.202747058446586, 51.9679791637321], [-0.201183633199657, 51.9692141420699], [-0.201497097500678, 51.971565790964135], [-0.197937138056622, 51.972482476836355], [-0.205274866939623, 51.96592263083081], [-0.198671613497465, 51.961065123320815], [-0.206645491558793, 51.946170510512054], [-0.210325844746915, 51.934860840649726], [-0.21006197240031, 51.929794419497135], [-0.207988570442844, 51.92707430717008], [-0.20924238322043, 51.924440792230385], [-0.212554883352898, 51.923061438875735], [-0.208549475934684, 51.91919698438016], [-0.208645249999951, 51.916060280385686], [-0.208326320240566, 51.912018074713615], [-0.205531747214804, 51.9080820122422], [-0.205742947556378, 51.90132333210855]]}}, {"type": "Feature", "properties": {"route": "29", "route_name": "", "route_id": "4279", "agency": "Arriva Herts and Essex", "agency_id": "OP50", "geometry_source": "GTFS stop sequence"}, "geometry": {"type": "LineString", "coordinates": [[0.6370227323, 51.5667185528], [0.6405043857, 51.5652911965], [0.6423655414, 51.5645387939], [0.6428869095, 51.5615861616], [0.648001006, 51.5589616131], [0.6517559457, 51.5597671375], [0.6563475775, 51.5603197633], [0.6599316248, 51.5594291142], [0.6634264497, 51.5584954125], [0.6671521272, 51.5558385815], [0.6682008743, 51.5537911699], [0.6710091424, 51.5532146107], [0.6742288502, 51.5503082536], [0.6783417132, 51.5508259608], [0.6825333101, 51.5509639915], [0.6866018482, 51.5507269596], [0.6904942839, 51.5504398646], [0.6952324402, 51.5498184288], [0.6988957881, 51.5498061275], [0.7021871489, 51.5505757373], [0.7056404561, 51.5479958799], [0.7087503202, 51.5442546735], [0.7119019001, 51.5414657433], [0.7141004776, 51.5391484699], [0.714633531, 51.5364740004]]}}, {"type": "Feature", "properties": {"route": "66", "route_name": "", "route_id": "5657", "agency": "Arriva Herts and Essex", "agency_id": "OP50", "geometry_source": "GTFS stop sequence"}, "geometry": {"type": "LineString", "coordinates": [[0.0550361974, 51.6419525213], [0.0597493754, 51.6435785154], [0.06381598, 51.6449638974], [0.0684044677, 51.6482823439], [0.0725534838, 51.6482901096], [0.0777394015, 51.6469484798], [0.0801706948, 51.6476428207], [0.0783825951, 51.6499496134], [0.0717216644, 51.6541409738], [0.0700076241, 51.6552323283], [0.0679098476, 51.6558358248], [0.0669974356, 51.6592960425], [0.0659425944, 51.6624889797], [0.0643275181, 51.6679938474], [0.0602368868, 51.6753676268], [0.0532164411, 51.6758862516], [0.0424126189, 51.6784756436], [0.0389389246, 51.678428094], [0.0306920088, 51.6796770599], [0.0253330905, 51.6811454487], [0.0238938172, 51.6839039727], [0.0213591273, 51.6851346305], [0.0177213368, 51.6840101782], [0.0138782585, 51.6851012796], [0.0077104247, 51.6869514128], [0.0047515285, 51.6864534164], [0.0013089191, 51.6864671659], [-0.0004062427, 51.685956833], [-0.003763324, 51.6865984481], [-0.0089570377, 51.6869294036], [-0.013872469212281, 51.68634718044007], [-0.020067430450883, 51.685615481515754], [-0.027569515527897, 51.68542697528258], [-0.031124614571783, 51.6855136021851]]}}, {"type": "Feature", "properties": {"route": "SB1", "route_name": "", "route_id": "57061", "agency": "Arriva Herts and Essex", "agency_id": "OP50", "geometry_source": "GTFS stop sequence"}, "geometry": {"type": "LineString", "coordinates": [[-0.170984921618029, 51.913556761001324], [-0.169165470520675, 51.911460328360896], [-0.171202742059927, 51.90891132306903], [-0.166504113999811, 51.90612264877467], [-0.165491386923804, 51.90421855916908], [-0.168434308315279, 51.901557827857516], [-0.173528026210014, 51.89997349186787], [-0.191666963151983, 51.89928250975438], [-0.2007536468973, 51.898864298787295], [-0.205742947556378, 51.90132333210855]]}}, {"type": "Feature", "properties": {"route": "SB40", "route_name": "", "route_id": "57064", "agency": "Arriva Herts and Essex", "agency_id": "OP50", "geometry_source": "GTFS stop sequence"}, "geometry": {"type": "LineString", "coordinates": [[-0.204866113163265, 51.90107617016882], [-0.200770492430218, 51.899170281042025], [-0.193886960502184, 51.8993795476222], [-0.181578754683711, 51.89534144638116], [-0.183314255234652, 51.8923109971353], [-0.178247966849856, 51.89181004679741], [-0.17195476373394, 51.892180025171214], [-0.169154593436101, 51.892064552903996], [-0.169207977197272, 51.888963160223874], [-0.171515402849266, 51.884386168063635], [-0.170511392861037, 51.880126354891665], [-0.174484801755948, 51.87995428270336], [-0.179183433091922, 51.881609676871555], [-0.185472444333522, 51.8831095798324], [-0.187805654762516, 51.88542949218883], [-0.188071682500317, 51.88893145152944], [-0.1924035200056, 51.89034686778311], [-0.203027149883561, 51.88997007603191], [-0.206721447225807, 51.89354227222457], [-0.208734002128212, 51.89556013622759], [-0.213045543993171, 51.899717000355174], [-0.213988553821159, 51.90342698073999], [-0.205742947556378, 51.90132333210855]]}}, {"type": "Feature", "properties": {"route": "9", "route_name": "", "route_id": "41029", "agency": "Arriva Herts and Essex", "agency_id": "OP50", "geometry_source": "GTFS stop sequence"}, "geometry": {"type": "LineString", "coordinates": [[0.6004633238, 51.5893528825], [0.6056695298, 51.5864763792], [0.6084481618, 51.5870981322], [0.6066407713, 51.5857892879], [0.6082340817, 51.5836134335], [0.6141064528, 51.581045495], [0.6195504326, 51.579071399], [0.6263454394, 51.5772556684], [0.629371419, 51.5766662574], [0.6363095171, 51.5743430981], [0.6390309551, 51.5729868366], [0.6454574609, 51.5708185312], [0.6510026922, 51.5698839167], [0.6529727116, 51.5705048977], [0.6531991623, 51.5726582254], [0.6583343306, 51.5728567329], [0.6651261178, 51.5717672826], [0.6674722077, 51.5711653455], [0.6691601046, 51.5711539288], [0.6705488189, 51.5714550812], [0.6738037015, 51.5710931354], [0.6751662222, 51.5699648515], [0.6759180894, 51.5687605483], [0.6761735869, 51.5674596432], [0.6796363835, 51.5669578845], [0.6796957616, 51.5667406818], [0.6818653139, 51.5641279199], [0.6910083928, 51.5657442031], [0.6952382423, 51.5657729899], [0.6998223498, 51.5666658517], [0.7019120549, 51.5658892471], [0.6966171807, 51.5622517691], [0.7021227516, 51.5623858708], [0.703540451, 51.5600148542], [0.7016900475, 51.5572784604], [0.7014175564, 51.5558457551], [0.7012929522, 51.5539869415], [0.7026378579, 51.5518514429], [0.7056404561, 51.5479958799], [0.7087503202, 51.5442546735], [0.7119019001, 51.5414657433], [0.7141004776, 51.5391484699], [0.7147508814, 51.5365072583]]}}, {"type": "Feature", "properties": {"route": "M2", "route_name": "", "route_id": "9780", "agency": "Arriva Herts and Essex", "agency_id": "OP50", "geometry_source": "GTFS stop sequence"}, "geometry": {"type": "LineString", "coordinates": [[-0.031333805692274, 51.81096890234209], [-0.028255103206091, 51.81004506587813], [-0.02290720242002, 51.809928282057676], [-0.021714208316412, 51.8119944151803], [-0.018861813069754, 51.812198170142466], [-0.016838272593499, 51.814340179790996], [-0.021373095420204, 51.81713223540575], [-0.025265468765069, 51.81604666533913], [-0.027812290720576, 51.818526304305706], [-0.031689763766927, 51.818114688501716], [-0.036830815752167, 51.822678756902995], [-0.040849687194443, 51.82068657009451], [-0.041415863967591, 51.81867275579058], [-0.040433069527451, 51.816911892714984], [-0.038531608213613, 51.81358903763606], [-0.034330855705765, 51.8131052424419], [-0.031333805692274, 51.81096890234209], [-0.028074561158972, 51.808531342256465]]}}, {"type": "Feature", "properties": {"route": "20", "route_name": "", "route_id": "52774", "agency": "Arriva Herts and Essex", "agency_id": "OP50", "geometry_source": "GTFS stop sequence"}, "geometry": {"type": "LineString", "coordinates": [[-0.396903953778616, 51.655430868535426], [-0.40153682013479, 51.654828607353124], [-0.400931690490032, 51.65148432620514], [-0.403939795101114, 51.64979877754995], [-0.40759868007841, 51.648922269583615], [-0.410232225728233, 51.649668320889106], [-0.4143592684423, 51.64862709115324], [-0.41761693365465, 51.64639605074419]]}}, {"type": "Feature", "properties": {"route": "8", "route_name": "", "route_id": "115553", "agency": "Arriva Herts and Essex", "agency_id": "OP50", "geometry_source": "GTFS stop sequence"}, "geometry": {"type": "LineString", "coordinates": [[0.6004633238, 51.5893528825], [0.6056695298, 51.5864763792], [0.6097010364, 51.588302371], [0.6125257983, 51.5912343193], [0.6138680432, 51.592985125], [0.6206298295, 51.5955682904], [0.6230904625, 51.596421641], [0.6297483471, 51.5981882051], [0.6342298725, 51.6007677245], [0.640598268, 51.6010112871], [0.6448750256, 51.6007980391], [0.6482038441, 51.6016672674], [0.6554632305, 51.6015841306], [0.6576088208, 51.6022190562], [0.6584817442, 51.6005984346], [0.661646057, 51.5984042203], [0.6656236116, 51.5972796597], [0.6652557075, 51.594203237], [0.6639164271, 51.5922910525], [0.6679046287, 51.5898800903], [0.6708540906, 51.5911799967], [0.6753603807, 51.5934156408], [0.6810948502, 51.5949215558], [0.6836153497, 51.5945671394], [0.6880615799, 51.5957694157], [0.6932102241, 51.5956603272], [0.6980253883, 51.5935800928], [0.6990834024, 51.589994293], [0.7001449208, 51.5869570095], [0.7041915041, 51.5858115454], [0.7079970036, 51.5825580052], [0.7073818642, 51.578767903], [0.7069403391, 51.573768644], [0.7063478633, 51.569384431], [0.7019120549, 51.5658892471], [0.6966171807, 51.5622517691], [0.6959455027, 51.5591913907], [0.695433146, 51.5573594735], [0.6947723696, 51.5559446714], [0.6933006605, 51.5525249251], [0.6866412906, 51.5531093653], [0.6944232563, 51.5527239795], [0.6979263431, 51.5521937614], [0.7021871489, 51.5505757373], [0.7056404561, 51.5479958799], [0.7087503202, 51.5442546735], [0.7119019001, 51.5414657433], [0.7141004776, 51.5391484699], [0.7149557101, 51.5365564781], [0.7147748725, 51.5364257597]]}}, {"type": "Feature", "properties": {"route": "M5", "route_name": "", "route_id": "41879", "agency": "Arriva Herts and Essex", "agency_id": "OP50", "geometry_source": "GTFS stop sequence"}, "geometry": {"type": "LineString", "coordinates": [[-0.027937039660009, 51.80869089595227], [-0.030065951658718, 51.81043510950414], [-0.034016892216427, 51.8116522449586], [-0.034478955929179, 51.81303578050528], [-0.03723792594695, 51.814313803198004], [-0.038773876016667, 51.81636268127975], [-0.03770918330861, 51.818494056656256], [-0.037025000920914, 51.81587489445601], [-0.038531608213613, 51.81358903763606], [-0.034330855705765, 51.8131052424419], [-0.031333805692274, 51.81096890234209]]}}, {"type": "Feature", "properties": {"route": "323", "route_name": "", "route_id": "86897", "agency": "Arriva Herts and Essex", "agency_id": "OP50", "geometry_source": "GTFS stop sequence"}, "geometry": {"type": "LineString", "coordinates": [[-0.204203170406151, 51.80245118471828], [-0.203764442658855, 51.803271749997876], [-0.199852106823018, 51.80244759255344], [-0.199902407757662, 51.79936409305295], [-0.201068691131847, 51.7970260285874], [-0.202776441047649, 51.79456135017127], [-0.203821825536247, 51.789784564725494], [-0.20620736189052, 51.78630509594437], [-0.202155472851506, 51.78537996265595], [-0.19562218881553, 51.78378718336811], [-0.191177616867975, 51.78362895896956], [-0.187509968974509, 51.78470547000977], [-0.184874647528471, 51.788594346947285], [-0.182661684318381, 51.78954029463858], [-0.178479276486305, 51.79041973463192], [-0.176226261606807, 51.790555654298785], [-0.171797011322486, 51.79072065322852], [-0.109046985755819, 51.80301847356074], [-0.104354979087114, 51.80457049543141], [-0.101976273114497, 51.80284159452938], [-0.101778182334818, 51.79996090664731], [-0.100588149184108, 51.79894355695982], [-0.098803212910386, 51.798968658988954], [-0.091863401289301, 51.79948568105362], [-0.088653982103197, 51.797527206510765], [-0.082695954074291, 51.796441050754275], [-0.079852018111522, 51.79681726846792], [-0.076492346674306, 51.79772451214325], [-0.072567388205842, 51.798280690751184], [-0.065479032860707, 51.79887465008703], [-0.061025386867729, 51.79991631530166], [-0.052352266779376, 51.802272788681336], [-0.046949129097274, 51.80412547493161], [-0.044367384814369, 51.804792944486934], [-0.038337000998778, 51.807713870157876], [-0.030344511998876, 51.808371562642904], [-0.029391274627023, 51.810936360827824], [-0.028373675247324, 51.813311234882676], [-0.025591461621456, 51.816222992244164]]}}, {"type": "Feature", "properties": {"route": "380", "route_name": "", "route_id": "2404", "agency": "Arriva Herts and Essex", "agency_id": "OP50", "geometry_source": "GTFS stop sequence"}, "geometry": {"type": "LineString", "coordinates": [[-0.109533874432071, 51.70845524207226], [-0.114472859612987, 51.70872345481481], [-0.116339333980381, 51.7108306099761], [-0.125592131186992, 51.71319968913579], [-0.118025905834089, 51.729129887797], [-0.124681666322549, 51.74570105187053], [-0.129900655273089, 51.75402106933848], [-0.136045911456988, 51.771914193769426], [-0.137762660173621, 51.781616954243546], [-0.126961746812051, 51.78582452788898], [-0.12140075859456, 51.78985419661278], [-0.107801621213132, 51.790499342211334], [-0.106569549258203, 51.792565686561225], [-0.093836155197465, 51.79432020748354], [-0.08874675167889, 51.79567632599246], [-0.082695954074291, 51.796441050754275], [-0.079852018111522, 51.79681726846792], [-0.076713522404532, 51.79797991200934]]}}, {"type": "Feature", "properties": {"route": "SB1", "route_name": "", "route_id": "57061", "agency": "Arriva Herts and Essex", "agency_id": "OP50", "geometry_source": "GTFS stop sequence"}, "geometry": {"type": "LineString", "coordinates": [[-0.15819110754245, 51.9096165868224], [-0.161373312774511, 51.910727395530934], [-0.164074351011443, 51.91187557127534], [-0.162432609156091, 51.91327067294857], [-0.15986432967978, 51.915631388807135], [-0.162476150008442, 51.916121793415726], [-0.165243968987507, 51.916353806034145], [-0.17030550932353, 51.91560534908099], [-0.170984921618029, 51.913556761001324], [-0.169165470520675, 51.911460328360896], [-0.171202742059927, 51.90891132306903], [-0.166504113999811, 51.90612264877467], [-0.165491386923804, 51.90421855916908], [-0.168434308315279, 51.901557827857516], [-0.173528026210014, 51.89997349186787], [-0.191666963151983, 51.89928250975438], [-0.2007536468973, 51.898864298787295], [-0.205742947556378, 51.90132333210855]]}}, {"type": "Feature", "properties": {"route": "309", "route_name": "", "route_id": "7759", "agency": "Arriva Herts and Essex", "agency_id": "OP50", "geometry_source": "GTFS stop sequence"}, "geometry": {"type": "LineString", "coordinates": [[0.14291686939592, 51.858432472253114], [0.142659922173865, 51.85638688655653], [0.145544153395662, 51.854131166448326], [0.148728417265948, 51.85421691130875], [0.152281702610325, 51.8538192192432]]}}, {"type": "Feature", "properties": {"route": "308", "route_name": "", "route_id": "9112", "agency": "Arriva Herts and Essex", "agency_id": "OP50", "geometry_source": "GTFS stop sequence"}, "geometry": {"type": "LineString", "coordinates": [[-0.129900655273089, 51.75402106933848], [-0.124481602005437, 51.74563491361988], [-0.102699087981451, 51.759358074948885], [-0.095367977008332, 51.75761190434682], [-0.084326115374693, 51.75522934076062], [-0.084616169351726, 51.785007307258525], [-0.085893723341964, 51.78770779095094], [-0.080534461815976, 51.79030907317722], [-0.0791279722099, 51.793379415346315], [-0.076713522404532, 51.79797991200934]]}}, {"type": "Feature", "properties": {"route": "301", "route_name": "", "route_id": "7640", "agency": "Arriva Herts and Essex", "agency_id": "OP50", "geometry_source": "GTFS stop sequence"}, "geometry": {"type": "LineString", "coordinates": [[-0.22629271812335, 51.76216047705328], [-0.222473626903253, 51.763469576597984], [-0.216772840548016, 51.76177364412848], [-0.215443428460445, 51.7635159138167], [-0.214136149481288, 51.767632411675834], [-0.208469788430973, 51.7709182111573], [-0.20531370444558, 51.77411620439471], [-0.202155472851506, 51.78537996265595], [-0.19562218881553, 51.78378718336811], [-0.191177616867975, 51.78362895896956], [-0.187509968974509, 51.78470547000977], [-0.184015917689996, 51.78506518279144], [-0.179595946661373, 51.78573417262587], [-0.17728484721933, 51.787676621046344], [-0.17776269898087, 51.79164953669903], [-0.182051449987817, 51.79498005563083], [-0.186442583757826, 51.79613591329372], [-0.19008284324523, 51.79866482501515], [-0.193903651757289, 51.80031517360743], [-0.199973795397692, 51.802305583002614], [-0.204390180028189, 51.80249000898457], [-0.208857524987568, 51.80504893977312], [-0.20582927560311, 51.80788920994068], [-0.203899379028763, 51.81228382095708], [-0.20427137337577, 51.81496912355941], [-0.208854258450182, 51.81720609453303], [-0.209472026927131, 51.8199220959703], [-0.202306171562022, 51.821332417278995], [-0.201749058371066, 51.82220511613353], [-0.203738778852124, 51.82434864661293], [-0.211217035120164, 51.82715124124323], [-0.213799542704834, 51.824232129759686], [-0.215157724529509, 51.82474731067607], [-0.214830050671917, 51.827529853109105], [-0.214534337179786, 51.83133796475022], [-0.21230456194358, 51.83267087295275], [-0.210846032697683, 51.83358385958492], [-0.200073568550097, 51.83912040763121], [-0.193858744543793, 51.8420734180114], [-0.188929422086393, 51.84553147172948], [-0.185343505526763, 51.84769722419549], [-0.1813315300942, 51.852859606828176], [-0.182200547948078, 51.855076076658015], [-0.183494603355624, 51.858279229014556], [-0.183675202995235, 51.8610065868447], [-0.184407429810911, 51.86734823737161], [-0.188148758106519, 51.87219863259912], [-0.190748991427809, 51.88305595825742], [-0.19294291678534, 51.88487007710902], [-0.197321946187906, 51.88873184217032], [-0.200458192199059, 51.892799235350594], [-0.206583432620046, 51.90211843887998], [-0.207536077606824, 51.909955893244764], [-0.208569762439995, 51.91211169937128], [-0.211273256445702, 51.91652286888518], [-0.214593210070222, 51.92153678561869], [-0.212554883352898, 51.923061438875735]]}}, {"type": "Feature", "properties": {"route": "29", "route_name": "", "route_id": "4279", "agency": "Arriva Herts and Essex", "agency_id": "OP50", "geometry_source": "GTFS stop sequence"}, "geometry": {"type": "LineString", "coordinates": [[0.7346766155, 51.5547061907], [0.7352947497, 51.5515439799], [0.7310895577, 51.5511833094], [0.727665894, 51.5503816098], [0.7248377248, 51.5523000564], [0.7208494902, 51.5512234767], [0.7154236178, 51.5507106864], [0.7146888051, 51.5499992114], [0.7158824532, 51.5475163013], [0.7181487894, 51.5448826064], [0.7186327255, 51.5428388157], [0.7187710668, 51.5412886945], [0.7141004776, 51.5391484699], [0.7150527071, 51.5360056174]]}}, {"type": "Feature", "properties": {"route": "511", "route_name": "", "route_id": "107026", "agency": "Arriva Herts and Essex", "agency_id": "OP50", "geometry_source": "GTFS stop sequence"}, "geometry": {"type": "LineString", "coordinates": [[0.183187517631495, 51.87370738264354], [0.179579773021742, 51.87480841731606], [0.173660851011711, 51.875889123545164], [0.169863931919036, 51.87488013532791], [0.167661182696966, 51.87076625304933], [0.163652861574299, 51.86927537285433], [0.163269603402518, 51.867645802954016], [0.160812475490598, 51.86729530202672], [0.162565532662075, 51.864475434870485], [0.163396583773302, 51.86363284944243], [0.164402825715828, 51.86069179932913], [0.16434229648967, 51.85912823106912], [0.16283596775051, 51.85860740326677], [0.159080592437211, 51.86025007602181], [0.156886887268605, 51.86145034740368], [0.153511314222893, 51.86132336091871], [0.151271408659101, 51.86095070085507], [0.148463904827408, 51.86055239833112], [0.145511540539509, 51.8626026038635], [0.143151270892459, 51.86214206075413], [0.142301911667282, 51.86046696422432], [0.14291686939592, 51.858432472253114], [0.142659922173865, 51.85638688655653], [0.145544153395662, 51.854131166448326], [0.148728417265948, 51.85421691130875], [0.154619905279156, 51.852913133474786], [0.161498998894677, 51.85192363040375], [0.160147131266693, 51.84855832160933], [0.154547570612099, 51.84744706413696]]}}, {"type": "Feature", "properties": {"route": "301", "route_name": "", "route_id": "7640", "agency": "Arriva Herts and Essex", "agency_id": "OP50", "geometry_source": "GTFS stop sequence"}, "geometry": {"type": "LineString", "coordinates": [[-0.212554883352898, 51.923061438875735], [-0.214812830086871, 51.922232489706126], [-0.210490909088525, 51.91571969158927], [-0.208326320240566, 51.912018074713615], [-0.205531747214804, 51.9080820122422], [-0.205066266646378, 51.90116015036039], [-0.199912216574873, 51.89227834522639], [-0.197327119974508, 51.888965711373366], [-0.193630698850498, 51.885474105722764], [-0.190329240499241, 51.88265385762892], [-0.18726234264363, 51.87148360510384], [-0.184183861384808, 51.86712897956233], [-0.18337521884487, 51.861964095902664], [-0.183532422202235, 51.85914304297036], [-0.181978136320842, 51.8548298557364], [-0.18112909762347, 51.852838492773785], [-0.185451939635199, 51.84752804922398], [-0.18860553574511, 51.8456433800331], [-0.193088748788635, 51.84208856717652], [-0.201726093728075, 51.8380846316707], [-0.211887387656415, 51.83294328235331], [-0.214258750306498, 51.83133378053077], [-0.214531588245752, 51.827003786945575], [-0.214908277457677, 51.82518413193171], [-0.213522783896241, 51.824992244997794], [-0.210707446510146, 51.827925792167626], [-0.203889009942608, 51.82458473329171], [-0.202469620057641, 51.82123600373281], [-0.209913211154269, 51.819407276642345], [-0.209294495005426, 51.81744659152816], [-0.202631172900303, 51.814989024280436], [-0.203521349317231, 51.81230502209154], [-0.204846269120729, 51.808899296904244], [-0.206251442221487, 51.80492828282569], [-0.204203170406151, 51.80245118471828], [-0.203764442658855, 51.803271749997876], [-0.199852106823018, 51.80244759255344], [-0.194441157507913, 51.800656134953954], [-0.18989370284175, 51.798679897313924], [-0.185599397612706, 51.79582616563001], [-0.180336231669216, 51.794719726816915], [-0.17725404809252, 51.79095825349332], [-0.177267821429044, 51.78737961827619], [-0.179953464764351, 51.78549692202911], [-0.183235651951941, 51.78499917447961], [-0.18805787345586, 51.78405749469361], [-0.191599956578612, 51.783581504234526], [-0.197020831670022, 51.78397949201791], [-0.203798736398467, 51.78562089116205], [-0.204314377923391, 51.77446062557825], [-0.208523919096089, 51.7706492740149], [-0.211341181123852, 51.76867795396193], [-0.215638038504977, 51.76372568607792], [-0.217344344888855, 51.76198013908143], [-0.221602881177392, 51.76276401590679], [-0.227721504700065, 51.761939243983726], [-0.233373675533174, 51.76117908090318], [-0.235792201098773, 51.76010039277624], [-0.240746958385576, 51.75975203284664]]}}, {"type": "Feature", "properties": {"route": "308", "route_name": "", "route_id": "9112", "agency": "Arriva Herts and Essex", "agency_id": "OP50", "geometry_source": "GTFS stop sequence"}, "geometry": {"type": "LineString", "coordinates": [[-0.109533874432071, 51.70845524207226], [-0.114472859612987, 51.70872345481481], [-0.116339333980381, 51.7108306099761], [-0.125592131186992, 51.71319968913579], [-0.118025905834089, 51.729129887797], [-0.124681666322549, 51.74570105187053], [-0.129900655273089, 51.75402106933848], [-0.124481602005437, 51.74563491361988], [-0.102699087981451, 51.759358074948885], [-0.095367977008332, 51.75761190434682], [-0.084326115374693, 51.75522934076062], [-0.084616169351726, 51.785007307258525], [-0.085893723341964, 51.78770779095094], [-0.080534461815976, 51.79030907317722], [-0.0791279722099, 51.793379415346315], [-0.076713522404532, 51.79797991200934]]}}, {"type": "Feature", "properties": {"route": "323", "route_name": "", "route_id": "86897", "agency": "Arriva Herts and Essex", "agency_id": "OP50", "geometry_source": "GTFS stop sequence"}, "geometry": {"type": "LineString", "coordinates": [[-0.204548556516337, 51.80251940367969], [-0.208857524987568, 51.80504893977312], [-0.20582927560311, 51.80788920994068], [-0.201665011901977, 51.81192595746802]]}}, {"type": "Feature", "properties": {"route": "56", "route_name": "", "route_id": "12152501", "agency": "Arriva Herts and Essex", "agency_id": "OP50", "geometry_source": "GTFS stop sequence"}, "geometry": {"type": "LineString", "coordinates": [[-0.204680487347896, 51.9009924112725], [-0.206583432620046, 51.90211843887998], [-0.207536077606824, 51.909955893244764], [-0.208569762439995, 51.91211169937128], [-0.211273256445702, 51.91652286888518], [-0.214593210070222, 51.92153678561869], [-0.212800535372366, 51.92310113664621], [-0.209204046765788, 51.92357699058969], [-0.208106005905056, 51.927777459698504], [-0.21009987353001, 51.928841859798254], [-0.210638765271397, 51.93540510830722], [-0.207113838808039, 51.94573704458623], [-0.19880613220866, 51.96097726312711], [-0.209220302782768, 51.96663910525524], [-0.210289383909916, 51.96976652134313], [-0.206157360517615, 51.96824697218528], [-0.202747058446586, 51.9679791637321], [-0.201183633199657, 51.9692141420699], [-0.201497097500678, 51.971565790964135], [-0.204948603681328, 51.9708091971893], [-0.209476778865273, 51.969700216495355], [-0.213474632991879, 51.97093886631233], [-0.21238096036557, 51.97427620407217], [-0.210437227891549, 51.97519081730931], [-0.209808710565107, 51.97707853026853], [-0.207057678095524, 51.97887999098322], [-0.207612904660786, 51.98284482706592], [-0.204879914813105, 51.98163426586588], [-0.209044731179827, 51.983091406025714], [-0.21234229677173, 51.983294370642966], [-0.217232183411074, 51.9822715036621], [-0.223096574847509, 51.98090347273095], [-0.227182734258726, 51.979939998480084], [-0.230111679759267, 51.979516485027816], [-0.237886406905566, 51.977313209832346], [-0.239941870285615, 51.97650771732808], [-0.239787255658508, 51.97339426024641], [-0.240143988029198, 51.97246444988817], [-0.238575768213864, 51.968646479302684], [-0.238106181975274, 51.96688605980227], [-0.243559525615624, 51.9636765504598], [-0.250861679645331, 51.95931635119834], [-0.255196276763876, 51.95751038126073], [-0.257851666527732, 51.95546361540594], [-0.262137017417351, 51.95453785569641], [-0.263445148924336, 51.9530735182618], [-0.271150436186943, 51.95251253768885], [-0.27382738758315, 51.9536667931727], [-0.275683715735607, 51.952695912135255], [-0.276383335017196, 51.94963098065864]]}}, {"type": "Feature", "properties": {"route": "55", "route_name": "", "route_id": "7152", "agency": "Arriva Herts and Essex", "agency_id": "OP50", "geometry_source": "GTFS stop sequence"}, "geometry": {"type": "LineString", "coordinates": [[-0.227238628318945, 51.99069497489078], [-0.230372323877738, 51.98915955746535], [-0.233750237337254, 51.98881463016952], [-0.236074967049173, 51.98932603478873], [-0.237270911799126, 51.99187960999482], [-0.234740744046941, 51.9928847538738], [-0.232719512891724, 51.99316915152082], [-0.230939099657985, 51.9947339585447], [-0.226818640324498, 51.99432131597728], [-0.222424593264554, 51.99309514255681], [-0.221394037720684, 51.99190166443551], [-0.222061201388962, 51.98792839241031], [-0.221908760935012, 51.98589395411586], [-0.223331730405191, 51.98342471378866], [-0.223934203897719, 51.98181528506338], [-0.227182734258726, 51.979939998480084]]}}, {"type": "Feature", "properties": {"route": "C1", "route_name": "", "route_id": "27152", "agency": "Arriva Herts and Essex", "agency_id": "OP50", "geometry_source": "GTFS stop sequence"}, "geometry": {"type": "LineString", "coordinates": [[-0.109533874432071, 51.70845524207226], [-0.099301873312855, 51.70911743102816], [-0.093474413333462, 51.709670447317905], [-0.088677884504057, 51.711516858562824], [-0.092150394366127, 51.71464866566384], [-0.094553222808245, 51.71671991737501], [-0.090878388142293, 51.72491517140111], [-0.084129898243515, 51.724598499578306], [-0.078880627002409, 51.72273231202459], [-0.075937145137262, 51.72112847791229], [-0.070889502082631, 51.719984613874786], [-0.067801544170485, 51.71940332326188], [-0.065002740638216, 51.71849399804627], [-0.060411694492658, 51.717519060785335], [-0.057121419471711, 51.7155852978091], [-0.05727659825627, 51.71432893801723], [-0.060418424929192, 51.71330177192135], [-0.060669903418918, 51.71182218949537], [-0.060885201780852, 51.708480596446975]]}}, {"type": "Feature", "properties": {"route": "725", "route_name": "", "route_id": "2898255", "agency": "Arriva Herts and Essex", "agency_id": "OP50", "geometry_source": "GTFS stop sequence"}, "geometry": {"type": "LineString", "coordinates": [[-0.4537, 51.47137], [-0.45126, 51.50342], [-0.45066, 51.52597], [-0.47078, 51.53658], [-0.47676, 51.54753], [-0.501249, 51.565948], [-0.499873, 51.581019], [-0.500024, 51.586515], [-0.513292569241419, 51.6134858294322], [-0.508921770662246, 51.62477827167246], [-0.499354462913072, 51.63145431436387], [-0.484496315312526, 51.635930322389086], [-0.471208617369325, 51.64046088422024], [-0.463318487372057, 51.64386477236277], [-0.441690428575675, 51.64700571253513], [-0.428385359557114, 51.65181896882815], [-0.410624027166737, 51.655824166623894], [-0.397083373432707, 51.65813092621136], [-0.396428845388537, 51.66315752453649]]}}, {"type": "Feature", "properties": {"route": "510A", "route_name": "", "route_id": "100793", "agency": "Arriva Herts and Essex", "agency_id": "OP50", "geometry_source": "GTFS stop sequence"}, "geometry": {"type": "LineString", "coordinates": [[0.2634314367, 51.8891685471], [0.2491035746, 51.8804688214], [0.2418951376, 51.8783942691], [0.2367577398, 51.8750029784], [0.2138566441, 51.8737276627], [0.215983985, 51.8812412843], [0.207004954, 51.894305263], [0.2023550239, 51.8955164563], [0.1987282765, 51.8947659816], [0.1932931206, 51.892394518], [0.1866023826, 51.8940837448], [0.1848071668, 51.8900345417], [0.17714869146153, 51.88583318002028], [0.168847303642097, 51.885150227037244], [0.165655779664619, 51.88284402379613], [0.16318857910637, 51.88109093907966], [0.159475837330231, 51.87759816586572], [0.158701236244472, 51.87507652754953], [0.161760309765909, 51.87161222718695], [0.163652861574299, 51.86927537285433], [0.163545349361375, 51.867640731181936], [0.160812475490598, 51.86729530202672], [0.162565532662075, 51.864475434870485], [0.163396583773302, 51.86363284944243], [0.164402825715828, 51.86069179932913], [0.16434229648967, 51.85912823106912], [0.163455570682778, 51.85578137736283], [0.159532610419497, 51.852706126156185], [0.157727583736953, 51.8513993850903], [0.154733580629084, 51.8473897015808], [0.157433711641752, 51.84161201571945], [0.156615578797059, 51.83785918934122], [0.155973882545713, 51.83020039757623], [0.153519340166532, 51.824688040886116], [0.149903049439381, 51.819142926894955], [0.14878336691777, 51.81604301191913], [0.14762166865128, 51.81327657463413], [0.145835989304577, 51.81050353156457], [0.141141989632419, 51.80696515225227], [0.136232238517624, 51.80314275060743], [0.132602720889826, 51.79969259742135], [0.1329896897, 51.7925275813], [0.1331198274, 51.7900612821], [0.1329737943, 51.7860442945], [0.1326330484, 51.7822016949], [0.1309913614, 51.7796686127], [0.125743628, 51.778441746], [0.1217355019, 51.7770573883], [0.1145835925, 51.7766377382], [0.1102509428, 51.7763649029], [0.1032405869, 51.7746201311], [0.0985957898, 51.7732373892], [0.0942468297, 51.7722898239]]}}, {"type": "Feature", "properties": {"route": "7", "route_name": "", "route_id": "28480", "agency": "Arriva Herts and Essex", "agency_id": "OP50", "geometry_source": "GTFS stop sequence"}, "geometry": {"type": "LineString", "coordinates": [[0.714633531, 51.5364740004], [0.7141100073, 51.5385816474], [0.7137832381, 51.5403609653], [0.7121542107, 51.5413429902], [0.7075841177, 51.5452619152], [0.7042857337, 51.5492322774], [0.7024299222, 51.5505341685], [0.6971654484, 51.5522562316], [0.6933006605, 51.5525249251], [0.6869571868, 51.5530841409], [0.6936665183, 51.5531011084], [0.6943296566, 51.5552893145], [0.6955370627, 51.5578967029], [0.6958216676, 51.5592931671], [0.6960790062, 51.5609600661], [0.6970417554, 51.563330235], [0.7013105562, 51.5657232295], [0.7061920048, 51.5691901672], [0.7068704068, 51.5740490604], [0.7072937777, 51.5792286108], [0.7067502753, 51.5822270351], [0.7020975917, 51.5826400848], [0.7002315274, 51.5862265343], [0.6986000097, 51.5906079846], [0.6973677463, 51.5946654523], [0.6969022305, 51.596312987], [0.6962165354, 51.5983882779], [0.6946898721, 51.6011394131], [0.6933916714, 51.6038493071], [0.6922986618, 51.6058799589], [0.6903028683, 51.6090105298], [0.6858682259, 51.6136538698], [0.6842040958, 51.6143394857], [0.6795586222, 51.6146884894], [0.6751553557, 51.6122797677], [0.6703824712, 51.6089799441], [0.6671772446, 51.6067864816], [0.6631998319, 51.6052130292], [0.6611016902, 51.6039116082], [0.6592037668, 51.6028214569], [0.6552065125, 51.6013920835], [0.6480955657, 51.6015438024], [0.6458229415, 51.6009565363], [0.6402592482, 51.600893008], [0.6341530791, 51.6006885074], [0.6289930002, 51.5976115643], [0.6231883067, 51.5963654926], [0.6206818251, 51.595468201], [0.6166313251, 51.5943354993], [0.6126957447, 51.591176574], [0.6084481618, 51.5870981322], [0.6066407713, 51.5857892879], [0.6004633238, 51.5893528825]]}}, {"type": "Feature", "properties": {"route": "8", "route_name": "", "route_id": "115553", "agency": "Arriva Herts and Essex", "agency_id": "OP50", "geometry_source": "GTFS stop sequence"}, "geometry": {"type": "LineString", "coordinates": [[0.8243231858, 51.5530041391], [0.8218994864, 51.551839324], [0.8183730587, 51.5522029403], [0.810094447, 51.5529412443], [0.8056353902, 51.5529220983], [0.8005684779, 51.5531061708], [0.7976956052, 51.5533096515], [0.7922329423, 51.5536287166], [0.7891899829, 51.5536471681], [0.7874683019, 51.5519163277], [0.7863644238, 51.5463664102], [0.7833948829, 51.544035591], [0.7842709158, 51.5418472887], [0.7815526371, 51.5396093902], [0.7801941237, 51.5369614579], [0.780108018, 51.5334199429], [0.7763035853, 51.5322779369], [0.7715132308, 51.5315188694], [0.7690962393, 51.531135281], [0.7683800639, 51.5352533567], [0.7668369561, 51.5364409827], [0.7626275818, 51.5369449539], [0.754683243, 51.5379323021], [0.7493695253, 51.5385426766], [0.7439621619, 51.5375990844], [0.740128558, 51.5359619364], [0.7360502212, 51.5357693715], [0.7326482213, 51.5355519112], [0.7288558125, 51.5353164577], [0.7252341918, 51.5352837676], [0.7224099138, 51.5350795632], [0.714633531, 51.5364740004], [0.7141100073, 51.5385816474], [0.7137832381, 51.5403609653], [0.7121542107, 51.5413429902], [0.7075841177, 51.5452619152], [0.7042857337, 51.5492322774], [0.7024299222, 51.5505341685], [0.6971654484, 51.5522562316], [0.6933006605, 51.5525249251], [0.6869571868, 51.5530841409], [0.6936665183, 51.5531011084], [0.6943296566, 51.5552893145], [0.6955370627, 51.5578967029], [0.6958216676, 51.5592931671], [0.6960790062, 51.5609600661], [0.6970417554, 51.563330235], [0.7013105562, 51.5657232295], [0.7061920048, 51.5691901672], [0.7068704068, 51.5740490604], [0.7072937777, 51.5792286108], [0.7067502753, 51.5822270351], [0.7020975917, 51.5826400848], [0.7002315274, 51.5862265343], [0.6986000097, 51.5906079846], [0.6973677463, 51.5946654523], [0.6927017887, 51.595609043], [0.6881726999, 51.595694921], [0.6833793308, 51.5944826024], [0.6805955649, 51.5947800746], [0.6755510078, 51.5934652547], [0.6704355961, 51.5909377043], [0.6670121292, 51.5894327196], [0.6638634793, 51.5923731965], [0.6659067015, 51.595456534], [0.6645819018, 51.5974921876], [0.6607047289, 51.5986054425], [0.6583498436, 51.6005654493], [0.6590700096, 51.6025097155], [0.6552065125, 51.6013920835]]}}, {"type": "Feature", "properties": {"route": "302", "route_name": "", "route_id": "12369042", "agency": "Arriva Herts and Essex", "agency_id": "OP50", "geometry_source": "GTFS stop sequence"}, "geometry": {"type": "LineString", "coordinates": [[-0.337028583910891, 51.753987107312234], [-0.33818360427169, 51.75567594664511], [-0.341394097035605, 51.75979464548567], [-0.34332065943016, 51.761791049476045], [-0.346644047262676, 51.76324058447249], [-0.350131344523584, 51.761392287632994], [-0.35236310087981, 51.758600126542746], [-0.355330174245721, 51.7547032151], [-0.356901246280436, 51.75333143890565], [-0.361016496716759, 51.74971119664185], [-0.365719692369669, 51.74784342374418], [-0.397553777132844, 51.7418885261145], [-0.405151605304831, 51.7416591754765], [-0.411764856628777, 51.74265691362621], [-0.416624999878466, 51.74367563194283], [-0.424971515619562, 51.74608071023444], [-0.427826282264421, 51.746883241103454], [-0.433041775227972, 51.74812183288861], [-0.435403499419162, 51.75146229942594], [-0.43774801040039, 51.75615126332201], [-0.438842392351426, 51.75970858983593], [-0.444439288774348, 51.75748987234155], [-0.446518616133842, 51.75769720830457], [-0.454364329469051, 51.756218074835914], [-0.459396809247908, 51.75522310651878], [-0.467858146516394, 51.75564841672725], [-0.470622301390852, 51.754884142716044], [-0.472281355561308, 51.75337710883868], [-0.472229418758919, 51.751910767506025], [-0.473683402411396, 51.74874655320307], [-0.473816383834508, 51.74694991541759]]}}, {"type": "Feature", "properties": {"route": "7", "route_name": "", "route_id": "28480", "agency": "Arriva Herts and Essex", "agency_id": "OP50", "geometry_source": "GTFS stop sequence"}, "geometry": {"type": "LineString", "coordinates": [[0.6554632305, 51.6015841306], [0.6576088208, 51.6022190562], [0.6609878787, 51.60394117], [0.6634025904, 51.6054692386], [0.6675882936, 51.6071458712], [0.6697277429, 51.6086530895], [0.6751755927, 51.6123782351], [0.6793774259, 51.6148005495], [0.6842964859, 51.6144363011], [0.6864150349, 51.6131287197], [0.6907896686, 51.6086935858], [0.6924530698, 51.6058044671], [0.6941617869, 51.6024646026], [0.695192577, 51.600849065], [0.6963212096, 51.5984488273], [0.6980253883, 51.5935800928], [0.6990834024, 51.589994293], [0.7001449208, 51.5869570095], [0.7041915041, 51.5858115454], [0.7079970036, 51.5825580052], [0.7073818642, 51.578767903], [0.7069403391, 51.573768644], [0.7063478633, 51.569384431], [0.7019120549, 51.5658892471], [0.6966171807, 51.5622517691], [0.6959455027, 51.5591913907], [0.695433146, 51.5573594735], [0.6947723696, 51.5559446714], [0.6933006605, 51.5525249251], [0.6866412906, 51.5531093653], [0.6944232563, 51.5527239795], [0.6979263431, 51.5521937614], [0.7021871489, 51.5505757373], [0.7056404561, 51.5479958799], [0.7087503202, 51.5442546735], [0.7119019001, 51.5414657433]]}}, {"type": "Feature", "properties": {"route": "323", "route_name": "", "route_id": "86897", "agency": "Arriva Herts and Essex", "agency_id": "OP50", "geometry_source": "GTFS stop sequence"}, "geometry": {"type": "LineString", "coordinates": [[-0.201665011901977, 51.81192595746802], [-0.197721540547808, 51.811137226251034], [-0.195286107185833, 51.810731198618726], [-0.192713404021292, 51.81158189521993], [-0.190286766406329, 51.81276748936438], [-0.188398286433478, 51.812468648302335], [-0.185675247900793, 51.81091600081689], [-0.184578482020169, 51.81329994774749], [-0.188809989503093, 51.81377883572605], [-0.190112785391063, 51.81276481156924], [-0.193206575675037, 51.811220800917305], [-0.194142790261249, 51.81429247316171], [-0.200591260661925, 51.815937956126035], [-0.202510234824571, 51.81255933057046], [-0.204846269120729, 51.808899296904244], [-0.206251442221487, 51.80492828282569], [-0.204203170406151, 51.80245118471828], [-0.203764442658855, 51.803271749997876], [-0.199852106823018, 51.80244759255344], [-0.199902407757662, 51.79936409305295], [-0.201068691131847, 51.7970260285874], [-0.202776441047649, 51.79456135017127], [-0.203821825536247, 51.789784564725494], [-0.20620736189052, 51.78630509594437], [-0.202155472851506, 51.78537996265595], [-0.19562218881553, 51.78378718336811], [-0.191177616867975, 51.78362895896956], [-0.187509968974509, 51.78470547000977], [-0.184874647528471, 51.788594346947285], [-0.182661684318381, 51.78954029463858], [-0.178479276486305, 51.79041973463192], [-0.176226261606807, 51.790555654298785], [-0.171797011322486, 51.79072065322852], [-0.109046985755819, 51.80301847356074], [-0.104354979087114, 51.80457049543141], [-0.101976273114497, 51.80284159452938], [-0.101778182334818, 51.79996090664731], [-0.100588149184108, 51.79894355695982], [-0.098803212910386, 51.798968658988954], [-0.091863401289301, 51.79948568105362], [-0.088653982103197, 51.797527206510765], [-0.082695954074291, 51.796441050754275], [-0.079852018111522, 51.79681726846792], [-0.076492346674306, 51.79772451214325], [-0.072567388205842, 51.798280690751184], [-0.065479032860707, 51.79887465008703], [-0.061025386867729, 51.79991631530166], [-0.052352266779376, 51.802272788681336], [-0.046949129097274, 51.80412547493161], [-0.044367384814369, 51.804792944486934], [-0.038337000998778, 51.807713870157876], [-0.030344511998876, 51.808371562642904]]}}, {"type": "Feature", "properties": {"route": "66", "route_name": "", "route_id": "5657", "agency": "Arriva Herts and Essex", "agency_id": "OP50", "geometry_source": "GTFS stop sequence"}, "geometry": {"type": "LineString", "coordinates": [[-0.031124614571783, 51.6855136021851], [-0.026112546252733, 51.68566327801746], [-0.019682154108022, 51.68582480397478], [-0.014070141429694, 51.68645843204066], [-0.0065163276, 51.6874904957], [-0.0014680932, 51.6861547551], [0.0006930327, 51.6862798251], [0.0021796595, 51.6862005371], [0.0049887864, 51.6865842531], [0.0096117893, 51.6870897516], [0.0133714017, 51.6854157131], [0.0164287254, 51.6842212198], [0.018611783, 51.6848401687], [0.0226436926, 51.6850675527], [0.0236870639, 51.6834848892], [0.0252812871, 51.6812812292], [0.0320450524, 51.6795277616], [0.0415755269, 51.6785171762], [0.0530189814, 51.675997614], [0.0619839892, 51.6753009932], [0.0644191204, 51.6681001476], [0.0663110285, 51.6620058914], [0.0671481758, 51.6591135376], [0.0665899388, 51.6557421602], [0.0630155541, 51.6534399732], [0.0599987997, 51.6516314802], [0.0569434339, 51.6492840334], [0.0546980267, 51.6469403215], [0.05244944, 51.6442009501], [0.0550361974, 51.6419525213]]}}, {"type": "Feature", "properties": {"route": "4", "route_name": "", "route_id": "3576", "agency": "Arriva Herts and Essex", "agency_id": "OP50", "geometry_source": "GTFS stop sequence"}, "geometry": {"type": "LineString", "coordinates": [[-0.473981411857074, 51.746781213529296], [-0.473738050666018, 51.748414565434125], [-0.472429120615024, 51.752003281237286], [-0.472717476482068, 51.754192039847325], [-0.472846177479619, 51.75681932144735], [-0.470107467688882, 51.758114496046936], [-0.466640431604914, 51.75866278001591], [-0.466724636056865, 51.75959902704641], [-0.466197686158487, 51.761894056210245], [-0.468199615064081, 51.76268446438253], [-0.470689023586485, 51.76320243510152], [-0.471945605129056, 51.7646125055651], [-0.467684629789315, 51.765483195834804], [-0.462276905394112, 51.765124842973755], [-0.456825428900873, 51.764352042899034], [-0.453785810342664, 51.76467177308928], [-0.451029391464402, 51.76518398513201], [-0.448981224449629, 51.769976593750215], [-0.449109188148554, 51.77258590800284], [-0.449137578595302, 51.77429472656156], [-0.449230094121933, 51.776247169315475], [-0.453535569659345, 51.77793140005074], [-0.454644379910629, 51.77517650569674], [-0.457224671095133, 51.77432020717611], [-0.461593171148972, 51.7750068803896], [-0.464907801391821, 51.77557173262496], [-0.465291332104821, 51.77323887375031]]}}, {"type": "Feature", "properties": {"route": "10", "route_name": "", "route_id": "16075", "agency": "Arriva Herts and Essex", "agency_id": "OP50", "geometry_source": "GTFS stop sequence"}, "geometry": {"type": "LineString", "coordinates": [[0.1318209364, 51.7655893043], [0.1385024092, 51.7652880621], [0.1438439359, 51.7651547711], [0.144875434, 51.7636791604], [0.1417215147, 51.7619561621], [0.1357928831, 51.7631521551], [0.1333818983, 51.7636545661], [0.1314424411, 51.7637077431], [0.1305283635, 51.7655318118], [0.1192640038, 51.7645304888], [0.1129388542, 51.7631516287], [0.1052184968, 51.7623010108], [0.1046668155, 51.7653953099], [0.0988391187, 51.7672350765], [0.0910638048, 51.7670859182], [0.0936761707, 51.7721740968], [0.0960983067, 51.7756469704], [0.0948854567, 51.7807583148]]}}, {"type": "Feature", "properties": {"route": "323", "route_name": "", "route_id": "86897", "agency": "Arriva Herts and Essex", "agency_id": "OP50", "geometry_source": "GTFS stop sequence"}, "geometry": {"type": "LineString", "coordinates": [[-0.025591461621456, 51.816222992244164], [-0.020790435482893, 51.815198090469735], [-0.016922595032546, 51.814071834682], [-0.018748597449895, 51.81213331670965], [-0.021570421372739, 51.81196501906767], [-0.023569748529357, 51.809705623106055], [-0.028475683257312, 51.80997682695941], [-0.025500427283616, 51.80635697934653]]}}, {"type": "Feature", "properties": {"route": "724", "route_name": "", "route_id": "28481", "agency": "Arriva Herts and Essex", "agency_id": "OP50", "geometry_source": "GTFS stop sequence"}, "geometry": {"type": "LineString", "coordinates": [[-0.48952, 51.47184], [-0.45126, 51.50342], [-0.45066, 51.52597], [-0.47078, 51.53658], [-0.47676, 51.54753], [-0.501249, 51.565948], [-0.499873, 51.581019], [-0.500024, 51.586515], [-0.513292569241419, 51.6134858294322], [-0.50953268982335, 51.624210542423576], [-0.512183440210557, 51.62267056728037], [-0.512900952106767, 51.62193332392757], [-0.516631852254981, 51.620928458765], [-0.515379062946935, 51.62036411457591], [-0.511807476683936, 51.61959054933], [-0.508921770662246, 51.62477827167246], [-0.499354462913072, 51.63145431436387], [-0.484496315312526, 51.635930322389086], [-0.471208617369325, 51.64046088422024], [-0.463318487372057, 51.64386477236277], [-0.441690428575675, 51.64700571253513], [-0.428385359557114, 51.65181896882815], [-0.410624027166737, 51.655824166623894], [-0.397083373432707, 51.65813092621136], [-0.396428845388537, 51.66315752453649], [-0.397353063902514, 51.670156935063936], [-0.394842409937238, 51.68063430427289], [-0.385630375361761, 51.69155922674041], [-0.384539540284288, 51.69903455627141], [-0.377948402211816, 51.710156738396606], [-0.359102046930851, 51.729380659614364], [-0.355045378127815, 51.73502484907542], [-0.350258039299584, 51.74121614544862], [-0.342820088563653, 51.74617397283619], [-0.34054557336147, 51.74973866245827], [-0.339135012882643, 51.75185882322009], [-0.33657864269359, 51.7544033621421]]}}, {"type": "Feature", "properties": {"route": "322", "route_name": "", "route_id": "85083", "agency": "Arriva Herts and Essex", "agency_id": "OP50", "geometry_source": "GTFS stop sequence"}, "geometry": {"type": "LineString", "coordinates": [[-0.472266037123347, 51.751254840666235], [-0.473683402411396, 51.74874655320307], [-0.474133719972678, 51.74699000289287], [-0.473609615922316, 51.74362924624567], [-0.474212282759341, 51.74121826923867], [-0.472499360206584, 51.73961345619975], [-0.46942191515073, 51.73767613993096], [-0.466076214404038, 51.735114802613715], [-0.461601250455293, 51.73255657352], [-0.456663541002424, 51.72956947644207], [-0.454622164316628, 51.727861169840644], [-0.451011872417841, 51.7203773529056], [-0.449967612761517, 51.71704557604184], [-0.450119147710826, 51.713459809681716], [-0.449271872356502, 51.71156932406598], [-0.447290970997745, 51.708548859891394], [-0.445993596018247, 51.70670635048462], [-0.444256897445956, 51.70332938379466], [-0.436437916499397, 51.69253418197415], [-0.429207316219048, 51.68198008281731], [-0.423694650691255, 51.67702359760331], [-0.4210007711683, 51.67588140261092], [-0.418381077737051, 51.673858929572035], [-0.416799289115443, 51.67235394202492], [-0.412540955049619, 51.66881656544363], [-0.410390563474528, 51.66580213772402], [-0.408065138308776, 51.662839247440054], [-0.402836653532805, 51.66103280288518], [-0.396123128357449, 51.663216294171114], [-0.396935282654453, 51.659459724775594], [-0.395058535956357, 51.656925316799466], [-0.396903953778616, 51.655430868535426], [-0.40153682013479, 51.654828607353124], [-0.400931690490032, 51.65148432620514], [-0.403939795101114, 51.64979877754995], [-0.40759868007841, 51.648922269583615], [-0.411037840506603, 51.65060540259096], [-0.41548039766817, 51.650881236814094], [-0.419557423294871, 51.65127787212635], [-0.42405291233756, 51.65169796575539], [-0.430614820495908, 51.65172289539903], [-0.433547388856848, 51.65261628812203], [-0.436225950161724, 51.65291275324719], [-0.442452641711484, 51.65302247602475], [-0.448042985410725, 51.65314144478654], [-0.445664995422003, 51.65208490939022], [-0.446014203579139, 51.64863660675597], [-0.448225016425155, 51.648234225322334], [-0.453928846345147, 51.648399376138975], [-0.455625289600939, 51.64654237324263], [-0.463300836940107, 51.64353183804892], [-0.465726933322176, 51.64016459124974], [-0.472803356899139, 51.64031078750084], [-0.480293155966248, 51.637170845187356], [-0.484132815154828, 51.63599756623504], [-0.493191216976921, 51.64259735654393], [-0.495036964857528, 51.64403276194594], [-0.496003411495247, 51.644090103152806]]}}, {"type": "Feature", "properties": {"route": "1", "route_name": "", "route_id": "115566", "agency": "Arriva Herts and Essex", "agency_id": "OP50", "geometry_source": "GTFS stop sequence"}, "geometry": {"type": "LineString", "coordinates": [[0.8679608035, 51.8756928629], [0.8704469515, 51.872295585], [0.8682790387, 51.8717908886], [0.8665919431, 51.8715352445], [0.8599937149, 51.873332749], [0.8578629998, 51.8747875483], [0.8560647133, 51.8766749165], [0.855316338, 51.8793102094], [0.8571177639, 51.8797610972], [0.8602199249, 51.8800993841], [0.8646086535, 51.8805591446], [0.8651940517, 51.8801671531], [0.8642825136, 51.8788583154], [0.8643941639, 51.8769579569], [0.8655366455, 51.8759588166], [0.8677147444, 51.8757078578], [0.8708972152, 51.876853323], [0.8749032351, 51.8788329599], [0.878348739, 51.8795401039], [0.8814285896, 51.8813443313], [0.8856696015, 51.8828951511], [0.8900220629, 51.8850456517], [0.8924388018, 51.8866950138], [0.896194233, 51.8883653267], [0.9008218594, 51.8898071571]]}}, {"type": "Feature", "properties": {"route": "SB8", "route_name": "", "route_id": "85216", "agency": "Arriva Herts and Essex", "agency_id": "OP50", "geometry_source": "GTFS stop sequence"}, "geometry": {"type": "LineString", "coordinates": [[-0.204751688901869, 51.90102946511332], [-0.207536077606824, 51.909955893244764], [-0.208569762439995, 51.91211169937128], [-0.213381128247768, 51.91507122845442], [-0.214939372480601, 51.91427661354073], [-0.217029246870477, 51.91107122177004], [-0.220395902595509, 51.908658407817754], [-0.223492426940004, 51.910134897973236], [-0.221043006581152, 51.91288537492366], [-0.220115959279582, 51.91537109507401], [-0.222474294007806, 51.91640483292442], [-0.221024777123148, 51.91886468325157], [-0.217870622316612, 51.91772895107564], [-0.216423218006956, 51.91682582332043], [-0.213745038916387, 51.91542743499435], [-0.211273256445702, 51.91652286888518], [-0.214593210070222, 51.92153678561869], [-0.212554883352898, 51.923061438875735], [-0.208549475934684, 51.91919698438016], [-0.208645249999951, 51.916060280385686], [-0.208326320240566, 51.912018074713615], [-0.205531747214804, 51.9080820122422], [-0.205066266646378, 51.90116015036039]]}}, {"type": "Feature", "properties": {"route": "M4", "route_name": "", "route_id": "9571", "agency": "Arriva Herts and Essex", "agency_id": "OP50", "geometry_source": "GTFS stop sequence"}, "geometry": {"type": "LineString", "coordinates": [[-0.03217228004925, 51.80271008264382], [-0.046208344182252, 51.818572641951626], [-0.041696694597128, 51.81654627991001], [-0.044665589838622, 51.81365523691181], [-0.038531608213613, 51.81358903763606], [-0.034330855705765, 51.8131052424419], [-0.031333805692274, 51.81096890234209], [-0.027937039660009, 51.80869089595227], [-0.028255103206091, 51.81004506587813], [-0.02290720242002, 51.809928282057676], [-0.017304908024704, 51.808997662452], [-0.013404494806877, 51.80862608610253], [-0.004050119396226, 51.80923199705953], [0.005529625772165, 51.81164076854558], [0.022580120209969, 51.821132304675125], [0.020356001583849, 51.827204360496225], [-0.009776960149713, 51.82083016889082], [-0.027812290720576, 51.818526304305706], [-0.031689763766927, 51.818114688501716], [-0.034330855705765, 51.8131052424419], [-0.031333805692274, 51.81096890234209], [-0.027937039660009, 51.80869089595227]]}}, {"type": "Feature", "properties": {"route": "302", "route_name": "", "route_id": "12369042", "agency": "Arriva Herts and Essex", "agency_id": "OP50", "geometry_source": "GTFS stop sequence"}, "geometry": {"type": "LineString", "coordinates": [[-0.336842975879528, 51.75391254540744], [-0.337911761008585, 51.752030362000646], [-0.332185443581347, 51.75095113582841], [-0.326838258506402, 51.750596384386625], [-0.32281810364046, 51.75157316163432], [-0.319540934378341, 51.7524345399025], [-0.315899751554793, 51.752562261826924], [-0.313035962220305, 51.75204461704377], [-0.307364281297866, 51.752619487754004], [-0.301053037612114, 51.752087818837445], [-0.295741654318488, 51.751938984871984], [-0.291561523927905, 51.751374743838056], [-0.284212245666525, 51.751483491279686], [-0.278718287798997, 51.752329335499276], [-0.269020031283924, 51.755136284322795], [-0.257185838567977, 51.75881898083127], [-0.250066804821219, 51.75968434428668], [-0.244382125034429, 51.760921400912615], [-0.240351057680168, 51.75987199510087], [-0.236301869363, 51.76003610535701], [-0.233090093024341, 51.761390627549275], [-0.229343889534568, 51.76195470383924], [-0.22629271812335, 51.76216047705328], [-0.222473626903253, 51.763469576597984], [-0.219643848964727, 51.76246459633944], [-0.216772840548016, 51.76177364412848], [-0.215443428460445, 51.7635159138167], [-0.217308953649065, 51.766925241027025], [-0.220481983298661, 51.76805236945505], [-0.223377593920096, 51.77145020834191], [-0.218564408910942, 51.773688320805526], [-0.21810959509891, 51.7749313229973], [-0.220356367405353, 51.777141435856215], [-0.223072813787926, 51.785113509201196], [-0.220022120526697, 51.786739877030854], [-0.21775686755859, 51.788665821508516], [-0.217317779507752, 51.789873089003414], [-0.222116893485877, 51.79172618375402], [-0.221447070114298, 51.79327167313337], [-0.219574308340158, 51.794430274842426], [-0.216186034522333, 51.798344399097694], [-0.214891577828791, 51.79990734884953], [-0.210721598545217, 51.80193011310122], [-0.207631765076701, 51.80048029446677], [-0.204203170406151, 51.80245118471828]]}}, {"type": "Feature", "properties": {"route": "302", "route_name": "", "route_id": "12369042", "agency": "Arriva Herts and Essex", "agency_id": "OP50", "geometry_source": "GTFS stop sequence"}, "geometry": {"type": "LineString", "coordinates": [[-0.227721504700065, 51.761939243983726], [-0.233373675533174, 51.76117908090318], [-0.235792201098773, 51.76010039277624], [-0.240746958385576, 51.75975203284664], [-0.244348439156837, 51.76066912049144], [-0.252453633075853, 51.759414127092704], [-0.257648607475518, 51.75846616054013], [-0.270344229016944, 51.75460726577785], [-0.275856303488491, 51.75291682697409], [-0.279702431928178, 51.7519750719116], [-0.284448004313388, 51.75137902867477], [-0.293353262045555, 51.751499687349884], [-0.296380454432067, 51.75190328610688], [-0.300680272237104, 51.751983517850896], [-0.304701972747776, 51.75252716430815], [-0.310970700260825, 51.75187108378902], [-0.314152589470562, 51.75201567912973], [-0.317946790055261, 51.75244770410686], [-0.324521737143279, 51.75173233980593], [-0.326993680314893, 51.750310853854934], [-0.330388405980934, 51.750574934773134], [-0.333516254362532, 51.75100598086067], [-0.337225628139179, 51.75177787422906], [-0.337028583910891, 51.753987107312234], [-0.33818360427169, 51.75567594664511], [-0.341394097035605, 51.75979464548567], [-0.34332065943016, 51.761791049476045], [-0.346644047262676, 51.76324058447249], [-0.350131344523584, 51.761392287632994], [-0.35236310087981, 51.758600126542746], [-0.355330174245721, 51.7547032151], [-0.356901246280436, 51.75333143890565], [-0.361016496716759, 51.74971119664185], [-0.365719692369669, 51.74784342374418], [-0.397553777132844, 51.7418885261145], [-0.405151605304831, 51.7416591754765], [-0.411764856628777, 51.74265691362621], [-0.416624999878466, 51.74367563194283], [-0.424971515619562, 51.74608071023444], [-0.427826282264421, 51.746883241103454], [-0.433041775227972, 51.74812183288861], [-0.435403499419162, 51.75146229942594], [-0.43774801040039, 51.75615126332201], [-0.438842392351426, 51.75970858983593], [-0.444439288774348, 51.75748987234155], [-0.446518616133842, 51.75769720830457], [-0.454364329469051, 51.756218074835914], [-0.459396809247908, 51.75522310651878], [-0.467858146516394, 51.75564841672725], [-0.470622301390852, 51.754884142716044], [-0.472281355561308, 51.75337710883868], [-0.472229418758919, 51.751910767506025], [-0.473683402411396, 51.74874655320307], [-0.473816383834508, 51.74694991541759]]}}, {"type": "Feature", "properties": {"route": "7", "route_name": "", "route_id": "28480", "agency": "Arriva Herts and Essex", "agency_id": "OP50", "geometry_source": "GTFS stop sequence"}, "geometry": {"type": "LineString", "coordinates": [[0.6554632305, 51.6015841306], [0.6576088208, 51.6022190562], [0.6609878787, 51.60394117], [0.6634025904, 51.6054692386], [0.6675882936, 51.6071458712], [0.6697277429, 51.6086530895], [0.6751755927, 51.6123782351], [0.6793774259, 51.6148005495], [0.6842964859, 51.6144363011], [0.6864150349, 51.6131287197], [0.6907896686, 51.6086935858], [0.6924530698, 51.6058044671], [0.6941617869, 51.6024646026], [0.695192577, 51.600849065], [0.6963212096, 51.5984488273], [0.6980253883, 51.5935800928], [0.6990834024, 51.589994293], [0.7001449208, 51.5869570095], [0.7041915041, 51.5858115454], [0.7079970036, 51.5825580052], [0.7073818642, 51.578767903], [0.7069403391, 51.573768644], [0.7063478633, 51.569384431], [0.7019120549, 51.5658892471], [0.6966171807, 51.5622517691], [0.6959455027, 51.5591913907], [0.695433146, 51.5573594735], [0.6947723696, 51.5559446714], [0.6933006605, 51.5525249251], [0.6866412906, 51.5531093653], [0.6944232563, 51.5527239795], [0.6979263431, 51.5521937614], [0.7021871489, 51.5505757373], [0.7056404561, 51.5479958799], [0.7087503202, 51.5442546735], [0.7119019001, 51.5414657433], [0.7141004776, 51.5391484699], [0.7149557101, 51.5365564781], [0.7147748725, 51.5364257597], [0.7179152016, 51.5351568517], [0.7224312843, 51.5351959851], [0.7255846458, 51.5353565653], [0.7297401824, 51.5353948037], [0.7327117449, 51.5356493617], [0.736762876, 51.5358696588], [0.7396715024, 51.5360355724], [0.7440599198, 51.5377856652], [0.7502059072, 51.5385410503], [0.7556603701, 51.5378733677], [0.7605878018, 51.5373167701], [0.7665687885, 51.536537248], [0.7683691606, 51.5350737385], [0.7683580677, 51.5310897556], [0.7722894899, 51.5317163689], [0.7758710565, 51.5322791839], [0.779802887, 51.5333822084], [0.7800498997, 51.5364882062], [0.7815586635, 51.539708179], [0.7848811586, 51.5421565739], [0.7831295977, 51.543942956], [0.7861206581, 51.5463901898], [0.7872721634, 51.5529552757], [0.7908128013, 51.5537614537], [0.7936956488, 51.5537197932], [0.7981321895, 51.5533711855], [0.8016633089, 51.5530800193], [0.8054819043, 51.5530067147], [0.8100794791, 51.5531664487], [0.8176589067, 51.5523190342], [0.8219177836, 51.5519018406], [0.8243231858, 51.5530041391]]}}, {"type": "Feature", "properties": {"route": "378", "route_name": "", "route_id": "10708", "agency": "Arriva Herts and Essex", "agency_id": "OP50", "geometry_source": "GTFS stop sequence"}, "geometry": {"type": "LineString", "coordinates": [[-0.205194860388158, 51.90121606311355], [-0.199912216574873, 51.89227834522639], [-0.197327119974508, 51.888965711373366], [-0.193630698850498, 51.885474105722764], [-0.190329240499241, 51.88265385762892], [-0.18726234264363, 51.87148360510384], [-0.184183861384808, 51.86712897956233], [-0.18337521884487, 51.861964095902664], [-0.183532422202235, 51.85914304297036], [-0.181978136320842, 51.8548298557364], [-0.18112909762347, 51.852838492773785], [-0.177514435702246, 51.85030075219545], [-0.16299087147612, 51.84968816581675], [-0.159318466724999, 51.8485966706712], [-0.155692516293823, 51.85063501267568], [-0.157668714364712, 51.85166409685455], [-0.156033976276734, 51.853293012313124], [-0.157878929102729, 51.85362764905273], [-0.159197205423711, 51.85050108122204], [-0.158437248945378, 51.84884364554116], [-0.155932902582067, 51.840846461761586], [-0.168844304978006, 51.83282048867336], [-0.166859998725242, 51.83021785319869], [-0.163324934641426, 51.825073198974046], [-0.157258519776085, 51.822244708912784], [-0.156019210211104, 51.81741452711688], [-0.157444661100703, 51.815548537575545], [-0.168952423520946, 51.809397887332075], [-0.100588149184108, 51.79894355695982], [-0.098803212910386, 51.798968658988954], [-0.091863401289301, 51.79948568105362], [-0.088653982103197, 51.797527206510765], [-0.082695954074291, 51.796441050754275], [-0.079852018111522, 51.79681726846792], [-0.076713522404532, 51.79797991200934]]}}, {"type": "Feature", "properties": {"route": "59", "route_name": "", "route_id": "8695", "agency": "Arriva Herts and Essex", "agency_id": "OP50", "geometry_source": "GTFS stop sequence"}, "geometry": {"type": "LineString", "coordinates": [[0.4737229993, 51.7413077043], [0.4688742265, 51.7360678427], [0.4666350972, 51.7367084214], [0.4571180396, 51.7393629659], [0.4524040047, 51.7403158064], [0.4476012948, 51.7407037445], [0.4445747704, 51.7407217975], [0.4288651779, 51.7416681609], [0.4221105034, 51.7424011541], [0.4095750065, 51.7444844976], [0.4066506652, 51.7458843862], [0.4025753419, 51.7485307806], [0.3929425565, 51.7521266898], [0.3883935871, 51.7562570586], [0.3777992899, 51.7631176651], [0.3694594754, 51.7646530464], [0.3513086535, 51.7729133406], [0.3480654443, 51.7729871806], [0.3434496519, 51.7739875905], [0.3349382835, 51.7759106038], [0.3294686094, 51.7783572723], [0.3234181345, 51.7799518593], [0.3157005678, 51.785239038], [0.3136935596, 51.7905033448], [0.311363741, 51.7945689333], [0.3083900842, 51.7959762793], [0.3003285462, 51.7943088042], [0.2917905948, 51.7918137489], [0.2861119723, 51.7942264637], [0.2822873577, 51.7968906804], [0.2715724295, 51.7986809469], [0.2661147388, 51.7988852092], [0.2162396915, 51.8122638611], [0.2095435924, 51.8126956489], [0.1898811831, 51.8048353828], [0.1856889385, 51.8039332166], [0.1807253112, 51.8029732739], [0.172404787, 51.8018773706], [0.1543209399, 51.7870398213], [0.1457946755, 51.7842822138], [0.1309913614, 51.7796686127], [0.125743628, 51.778441746], [0.1217355019, 51.7770573883], [0.1145835925, 51.7766377382], [0.1102509428, 51.7763649029], [0.1032405869, 51.7746201311], [0.0985957898, 51.7732373892], [0.0940564711, 51.7722482535]]}}, {"type": "Feature", "properties": {"route": "3", "route_name": "", "route_id": "5181", "agency": "Arriva Herts and Essex", "agency_id": "OP50", "geometry_source": "GTFS stop sequence"}, "geometry": {"type": "LineString", "coordinates": [[-0.465291332104821, 51.77323887375031], [-0.466310415557373, 51.77481674506957], [-0.463592846306395, 51.77587825957952], [-0.45998037917867, 51.77512064138809], [-0.455828838381057, 51.77402313520205], [-0.454804118994935, 51.77559222827228], [-0.453324731033578, 51.77816241324734], [-0.44904913698171, 51.77602897880005], [-0.448953837834231, 51.77288958004794], [-0.448673299053068, 51.76923520166472], [-0.450359670550127, 51.764851452767026], [-0.454082570634039, 51.764468864341936], [-0.458327570993428, 51.76449763838108], [-0.462943223081311, 51.765133557330785], [-0.467136623291629, 51.765404116777255], [-0.471566868784169, 51.764670524379746], [-0.470458788595042, 51.76315448053761], [-0.467843165752854, 51.762940581339656], [-0.466515556082021, 51.76149357194752], [-0.466627992901034, 51.75988550441164], [-0.469819023477087, 51.758074774245124], [-0.472616651641008, 51.7563217895432], [-0.473372250344224, 51.75367902060764], [-0.474269485391726, 51.74682991253031], [-0.473738050666018, 51.748414565434125], [-0.472427374866065, 51.751625602165234], [-0.472717476482068, 51.754192039847325], [-0.472846177479619, 51.75681932144735], [-0.473890377716943, 51.75721953104896], [-0.480680675765603, 51.757370437398265], [-0.481871597222115, 51.75771852115691], [-0.483879410052345, 51.75920110664677], [-0.488304818942886, 51.761622943121345], [-0.488911844274071, 51.76427433322209], [-0.491613451754022, 51.763652630064584], [-0.496549195146235, 51.761207153484456], [-0.499282528510651, 51.7613679656716], [-0.502285730777318, 51.76169400485918], [-0.498729445747014, 51.76144182938554], [-0.495444826452303, 51.76042872192001], [-0.492788057538291, 51.75753529803095], [-0.495541916974106, 51.75663543059987], [-0.497447963046311, 51.756830654541034], [-0.504272364368622, 51.754633778082315], [-0.504610691020511, 51.75316343007711], [-0.502077743221652, 51.7509012143439], [-0.498213173207474, 51.74861294343321], [-0.496357319184878, 51.74778894605071], [-0.49109251495497, 51.74450240786008], [-0.489613008812114, 51.74326051775093], [-0.486140911896776, 51.74313492045342], [-0.479238385146626, 51.74423273043472], [-0.473981411857074, 51.746781213529296], [-0.473738050666018, 51.748414565434125], [-0.472429120615024, 51.752003281237286]]}}, {"type": "Feature", "properties": {"route": "98", "route_name": "", "route_id": "7962", "agency": "Arriva Herts and Essex", "agency_id": "OP50", "geometry_source": "GTFS stop sequence"}, "geometry": {"type": "LineString", "coordinates": [[-0.187686948443234, 51.9887352031659], [-0.189697985309012, 51.98581682593564], [-0.191182735836671, 51.985111305514366], [-0.191039447424249, 51.98360747463809], [-0.190180871053649, 51.97997957887777], [-0.18834356253431, 51.97679520233027], [-0.185562761833307, 51.98075374178748], [-0.184990078213737, 51.985915203846275], [-0.18801808964373, 51.9888302166147], [-0.19136462894093, 51.988548963755555], [-0.196981617036586, 51.985766715610886], [-0.200921959685991, 51.98265287868622], [-0.207057678095524, 51.97887999098322], [-0.207612904660786, 51.98284482706592], [-0.204879914813105, 51.98163426586588], [-0.209044731179827, 51.983091406025714], [-0.21234229677173, 51.983294370642966], [-0.217232183411074, 51.9822715036621], [-0.223096574847509, 51.98090347273095], [-0.227182734258726, 51.979939998480084], [-0.230111679759267, 51.979516485027816], [-0.237886406905566, 51.977313209832346], [-0.239941870285615, 51.97650771732808], [-0.239787255658508, 51.97339426024641], [-0.240143988029198, 51.97246444988817], [-0.238575768213864, 51.968646479302684], [-0.238106181975274, 51.96688605980227], [-0.243559525615624, 51.9636765504598], [-0.250861679645331, 51.95931635119834], [-0.255196276763876, 51.95751038126073], [-0.257851666527732, 51.95546361540594], [-0.262137017417351, 51.95453785569641], [-0.263445148924336, 51.9530735182618], [-0.271150436186943, 51.95251253768885], [-0.27382738758315, 51.9536667931727], [-0.275683715735607, 51.952695912135255], [-0.276383335017196, 51.94963098065864]]}}, {"type": "Feature", "properties": {"route": "C1", "route_name": "", "route_id": "27152", "agency": "Arriva Herts and Essex", "agency_id": "OP50", "geometry_source": "GTFS stop sequence"}, "geometry": {"type": "LineString", "coordinates": [[-0.061195093337888, 51.70834183399101], [-0.061259786588287, 51.71122943982607], [-0.060663812319935, 51.71365652373172], [-0.056822380126543, 51.714456310866034], [-0.057340723397201, 51.715534970429495], [-0.063471258362994, 51.71808209464663], [-0.068392798261511, 51.71945800720978], [-0.072188924134251, 51.720068889092744], [-0.076540231159187, 51.7212462604597], [-0.078880627002409, 51.72273231202459], [-0.084162256054003, 51.72451809667099], [-0.091215728493533, 51.72481274503245], [-0.09408715014626, 51.71644258892402], [-0.091698067203073, 51.714389535215254], [-0.088559889840696, 51.71156889256467], [-0.088090235095696, 51.71000558282663], [-0.093551270659265, 51.70956378709957], [-0.097532302349683, 51.709205687059125], [-0.109533874432071, 51.70845524207226]]}}, {"type": "Feature", "properties": {"route": "405", "route_name": "", "route_id": "21816", "agency": "Arriva Herts and Essex", "agency_id": "OP50", "geometry_source": "GTFS stop sequence"}, "geometry": {"type": "LineString", "coordinates": [[-0.204289427562398, 51.80247048619761], [-0.206358651319898, 51.80368901852851], [-0.209552733872628, 51.80214611214339], [-0.211493385134707, 51.80038623515811], [-0.214693624771724, 51.7997784548587], [-0.216158512785341, 51.797939340416676], [-0.219968813697759, 51.793986647141686], [-0.22171818518882, 51.79301500547884], [-0.220343951733191, 51.791087901276335], [-0.217654942501774, 51.79014796211355], [-0.21952024979596, 51.78696607016162], [-0.222266315692218, 51.783869407086904], [-0.21949772956231, 51.777227346137785], [-0.218065046160545, 51.77532629809273], [-0.219746626233778, 51.77348142992692], [-0.223386769202022, 51.771216553617506], [-0.219854218962767, 51.76780007813976], [-0.217273612808373, 51.76708656222849], [-0.215658545061021, 51.763573132141374], [-0.217344344888855, 51.76198013908143], [-0.221602881177392, 51.76276401590679], [-0.226737664307008, 51.76116007960941], [-0.225133904049777, 51.755866519863844], [-0.22701501295109, 51.753709838304864], [-0.226664065873847, 51.74898370257232], [-0.225512615630486, 51.746574428076435], [-0.225213724712971, 51.74496033100465], [-0.231486570416306, 51.74234827905519], [-0.233696385675394, 51.74325374559361], [-0.234776965140336, 51.74711859089307], [-0.235128868854938, 51.748868338262525], [-0.233877318988837, 51.74864271925929], [-0.231371276626775, 51.74752598298445], [-0.226836045580901, 51.749031257881484], [-0.227311646665091, 51.75353447133544], [-0.226226939254976, 51.75533450461021], [-0.224708130907343, 51.75785632947146], [-0.22629271812335, 51.76216047705328], [-0.222473626903253, 51.763469576597984], [-0.219643848964727, 51.76246459633944], [-0.216772840548016, 51.76177364412848], [-0.215443428460445, 51.7635159138167], [-0.217308953649065, 51.766925241027025], [-0.220481983298661, 51.76805236945505], [-0.223377593920096, 51.77145020834191], [-0.218564408910942, 51.773688320805526], [-0.21810959509891, 51.7749313229973], [-0.220356367405353, 51.777141435856215], [-0.223072813787926, 51.785113509201196], [-0.220022120526697, 51.786739877030854], [-0.21775686755859, 51.788665821508516], [-0.217317779507752, 51.789873089003414], [-0.222116893485877, 51.79172618375402], [-0.221447070114298, 51.79327167313337], [-0.219574308340158, 51.794430274842426], [-0.216186034522333, 51.798344399097694], [-0.214891577828791, 51.79990734884953], [-0.210721598545217, 51.80193011310122], [-0.207631765076701, 51.80048029446677], [-0.204203170406151, 51.80245118471828]]}}, {"type": "Feature", "properties": {"route": "7", "route_name": "", "route_id": "28480", "agency": "Arriva Herts and Essex", "agency_id": "OP50", "geometry_source": "GTFS stop sequence"}, "geometry": {"type": "LineString", "coordinates": [[0.6842964859, 51.6144363011], [0.6864150349, 51.6131287197], [0.6907896686, 51.6086935858], [0.6924530698, 51.6058044671], [0.6941617869, 51.6024646026], [0.695192577, 51.600849065], [0.6963212096, 51.5984488273], [0.6980253883, 51.5935800928], [0.6990834024, 51.589994293], [0.7001449208, 51.5869570095], [0.7041915041, 51.5858115454], [0.7079970036, 51.5825580052], [0.7073818642, 51.578767903], [0.7069403391, 51.573768644], [0.7063478633, 51.569384431], [0.7019120549, 51.5658892471], [0.6966171807, 51.5622517691], [0.6959455027, 51.5591913907], [0.695433146, 51.5573594735], [0.6947723696, 51.5559446714], [0.6933006605, 51.5525249251], [0.6866412906, 51.5531093653], [0.6944232563, 51.5527239795], [0.6979263431, 51.5521937614], [0.7021871489, 51.5505757373], [0.7056404561, 51.5479958799], [0.7087503202, 51.5442546735], [0.7119019001, 51.5414657433], [0.7141004776, 51.5391484699], [0.7149557101, 51.5365564781], [0.7147748725, 51.5364257597], [0.7179152016, 51.5351568517], [0.7224312843, 51.5351959851], [0.7255846458, 51.5353565653], [0.7297401824, 51.5353948037], [0.7327117449, 51.5356493617], [0.736762876, 51.5358696588], [0.7396715024, 51.5360355724], [0.7440599198, 51.5377856652], [0.7502059072, 51.5385410503], [0.7556603701, 51.5378733677], [0.7605878018, 51.5373167701], [0.7665687885, 51.536537248], [0.7683691606, 51.5350737385], [0.7683580677, 51.5310897556], [0.7722894899, 51.5317163689], [0.7758710565, 51.5322791839], [0.779802887, 51.5333822084], [0.7800498997, 51.5364882062], [0.7815586635, 51.539708179], [0.7848811586, 51.5421565739], [0.7831295977, 51.543942956], [0.7861206581, 51.5463901898], [0.7872721634, 51.5529552757], [0.7908128013, 51.5537614537], [0.7936956488, 51.5537197932], [0.7981321895, 51.5533711855], [0.8016633089, 51.5530800193], [0.8054819043, 51.5530067147], [0.8100794791, 51.5531664487], [0.8176589067, 51.5523190342], [0.8219177836, 51.5519018406], [0.8243231858, 51.5530041391]]}}, {"type": "Feature", "properties": {"route": "4", "route_name": "", "route_id": "3576", "agency": "Arriva Herts and Essex", "agency_id": "OP50", "geometry_source": "GTFS stop sequence"}, "geometry": {"type": "LineString", "coordinates": [[-0.465291332104821, 51.77323887375031], [-0.466310415557373, 51.77481674506957], [-0.463592846306395, 51.77587825957952], [-0.45998037917867, 51.77512064138809], [-0.455828838381057, 51.77402313520205], [-0.454804118994935, 51.77559222827228], [-0.453324731033578, 51.77816241324734], [-0.44904913698171, 51.77602897880005], [-0.448953837834231, 51.77288958004794], [-0.448673299053068, 51.76923520166472], [-0.450359670550127, 51.764851452767026], [-0.454082570634039, 51.764468864341936], [-0.458327570993428, 51.76449763838108], [-0.462943223081311, 51.765133557330785], [-0.467136623291629, 51.765404116777255], [-0.471566868784169, 51.764670524379746], [-0.470458788595042, 51.76315448053761], [-0.467843165752854, 51.762940581339656], [-0.466515556082021, 51.76149357194752], [-0.466627992901034, 51.75988550441164], [-0.469819023477087, 51.758074774245124], [-0.472616651641008, 51.7563217895432], [-0.472281355561308, 51.75337710883868], [-0.472229418758919, 51.751910767506025], [-0.473683402411396, 51.74874655320307], [-0.473816383834508, 51.74694991541759], [-0.477763381667477, 51.74415968495945], [-0.48529120158423, 51.74298909541643], [-0.491163583898531, 51.74280386772315]]}}, {"type": "Feature", "properties": {"route": "323", "route_name": "", "route_id": "86897", "agency": "Arriva Herts and Essex", "agency_id": "OP50", "geometry_source": "GTFS stop sequence"}, "geometry": {"type": "LineString", "coordinates": [[-0.201665011901977, 51.81192595746802], [-0.197721540547808, 51.811137226251034], [-0.195286107185833, 51.810731198618726], [-0.192713404021292, 51.81158189521993], [-0.190286766406329, 51.81276748936438], [-0.188398286433478, 51.812468648302335], [-0.185675247900793, 51.81091600081689], [-0.184578482020169, 51.81329994774749], [-0.188809989503093, 51.81377883572605], [-0.190112785391063, 51.81276481156924], [-0.193206575675037, 51.811220800917305], [-0.194142790261249, 51.81429247316171], [-0.200591260661925, 51.815937956126035], [-0.202510234824571, 51.81255933057046], [-0.204846269120729, 51.808899296904244], [-0.206251442221487, 51.80492828282569], [-0.204203170406151, 51.80245118471828], [-0.203764442658855, 51.803271749997876], [-0.199852106823018, 51.80244759255344], [-0.199902407757662, 51.79936409305295], [-0.201068691131847, 51.7970260285874], [-0.202776441047649, 51.79456135017127], [-0.203821825536247, 51.789784564725494], [-0.20620736189052, 51.78630509594437], [-0.202155472851506, 51.78537996265595], [-0.19562218881553, 51.78378718336811], [-0.191177616867975, 51.78362895896956], [-0.187509968974509, 51.78470547000977], [-0.184874647528471, 51.788594346947285], [-0.182661684318381, 51.78954029463858], [-0.178479276486305, 51.79041973463192], [-0.176226261606807, 51.790555654298785], [-0.171797011322486, 51.79072065322852], [-0.109046985755819, 51.80301847356074], [-0.104354979087114, 51.80457049543141], [-0.101976273114497, 51.80284159452938], [-0.101778182334818, 51.79996090664731], [-0.100588149184108, 51.79894355695982], [-0.098803212910386, 51.798968658988954], [-0.091863401289301, 51.79948568105362], [-0.088653982103197, 51.797527206510765], [-0.082695954074291, 51.796441050754275], [-0.079852018111522, 51.79681726846792], [-0.076492346674306, 51.79772451214325], [-0.072567388205842, 51.798280690751184], [-0.065479032860707, 51.79887465008703], [-0.061025386867729, 51.79991631530166], [-0.052352266779376, 51.802272788681336], [-0.046949129097274, 51.80412547493161], [-0.044367384814369, 51.804792944486934], [-0.038337000998778, 51.807713870157876], [-0.030344511998876, 51.808371562642904]]}}, {"type": "Feature", "properties": {"route": "7", "route_name": "", "route_id": "28480", "agency": "Arriva Herts and Essex", "agency_id": "OP50", "geometry_source": "GTFS stop sequence"}, "geometry": {"type": "LineString", "coordinates": [[0.8243231858, 51.5530041391], [0.8218994864, 51.551839324], [0.8183730587, 51.5522029403], [0.810094447, 51.5529412443], [0.8056353902, 51.5529220983], [0.8005684779, 51.5531061708], [0.7976956052, 51.5533096515], [0.7922329423, 51.5536287166], [0.7891899829, 51.5536471681], [0.7874683019, 51.5519163277], [0.7863644238, 51.5463664102], [0.7833948829, 51.544035591], [0.7842709158, 51.5418472887], [0.7815526371, 51.5396093902], [0.7801941237, 51.5369614579], [0.780108018, 51.5334199429], [0.7763035853, 51.5322779369], [0.7715132308, 51.5315188694], [0.7690962393, 51.531135281], [0.7683800639, 51.5352533567], [0.7668369561, 51.5364409827], [0.7626275818, 51.5369449539], [0.754683243, 51.5379323021], [0.7493695253, 51.5385426766], [0.7439621619, 51.5375990844], [0.740128558, 51.5359619364], [0.7360502212, 51.5357693715], [0.7326482213, 51.5355519112], [0.7288558125, 51.5353164577], [0.7252341918, 51.5352837676], [0.7224099138, 51.5350795632], [0.714633531, 51.5364740004]]}}, {"type": "Feature", "properties": {"route": "9", "route_name": "", "route_id": "41029", "agency": "Arriva Herts and Essex", "agency_id": "OP50", "geometry_source": "GTFS stop sequence"}, "geometry": {"type": "LineString", "coordinates": [[0.7147508814, 51.5365072583], [0.7179152016, 51.5351568517], [0.7224312843, 51.5351959851], [0.7239808115, 51.5338559115], [0.7270104771, 51.5317079425], [0.7297380382, 51.5307810779], [0.7331909568, 51.5301700102], [0.7370285439, 51.5299635726], [0.7404722604, 51.5301619399], [0.7454556338, 51.5303061774], [0.7481496841, 51.5300272145], [0.7520727934, 51.5295664536], [0.7567649479, 51.5287097431], [0.7595998217, 51.5281394035], [0.7682121003, 51.526308508], [0.7696654773, 51.5276862091], [0.7737344495, 51.5277339195], [0.7779916921, 51.5277950154], [0.7819245179, 51.5277377414], [0.7829484686, 51.5310501449], [0.7812185991, 51.5331867475], [0.7800498997, 51.5364882062], [0.7815586635, 51.539708179], [0.7868842622, 51.5400044336], [0.7896396971, 51.5404875343], [0.7937664278, 51.5388693285], [0.8002575731, 51.5384176921], [0.7995013082, 51.5352609286], [0.797785224, 51.5326756908], [0.7956782915, 51.5302976131], [0.797194077, 51.5284447058]]}}, {"type": "Feature", "properties": {"route": "10", "route_name": "", "route_id": "16075", "agency": "Arriva Herts and Essex", "agency_id": "OP50", "geometry_source": "GTFS stop sequence"}, "geometry": {"type": "LineString", "coordinates": [[0.1318209364, 51.7655893043], [0.1385024092, 51.7652880621], [0.1438439359, 51.7651547711], [0.144875434, 51.7636791604], [0.1417215147, 51.7619561621], [0.1357928831, 51.7631521551], [0.1333818983, 51.7636545661], [0.1314424411, 51.7637077431], [0.1305283635, 51.7655318118], [0.1303156892, 51.7687100203], [0.1336196967, 51.7717704815], [0.1333505858, 51.7731332341], [0.1331381219, 51.77446798], [0.1309913614, 51.7796686127], [0.125743628, 51.778441746], [0.1217355019, 51.7770573883], [0.1145835925, 51.7766377382], [0.1102509428, 51.7763649029], [0.1032405869, 51.7746201311], [0.0985957898, 51.7732373892], [0.0936761707, 51.7721740968], [0.0960983067, 51.7756469704], [0.0948854567, 51.7807583148]]}}, {"type": "Feature", "properties": {"route": "323", "route_name": "", "route_id": "86897", "agency": "Arriva Herts and Essex", "agency_id": "OP50", "geometry_source": "GTFS stop sequence"}, "geometry": {"type": "LineString", "coordinates": [[-0.031780747438142, 51.80803592526514], [-0.038767513191788, 51.80748725447356], [-0.042997494456046, 51.80494100230083], [-0.04794277307334, 51.803620428335456], [-0.053236611858789, 51.80194573139065], [-0.057549722008542, 51.79979599545519], [-0.049601540517587, 51.79946657566748], [-0.049408416372031, 51.801252823739304], [-0.048172797031996, 51.79795914692305], [-0.050619635454848, 51.79704656892826], [-0.053372773202493, 51.79710118043242], [-0.052665258087719, 51.79837535078196], [-0.05850318257576, 51.79988368259433], [-0.060048941006557, 51.80002609799015], [-0.064958056982819, 51.798848091926764], [-0.06746170841716, 51.79829578831867], [-0.070881402787146, 51.79768652906659], [-0.076657081045658, 51.79794301988633], [-0.080072075956493, 51.79675791710286], [-0.082806166722335, 51.79623602784657], [-0.08864822960896, 51.79732029291252], [-0.091334213257962, 51.79862283473942], [-0.099099125021883, 51.798829569261855], [-0.101912100106524, 51.80091623739022], [-0.102281035263748, 51.80283752194423], [-0.10492217192185, 51.80453467824718], [-0.109046985755819, 51.80301847356074]]}}, {"type": "Feature", "properties": {"route": "322", "route_name": "", "route_id": "85083", "agency": "Arriva Herts and Essex", "agency_id": "OP50", "geometry_source": "GTFS stop sequence"}, "geometry": {"type": "LineString", "coordinates": [[-0.472266037123347, 51.751254840666235], [-0.473683402411396, 51.74874655320307], [-0.474133719972678, 51.74699000289287], [-0.473609615922316, 51.74362924624567], [-0.474212282759341, 51.74121826923867], [-0.472499360206584, 51.73961345619975], [-0.46942191515073, 51.73767613993096], [-0.466076214404038, 51.735114802613715], [-0.461601250455293, 51.73255657352], [-0.456663541002424, 51.72956947644207], [-0.454622164316628, 51.727861169840644], [-0.451011872417841, 51.7203773529056], [-0.449967612761517, 51.71704557604184], [-0.450119147710826, 51.713459809681716], [-0.449271872356502, 51.71156932406598], [-0.447290970997745, 51.708548859891394], [-0.445993596018247, 51.70670635048462], [-0.444256897445956, 51.70332938379466], [-0.436437916499397, 51.69253418197415], [-0.429207316219048, 51.68198008281731], [-0.423694650691255, 51.67702359760331], [-0.4210007711683, 51.67588140261092], [-0.418381077737051, 51.673858929572035], [-0.416799289115443, 51.67235394202492], [-0.412540955049619, 51.66881656544363], [-0.410390563474528, 51.66580213772402], [-0.408065138308776, 51.662839247440054], [-0.402836653532805, 51.66103280288518], [-0.396123128357449, 51.663216294171114], [-0.396935282654453, 51.659459724775594], [-0.395058535956357, 51.656925316799466], [-0.396903953778616, 51.655430868535426], [-0.40153682013479, 51.654828607353124], [-0.400931690490032, 51.65148432620514], [-0.403939795101114, 51.64979877754995], [-0.40759868007841, 51.648922269583615], [-0.411037840506603, 51.65060540259096], [-0.41548039766817, 51.650881236814094], [-0.419557423294871, 51.65127787212635], [-0.42405291233756, 51.65169796575539], [-0.430614820495908, 51.65172289539903], [-0.433547388856848, 51.65261628812203], [-0.436225950161724, 51.65291275324719], [-0.442452641711484, 51.65302247602475], [-0.448042985410725, 51.65314144478654], [-0.445664995422003, 51.65208490939022], [-0.446014203579139, 51.64863660675597], [-0.448225016425155, 51.648234225322334], [-0.453928846345147, 51.648399376138975], [-0.455625289600939, 51.64654237324263], [-0.463300836940107, 51.64353183804892], [-0.465726933322176, 51.64016459124974], [-0.472803356899139, 51.64031078750084]]}}, {"type": "Feature", "properties": {"route": "10", "route_name": "", "route_id": "16075", "agency": "Arriva Herts and Essex", "agency_id": "OP50", "geometry_source": "GTFS stop sequence"}, "geometry": {"type": "LineString", "coordinates": [[0.0944371887, 51.772331394], [0.1017407077, 51.7741613696], [0.1051048344, 51.7754320463], [0.1085955596, 51.7763046883], [0.1159990676, 51.776837075], [0.1228092999, 51.7773887055], [0.1257342113, 51.7785498261], [0.131215835, 51.7798174149], [0.1331236818, 51.7760059587], [0.1334937196, 51.7730946659], [0.1336597537, 51.7716978143], [0.1307428469, 51.7688551491], [0.1318209364, 51.7655893043]]}}, {"type": "Feature", "properties": {"route": "10", "route_name": "", "route_id": "16075", "agency": "Arriva Herts and Essex", "agency_id": "OP50", "geometry_source": "GTFS stop sequence"}, "geometry": {"type": "LineString", "coordinates": [[0.0948854567, 51.7807583148], [0.0938523599, 51.7787983873], [0.0957175383, 51.7739991506], [0.0944371887, 51.772331394], [0.0908485087, 51.7712082889], [0.0907248119, 51.7688454765], [0.1016284591, 51.7667535909], [0.1048049348, 51.7652489568], [0.1055419139, 51.7620883898], [0.1127539718, 51.7632268925], [0.1140141484, 51.7638337043], [0.119628957, 51.7645868544], [0.1318209364, 51.7655893043]]}}, {"type": "Feature", "properties": {"route": "29", "route_name": "", "route_id": "4279", "agency": "Arriva Herts and Essex", "agency_id": "OP50", "geometry_source": "GTFS stop sequence"}, "geometry": {"type": "LineString", "coordinates": [[0.7150527071, 51.5360056174], [0.7141100073, 51.5385816474], [0.7137832381, 51.5403609653], [0.7121542107, 51.5413429902], [0.7075841177, 51.5452619152], [0.7042857337, 51.5492322774], [0.7024299222, 51.5505341685], [0.6992980886, 51.549778881], [0.6956310256, 51.5497283248], [0.6884090946, 51.5505506397], [0.6857785716, 51.5507098424], [0.6815376808, 51.5509597804], [0.6774780163, 51.550611849], [0.6737161998, 51.5501760449], [0.6708949368, 51.5532351989], [0.6686621222, 51.5535378483], [0.6670512702, 51.5558408751], [0.6637276981, 51.5582187638], [0.6594747185, 51.5595114241], [0.6563284555, 51.5602392543], [0.65138839, 51.5596495374], [0.6475808451, 51.558683305]]}}, {"type": "Feature", "properties": {"route": "101", "route_name": "", "route_id": "18315", "agency": "Arriva Herts and Essex", "agency_id": "OP50", "geometry_source": "GTFS stop sequence"}, "geometry": {"type": "LineString", "coordinates": [[-0.204623096249622, 51.90097355188425], [-0.206583432620046, 51.90211843887998], [-0.207536077606824, 51.909955893244764], [-0.208569762439995, 51.91211169937128], [-0.208749701898996, 51.91635860185997], [-0.208654200745952, 51.91875797694931], [-0.212800535372366, 51.92310113664621], [-0.260360801454588, 51.93801172981366], [-0.265721957574321, 51.93932270832169], [-0.272452630857151, 51.94059060380286], [-0.276591987063002, 51.94532698810324], [-0.27541765174919, 51.947872439708185], [-0.276518013632333, 51.94953404314268], [-0.287486746310057, 51.9457916933095], [-0.341618781990747, 51.929851121178835], [-0.353246044737839, 51.92809912571953], [-0.363762494577518, 51.92327337747278], [-0.372391580056912, 51.92232300342129], [-0.380894917107118, 51.91475239582845], [-0.38771, 51.90906], [-0.39269, 51.9058], [-0.39497, 51.90326], [-0.39854, 51.90116], [-0.3997, 51.89895], [-0.40159, 51.89419], [-0.40171, 51.89155], [-0.40283, 51.88945], [-0.40641, 51.88565], [-0.40787, 51.88452], [-0.40978, 51.88282], [-0.41472, 51.88203]]}}, {"type": "Feature", "properties": {"route": "1S", "route_name": "", "route_id": "10632641", "agency": "Arriva Herts and Essex", "agency_id": "OP50", "geometry_source": "GTFS stop sequence"}, "geometry": {"type": "LineString", "coordinates": [[0.6062303575, 51.5538985838], [0.6024936624, 51.5556633404], [0.5984564294, 51.5582350523], [0.5931148307, 51.5602059234], [0.5871754269, 51.5608047437], [0.5810761541, 51.5616406091], [0.5768357032, 51.5624353331], [0.5710495784, 51.5637134639], [0.5632254161, 51.5654495567], [0.5617211618, 51.5628203719], [0.5600233039, 51.5590532318], [0.559886791, 51.5568798071], [0.5597043255, 51.5544016086], [0.5620628024, 51.5514452394], [0.5635851306, 51.5482462898], [0.5637591114, 51.5462099726], [0.562801159, 51.543281066], [0.5647685311, 51.537230442], [0.568772024, 51.5345706884], [0.575049697, 51.5328681433], [0.5785163606, 51.5322073912], [0.5796934419, 51.5310932926], [0.5755246375, 51.5287656868], [0.5733093701, 51.5265569625], [0.5697173502, 51.5252417498], [0.5678622506, 51.5227642209], [0.5691726682, 51.5204331887], [0.5718418225, 51.5199609738], [0.5761574375, 51.5200550977], [0.5812253106, 51.5201954591], [0.5859733997, 51.5202886938], [0.5886724196, 51.5203460516], [0.5916619514, 51.520441894], [0.5942437784, 51.5230019084], [0.5979206129, 51.5227586175], [0.6012291904, 51.5226313033], [0.6045617178, 51.520650698], [0.6076079859, 51.5194677923], [0.6107414939, 51.5185526695], [0.6158632175, 51.5183755587], [0.6177636377, 51.5185849633]]}}, {"type": "Feature", "properties": {"route": "322", "route_name": "", "route_id": "85083", "agency": "Arriva Herts and Essex", "agency_id": "OP50", "geometry_source": "GTFS stop sequence"}, "geometry": {"type": "LineString", "coordinates": [[-0.496003411495247, 51.644090103152806], [-0.493252425458639, 51.64293084424845], [-0.484496315312526, 51.635930322389086], [-0.479940778991934, 51.63733713179855], [-0.471208617369325, 51.64046088422024], [-0.466439065642248, 51.64218809768765], [-0.463318487372057, 51.64386477236277], [-0.455703727975382, 51.64678618836341], [-0.45463190259197, 51.64855250167686], [-0.447372290340131, 51.64823194641312], [-0.44613563024412, 51.64888998925682], [-0.445759682695738, 51.652274994291744], [-0.44808973208365, 51.65346577392636], [-0.443716790025085, 51.65325504270622], [-0.43667047371233, 51.65301758343914], [-0.433026602308075, 51.65262732448528], [-0.428385359557114, 51.65181896882815], [-0.421772201740185, 51.6516043936467], [-0.41635611251583, 51.651054905520134], [-0.412520990835729, 51.65076933328571], [-0.408701999848253, 51.64961162746485], [-0.403875374118263, 51.64998673465342], [-0.398522741184934, 51.652980145833325], [-0.397083373432707, 51.65813092621136], [-0.397068873435468, 51.66018091013155], [-0.396428845388537, 51.66315752453649], [-0.399968365735962, 51.66324176612171], [-0.403609611532312, 51.66043185478415], [-0.407912188658894, 51.662252693559715], [-0.41030134570801, 51.665459234078156], [-0.415260628683395, 51.67044487458775], [-0.418148794353013, 51.673469146281846], [-0.420514808436591, 51.6752993823076], [-0.424674392385318, 51.677549283709304], [-0.429395586302758, 51.68197360827681], [-0.437000379004229, 51.6925866263269], [-0.444757616795948, 51.70392048747658], [-0.445635963564397, 51.70573948537928], [-0.447628333382878, 51.708841058638185], [-0.450000270760616, 51.712702922312914], [-0.450610839055686, 51.714320524252884], [-0.450419031712002, 51.71823845936856], [-0.45138815227746, 51.72080493100993], [-0.454094437377312, 51.72635258614833], [-0.456910819132078, 51.729536756213996], [-0.461974543053416, 51.732651378110056], [-0.464618299888582, 51.735401487466866], [-0.46762779552496, 51.73633995132498], [-0.471853729348008, 51.73900261006203], [-0.474713903362997, 51.7409460335487], [-0.47380692037824, 51.74336205362004], [-0.474467958249626, 51.74695837430083], [-0.473738050666018, 51.748414565434125], [-0.472281355561308, 51.75337710883868], [-0.472266037123347, 51.751254840666235]]}}, {"type": "Feature", "properties": {"route": "97", "route_name": "", "route_id": "77967", "agency": "Arriva Herts and Essex", "agency_id": "OP50", "geometry_source": "GTFS stop sequence"}, "geometry": {"type": "LineString", "coordinates": [[-0.24572, 52.02065], [-0.24277, 52.01964], [-0.23571, 52.01748], [-0.23151, 52.01651], [-0.22822, 52.01888], [-0.22589, 52.02039], [-0.22396, 52.01835], [-0.22142, 52.01434], [-0.22551, 52.01336], [-0.22676, 52.01378], [-0.22954, 52.01444], [-0.23128, 52.01563], [-0.23447, 52.01489], [-0.23637, 52.013], [-0.23857, 52.01062], [-0.24357, 52.00186], [-0.24489, 51.99904], [-0.246338800224393, 51.98756407999247], [-0.246519686483621, 51.984797321183535], [-0.243275907080472, 51.98395770493318], [-0.237368386327651, 51.98234982733311], [-0.233678406999035, 51.981386371966465], [-0.230111679759267, 51.979516485027816], [-0.23712115610862, 51.97714889631535], [-0.235937124831899, 51.97541373969253], [-0.234350998216861, 51.973169003042365], [-0.233206583925511, 51.97154231186028], [-0.234163816687745, 51.968301651927405], [-0.238106181975274, 51.96688605980227], [-0.243559525615624, 51.9636765504598], [-0.248816281229657, 51.959142078507774], [-0.246827879542307, 51.95638798164927], [-0.248008461457388, 51.95484997951157], [-0.247411243257588, 51.952997777563084], [-0.244327496572717, 51.951099525322306], [-0.248367421044198, 51.95124062825467], [-0.251353666356689, 51.95228310735164], [-0.253391516389001, 51.95451634021653], [-0.255875445740059, 51.956135713497225], [-0.257851666527732, 51.95546361540594], [-0.262137017417351, 51.95453785569641], [-0.263445148924336, 51.9530735182618], [-0.271150436186943, 51.95251253768885], [-0.27382738758315, 51.9536667931727], [-0.275683715735607, 51.952695912135255], [-0.276383335017196, 51.94963098065864]]}}, {"type": "Feature", "properties": {"route": "7", "route_name": "", "route_id": "28480", "agency": "Arriva Herts and Essex", "agency_id": "OP50", "geometry_source": "GTFS stop sequence"}, "geometry": {"type": "LineString", "coordinates": [[0.6554632305, 51.6015841306], [0.6576088208, 51.6022190562], [0.6609878787, 51.60394117], [0.6634025904, 51.6054692386], [0.6675882936, 51.6071458712], [0.6697277429, 51.6086530895], [0.6751755927, 51.6123782351], [0.6793774259, 51.6148005495], [0.6842964859, 51.6144363011], [0.6864150349, 51.6131287197], [0.6907896686, 51.6086935858], [0.6924530698, 51.6058044671], [0.6941617869, 51.6024646026], [0.695192577, 51.600849065], [0.6963212096, 51.5984488273], [0.6980253883, 51.5935800928], [0.6990834024, 51.589994293], [0.7001449208, 51.5869570095], [0.7041915041, 51.5858115454], [0.7079970036, 51.5825580052], [0.7073818642, 51.578767903], [0.7069403391, 51.573768644], [0.7063478633, 51.569384431], [0.7019120549, 51.5658892471], [0.6966171807, 51.5622517691], [0.6959455027, 51.5591913907], [0.695433146, 51.5573594735], [0.6947723696, 51.5559446714], [0.6933006605, 51.5525249251], [0.6866412906, 51.5531093653], [0.6944232563, 51.5527239795], [0.6979263431, 51.5521937614], [0.7021871489, 51.5505757373], [0.7056404561, 51.5479958799], [0.7087503202, 51.5442546735], [0.7119019001, 51.5414657433], [0.7141004776, 51.5391484699], [0.7149557101, 51.5365564781], [0.7147748725, 51.5364257597], [0.7179152016, 51.5351568517], [0.7224312843, 51.5351959851], [0.7255846458, 51.5353565653], [0.7297401824, 51.5353948037], [0.7327117449, 51.5356493617], [0.736762876, 51.5358696588], [0.7396715024, 51.5360355724], [0.7440599198, 51.5377856652], [0.7502059072, 51.5385410503], [0.7556603701, 51.5378733677], [0.7605878018, 51.5373167701], [0.7665687885, 51.536537248], [0.7683691606, 51.5350737385], [0.7683580677, 51.5310897556], [0.7722894899, 51.5317163689], [0.7758710565, 51.5322791839], [0.779802887, 51.5333822084], [0.7800498997, 51.5364882062], [0.7815586635, 51.539708179], [0.7868842622, 51.5400044336], [0.7896396971, 51.5404875343], [0.7937664278, 51.5388693285]]}}, {"type": "Feature", "properties": {"route": "331", "route_name": "", "route_id": "11295", "agency": "Arriva Herts and Essex", "agency_id": "OP50", "geometry_source": "GTFS stop sequence"}, "geometry": {"type": "LineString", "coordinates": [[-0.027583385655986, 51.95353934305014], [-0.024629094404055, 51.95453288375622], [-0.028893822297041, 51.956510680589105], [-0.027881015010936, 51.94708804083002], [-0.018068674398333, 51.9458801610818], [-0.015500677246359, 51.94571100646433], [0.001420896245008, 51.94863468401093], [0.02134851413365, 51.94619002275834], [0.025377087698544, 51.9332260600878], [0.023845640873715, 51.926993874092496], [0.023633149281044, 51.916449734156366], [0.024287719678817, 51.90837250423779], [0.021849530243614, 51.904260040349236], [0.020250602230477, 51.90005218978192], [0.013905591999225, 51.8940372919374], [0.013836846614554, 51.890549503405595], [0.017538834584405, 51.88884050927366], [0.022573602726132, 51.88672182689252], [0.024554317927015, 51.88455660688467], [0.018855390303043, 51.883845242342424], [0.006862789209878, 51.88471584880823], [-0.004678306818703, 51.87643253590311], [-0.007268955359377, 51.87238500824298], [-0.010306788414483, 51.86740980208542], [-0.015756625463463, 51.859094170223], [-0.020504500255407, 51.852169257602625], [-0.022587055679005, 51.84904803088941], [-0.028072755291246, 51.84013895198082], [-0.030348658521029, 51.83688594791489], [-0.031987620508457, 51.83325356261668], [-0.034939677947799, 51.824454602341206], [-0.035983374367765, 51.81814152309751], [-0.034330855705765, 51.8131052424419], [-0.031333805692274, 51.81096890234209], [-0.027040474045903, 51.805636476939], [-0.031780747438142, 51.80803592526514], [-0.038767513191788, 51.80748725447356], [-0.042997494456046, 51.80494100230083], [-0.053236611858789, 51.80194573139065], [-0.060048941006557, 51.80002609799015], [-0.064958056982819, 51.798848091926764], [-0.06746170841716, 51.79829578831867], [-0.070881402787146, 51.79768652906659], [-0.076601404596804, 51.79788815586684]]}}, {"type": "Feature", "properties": {"route": "7", "route_name": "", "route_id": "28480", "agency": "Arriva Herts and Essex", "agency_id": "OP50", "geometry_source": "GTFS stop sequence"}, "geometry": {"type": "LineString", "coordinates": [[0.7079970036, 51.5825580052], [0.7073818642, 51.578767903], [0.7069403391, 51.573768644], [0.7063478633, 51.569384431], [0.7019120549, 51.5658892471], [0.6966171807, 51.5622517691], [0.6959455027, 51.5591913907], [0.695433146, 51.5573594735], [0.6947723696, 51.5559446714], [0.6933006605, 51.5525249251], [0.6866412906, 51.5531093653], [0.6944232563, 51.5527239795], [0.6979263431, 51.5521937614], [0.7021871489, 51.5505757373], [0.7056404561, 51.5479958799], [0.7087503202, 51.5442546735], [0.7119019001, 51.5414657433], [0.7141004776, 51.5391484699], [0.7149557101, 51.5365564781], [0.7147748725, 51.5364257597], [0.7179152016, 51.5351568517], [0.7224312843, 51.5351959851], [0.7255846458, 51.5353565653], [0.7297401824, 51.5353948037], [0.7327117449, 51.5356493617], [0.736762876, 51.5358696588], [0.7396715024, 51.5360355724], [0.7440599198, 51.5377856652], [0.7502059072, 51.5385410503], [0.7556603701, 51.5378733677], [0.7605878018, 51.5373167701], [0.7665687885, 51.536537248], [0.7683691606, 51.5350737385], [0.7683580677, 51.5310897556], [0.7722894899, 51.5317163689], [0.7758710565, 51.5322791839], [0.779802887, 51.5333822084], [0.7800498997, 51.5364882062], [0.7815586635, 51.539708179], [0.7848811586, 51.5421565739], [0.7831295977, 51.543942956], [0.7861206581, 51.5463901898], [0.7872721634, 51.5529552757], [0.7908128013, 51.5537614537], [0.7936956488, 51.5537197932], [0.7981321895, 51.5533711855], [0.8016633089, 51.5530800193], [0.8054819043, 51.5530067147], [0.8100794791, 51.5531664487], [0.8176589067, 51.5523190342], [0.8219177836, 51.5519018406], [0.8243231858, 51.5530041391]]}}, {"type": "Feature", "properties": {"route": "331", "route_name": "", "route_id": "11295", "agency": "Arriva Herts and Essex", "agency_id": "OP50", "geometry_source": "GTFS stop sequence"}, "geometry": {"type": "LineString", "coordinates": [[-0.034016892216427, 51.8116522449586], [-0.034478955929179, 51.81303578050528], [-0.035583193843116, 51.81733453091085], [-0.035221841683201, 51.824306449782014], [-0.032209484656423, 51.83315836113384], [-0.030317683072512, 51.83726310135276], [-0.028288772668441, 51.84017854261182], [-0.022727416293052, 51.84915829693459], [-0.020617817362524, 51.85223410999916], [-0.015772206645621, 51.85940016734439], [-0.010381581872814, 51.86768982475476], [-0.007269964881445, 51.87269075938108], [-0.004548243469677, 51.87674505594602], [0.007530303469614, 51.884695468152714], [0.019532953295699, 51.8840494259052], [0.024073162596308, 51.88484364423389], [0.022112175417272, 51.88712541528307], [0.017097970361103, 51.888731170126974], [0.014155979913267, 51.890211329768114], [0.013797102267937, 51.893886281882374], [0.019307779412082, 51.89880047727411], [0.021719199228456, 51.90427127189809], [0.02415899360681, 51.90841967948042], [0.023397451741762, 51.916705567434306], [0.024004761203505, 51.92794430499685], [0.025362210837987, 51.933864757889936], [0.021199082327812, 51.94642638373772], [0.001754929137315, 51.94862001208371], [-0.016059929957735, 51.94556756841207], [-0.018568460326934, 51.94609539242353], [-0.026109463939325, 51.947004395513076]]}}, {"type": "Feature", "properties": {"route": "308", "route_name": "", "route_id": "9112", "agency": "Arriva Herts and Essex", "agency_id": "OP50", "geometry_source": "GTFS stop sequence"}, "geometry": {"type": "LineString", "coordinates": [[-0.076713522404532, 51.79797991200934], [-0.07892700366482, 51.79333117048569], [-0.080891002775873, 51.79010807367967], [-0.086063343794152, 51.78712606008205], [-0.084163954559243, 51.78473017205401], [-0.084564245386571, 51.75508035407405], [-0.095457881746798, 51.75754142353209], [-0.103134842939211, 51.75898743582745], [-0.124681666322549, 51.74570105187053], [-0.129755864183969, 51.75401876525708], [-0.124481602005437, 51.74563491361988], [-0.117635187347992, 51.72912362899453], [-0.125444869844275, 51.713260285265875], [-0.116475026424464, 51.71104859986627], [-0.114025693634116, 51.708338601644634], [-0.109533874432071, 51.70845524207226]]}}, {"type": "Feature", "properties": {"route": "302", "route_name": "", "route_id": "12369042", "agency": "Arriva Herts and Essex", "agency_id": "OP50", "geometry_source": "GTFS stop sequence"}, "geometry": {"type": "LineString", "coordinates": [[-0.474269485391726, 51.74682991253031], [-0.473738050666018, 51.748414565434125], [-0.472434808242229, 51.752264117882746], [-0.472717476482068, 51.754192039847325], [-0.467186793761587, 51.755792524796476], [-0.459435361796856, 51.755367481036814], [-0.453203034687909, 51.75670634109678], [-0.446585169656952, 51.75786893274511], [-0.443106181550413, 51.75833543906609], [-0.438740785868886, 51.75929361564382], [-0.437148859622261, 51.75545991803124], [-0.435461031360581, 51.750635814479516], [-0.43274969634502, 51.748189873430896], [-0.428384105020464, 51.747088522645], [-0.424107165419284, 51.74594323769094], [-0.415500119239666, 51.74353458541996], [-0.410823180405981, 51.742662168022605], [-0.405146858421561, 51.74179398956], [-0.397605327109386, 51.74206906712696], [-0.365553936101936, 51.748020957385485], [-0.3602040084634, 51.7505451054667], [-0.357028963003906, 51.7534051597388], [-0.35565300159387, 51.75459083681552], [-0.35197126732752, 51.759412898964804], [-0.349572526750437, 51.762013877586284], [-0.346325733285852, 51.76322711476477], [-0.342545473000699, 51.76119564532065], [-0.341220314808697, 51.75939654772544], [-0.337214393511146, 51.75523961751155], [-0.336842975879528, 51.75391254540744], [-0.337911761008585, 51.752030362000646], [-0.332185443581347, 51.75095113582841], [-0.326838258506402, 51.750596384386625], [-0.32281810364046, 51.75157316163432], [-0.319540934378341, 51.7524345399025], [-0.315899751554793, 51.752562261826924], [-0.313035962220305, 51.75204461704377], [-0.307364281297866, 51.752619487754004], [-0.301053037612114, 51.752087818837445], [-0.295741654318488, 51.751938984871984], [-0.291561523927905, 51.751374743838056], [-0.284212245666525, 51.751483491279686], [-0.278718287798997, 51.752329335499276], [-0.269020031283924, 51.755136284322795], [-0.257185838567977, 51.75881898083127], [-0.250066804821219, 51.75968434428668], [-0.244382125034429, 51.760921400912615], [-0.240351057680168, 51.75987199510087], [-0.236301869363, 51.76003610535701], [-0.233090093024341, 51.761390627549275], [-0.229343889534568, 51.76195470383924], [-0.22629271812335, 51.76216047705328], [-0.222473626903253, 51.763469576597984], [-0.219643848964727, 51.76246459633944], [-0.216772840548016, 51.76177364412848], [-0.215443428460445, 51.7635159138167], [-0.217308953649065, 51.766925241027025], [-0.220481983298661, 51.76805236945505], [-0.223377593920096, 51.77145020834191], [-0.218564408910942, 51.773688320805526], [-0.21810959509891, 51.7749313229973], [-0.220356367405353, 51.777141435856215], [-0.223072813787926, 51.785113509201196], [-0.220022120526697, 51.786739877030854], [-0.21775686755859, 51.788665821508516], [-0.217317779507752, 51.789873089003414], [-0.222116893485877, 51.79172618375402], [-0.221447070114298, 51.79327167313337], [-0.219574308340158, 51.794430274842426], [-0.216186034522333, 51.798344399097694], [-0.214891577828791, 51.79990734884953], [-0.210721598545217, 51.80193011310122], [-0.207631765076701, 51.80048029446677], [-0.204203170406151, 51.80245118471828]]}}, {"type": "Feature", "properties": {"route": "8", "route_name": "", "route_id": "115695", "agency": "Arriva Herts and Essex", "agency_id": "OP50", "geometry_source": "GTFS stop sequence"}, "geometry": {"type": "LineString", "coordinates": [[0.9186438535, 51.9106900629], [0.9194651829, 51.9114701104], [0.9228093724, 51.9123583648], [0.9232812489, 51.9133539231], [0.9219146742, 51.915375469], [0.9224527484, 51.9162704562], [0.9223876018, 51.9179538805], [0.9209974694, 51.9193914137], [0.9165334367, 51.921651655], [0.9125932619, 51.9205531368], [0.9097510838, 51.9195622354], [0.902913814, 51.9159358834], [0.9008591065, 51.9149703016], [0.8998197518, 51.9137368299], [0.9021222071, 51.9122320761], [0.9004815289, 51.9095654794], [0.9028383136, 51.9082302469], [0.9008025933, 51.9041704044], [0.8962868482, 51.9022311598], [0.8955596106, 51.901322728], [0.8951143449, 51.8993730892], [0.8956884495, 51.8960942837], [0.8959525126, 51.8945498778], [0.8963454427, 51.8929753164], [0.8997590263, 51.8897794083], [0.9042148144, 51.8890039228]]}}, {"type": "Feature", "properties": {"route": "301", "route_name": "", "route_id": "7640", "agency": "Arriva Herts and Essex", "agency_id": "OP50", "geometry_source": "GTFS stop sequence"}, "geometry": {"type": "LineString", "coordinates": [[-0.336842975879528, 51.75391254540744], [-0.337911761008585, 51.752030362000646], [-0.332185443581347, 51.75095113582841], [-0.326838258506402, 51.750596384386625], [-0.32281810364046, 51.75157316163432], [-0.319540934378341, 51.7524345399025], [-0.315899751554793, 51.752562261826924], [-0.313035962220305, 51.75204461704377], [-0.307364281297866, 51.752619487754004], [-0.301053037612114, 51.752087818837445], [-0.295741654318488, 51.751938984871984], [-0.291561523927905, 51.751374743838056], [-0.284212245666525, 51.751483491279686], [-0.278718287798997, 51.752329335499276], [-0.269020031283924, 51.755136284322795], [-0.257185838567977, 51.75881898083127], [-0.250066804821219, 51.75968434428668], [-0.244382125034429, 51.760921400912615], [-0.240351057680168, 51.75987199510087], [-0.236301869363, 51.76003610535701], [-0.233090093024341, 51.761390627549275], [-0.229343889534568, 51.76195470383924], [-0.22629271812335, 51.76216047705328], [-0.222473626903253, 51.763469576597984], [-0.216772840548016, 51.76177364412848], [-0.215443428460445, 51.7635159138167]]}}, {"type": "Feature", "properties": {"route": "323", "route_name": "", "route_id": "86897", "agency": "Arriva Herts and Essex", "agency_id": "OP50", "geometry_source": "GTFS stop sequence"}, "geometry": {"type": "LineString", "coordinates": [[-0.025591461621456, 51.816222992244164], [-0.020790435482893, 51.815198090469735], [-0.016922595032546, 51.814071834682], [-0.018748597449895, 51.81213331670965], [-0.021570421372739, 51.81196501906767], [-0.023569748529357, 51.809705623106055], [-0.028475683257312, 51.80997682695941], [-0.027040474045903, 51.805636476939], [-0.031780747438142, 51.80803592526514], [-0.038767513191788, 51.80748725447356], [-0.042997494456046, 51.80494100230083], [-0.04794277307334, 51.803620428335456], [-0.053236611858789, 51.80194573139065], [-0.060048941006557, 51.80002609799015], [-0.064958056982819, 51.798848091926764], [-0.06746170841716, 51.79829578831867], [-0.070881402787146, 51.79768652906659], [-0.076657081045658, 51.79794301988633], [-0.080072075956493, 51.79675791710286], [-0.082806166722335, 51.79623602784657], [-0.08864822960896, 51.79732029291252], [-0.091334213257962, 51.79862283473942], [-0.099099125021883, 51.798829569261855], [-0.101912100106524, 51.80091623739022], [-0.102281035263748, 51.80283752194423], [-0.10492217192185, 51.80453467824718], [-0.109046985755819, 51.80301847356074]]}}, {"type": "Feature", "properties": {"route": "331", "route_name": "", "route_id": "11295", "agency": "Arriva Herts and Essex", "agency_id": "OP50", "geometry_source": "GTFS stop sequence"}, "geometry": {"type": "LineString", "coordinates": [[-0.027881015010936, 51.94708804083002], [-0.018068674398333, 51.9458801610818], [-0.014830901875824, 51.941437470917485], [-0.012659580251737, 51.93888304877546], [-0.011502003445482, 51.93742476508252], [-0.002501037094763, 51.92619408476019], [0.013905591999225, 51.8940372919374], [0.013836846614554, 51.890549503405595], [0.017538834584405, 51.88884050927366], [0.022573602726132, 51.88672182689252], [0.024554317927015, 51.88455660688467], [0.018855390303043, 51.883845242342424], [0.006862789209878, 51.88471584880823], [-0.034939677947799, 51.824454602341206], [-0.035983374367765, 51.81814152309751], [-0.034330855705765, 51.8131052424419], [-0.031333805692274, 51.81096890234209], [-0.027040474045903, 51.805636476939], [-0.031780747438142, 51.80803592526514], [-0.038767513191788, 51.80748725447356], [-0.042997494456046, 51.80494100230083], [-0.04794277307334, 51.803620428335456], [-0.053236611858789, 51.80194573139065], [-0.060048941006557, 51.80002609799015], [-0.064958056982819, 51.798848091926764], [-0.06746170841716, 51.79829578831867], [-0.070881402787146, 51.79768652906659], [-0.076601404596804, 51.79788815586684]]}}, {"type": "Feature", "properties": {"route": "302", "route_name": "", "route_id": "12369042", "agency": "Arriva Herts and Essex", "agency_id": "OP50", "geometry_source": "GTFS stop sequence"}, "geometry": {"type": "LineString", "coordinates": [[-0.204203170406151, 51.80245118471828], [-0.206358651319898, 51.80368901852851], [-0.209552733872628, 51.80214611214339], [-0.211493385134707, 51.80038623515811], [-0.214693624771724, 51.7997784548587], [-0.216158512785341, 51.797939340416676], [-0.219968813697759, 51.793986647141686], [-0.22171818518882, 51.79301500547884], [-0.220343951733191, 51.791087901276335], [-0.217654942501774, 51.79014796211355], [-0.21952024979596, 51.78696607016162], [-0.222266315692218, 51.783869407086904], [-0.21949772956231, 51.777227346137785], [-0.218065046160545, 51.77532629809273], [-0.219746626233778, 51.77348142992692], [-0.223386769202022, 51.771216553617506], [-0.219854218962767, 51.76780007813976], [-0.217273612808373, 51.76708656222849], [-0.215638038504977, 51.76372568607792], [-0.217344344888855, 51.76198013908143], [-0.221602881177392, 51.76276401590679], [-0.227721504700065, 51.761939243983726], [-0.233373675533174, 51.76117908090318], [-0.235792201098773, 51.76010039277624], [-0.240746958385576, 51.75975203284664], [-0.244348439156837, 51.76066912049144], [-0.252453633075853, 51.759414127092704], [-0.257648607475518, 51.75846616054013], [-0.270344229016944, 51.75460726577785], [-0.275856303488491, 51.75291682697409], [-0.279702431928178, 51.7519750719116], [-0.284448004313388, 51.75137902867477], [-0.293353262045555, 51.751499687349884], [-0.296380454432067, 51.75190328610688], [-0.300680272237104, 51.751983517850896], [-0.304701972747776, 51.75252716430815], [-0.310970700260825, 51.75187108378902], [-0.314152589470562, 51.75201567912973], [-0.317946790055261, 51.75244770410686], [-0.324521737143279, 51.75173233980593], [-0.326993680314893, 51.750310853854934], [-0.330388405980934, 51.750574934773134], [-0.333516254362532, 51.75100598086067], [-0.337225628139179, 51.75177787422906], [-0.337028583910891, 51.753987107312234], [-0.33818360427169, 51.75567594664511], [-0.341394097035605, 51.75979464548567], [-0.34332065943016, 51.761791049476045], [-0.346644047262676, 51.76324058447249], [-0.350131344523584, 51.761392287632994], [-0.35236310087981, 51.758600126542746], [-0.355330174245721, 51.7547032151], [-0.356901246280436, 51.75333143890565], [-0.361016496716759, 51.74971119664185], [-0.365719692369669, 51.74784342374418], [-0.397553777132844, 51.7418885261145], [-0.405151605304831, 51.7416591754765], [-0.411764856628777, 51.74265691362621], [-0.416624999878466, 51.74367563194283], [-0.424971515619562, 51.74608071023444], [-0.427826282264421, 51.746883241103454], [-0.433041775227972, 51.74812183288861], [-0.435403499419162, 51.75146229942594], [-0.43774801040039, 51.75615126332201], [-0.438842392351426, 51.75970858983593], [-0.444439288774348, 51.75748987234155], [-0.446518616133842, 51.75769720830457], [-0.454364329469051, 51.756218074835914], [-0.459396809247908, 51.75522310651878], [-0.467858146516394, 51.75564841672725], [-0.470622301390852, 51.754884142716044], [-0.472281355561308, 51.75337710883868], [-0.472229418758919, 51.751910767506025], [-0.473683402411396, 51.74874655320307], [-0.473816383834508, 51.74694991541759]]}}, {"type": "Feature", "properties": {"route": "302", "route_name": "", "route_id": "12369042", "agency": "Arriva Herts and Essex", "agency_id": "OP50", "geometry_source": "GTFS stop sequence"}, "geometry": {"type": "LineString", "coordinates": [[-0.490582358634657, 51.74285934735219], [-0.489613008812114, 51.74326051775093], [-0.486140911896776, 51.74313492045342], [-0.479238385146626, 51.74423273043472], [-0.474269485391726, 51.74682991253031], [-0.473738050666018, 51.748414565434125], [-0.472434808242229, 51.752264117882746], [-0.472717476482068, 51.754192039847325], [-0.467186793761587, 51.755792524796476], [-0.459435361796856, 51.755367481036814], [-0.452887046919487, 51.755353407691814], [-0.451088089009468, 51.75372916883538], [-0.445711285143637, 51.751248377438436], [-0.443911748017719, 51.75049622725141], [-0.441190186254108, 51.75170103978215], [-0.435461031360581, 51.750635814479516], [-0.43274969634502, 51.748189873430896], [-0.428384105020464, 51.747088522645], [-0.424107165419284, 51.74594323769094], [-0.415500119239666, 51.74353458541996], [-0.410823180405981, 51.742662168022605], [-0.405146858421561, 51.74179398956], [-0.397605327109386, 51.74206906712696], [-0.365553936101936, 51.748020957385485], [-0.3602040084634, 51.7505451054667], [-0.357028963003906, 51.7534051597388], [-0.35565300159387, 51.75459083681552], [-0.35197126732752, 51.759412898964804], [-0.349572526750437, 51.762013877586284], [-0.346325733285852, 51.76322711476477], [-0.342545473000699, 51.76119564532065], [-0.341220314808697, 51.75939654772544], [-0.337214393511146, 51.75523961751155], [-0.336842975879528, 51.75391254540744], [-0.337911761008585, 51.752030362000646], [-0.332185443581347, 51.75095113582841], [-0.326838258506402, 51.750596384386625], [-0.32281810364046, 51.75157316163432], [-0.319540934378341, 51.7524345399025], [-0.315899751554793, 51.752562261826924], [-0.313035962220305, 51.75204461704377], [-0.307364281297866, 51.752619487754004], [-0.301053037612114, 51.752087818837445], [-0.295741654318488, 51.751938984871984], [-0.291561523927905, 51.751374743838056], [-0.284212245666525, 51.751483491279686], [-0.278718287798997, 51.752329335499276], [-0.269020031283924, 51.755136284322795], [-0.257185838567977, 51.75881898083127], [-0.250066804821219, 51.75968434428668], [-0.244382125034429, 51.760921400912615], [-0.240351057680168, 51.75987199510087], [-0.236301869363, 51.76003610535701], [-0.233090093024341, 51.761390627549275], [-0.229343889534568, 51.76195470383924], [-0.22629271812335, 51.76216047705328], [-0.222473626903253, 51.763469576597984], [-0.219643848964727, 51.76246459633944], [-0.216772840548016, 51.76177364412848], [-0.215443428460445, 51.7635159138167], [-0.217308953649065, 51.766925241027025], [-0.220481983298661, 51.76805236945505], [-0.223377593920096, 51.77145020834191], [-0.218564408910942, 51.773688320805526], [-0.21810959509891, 51.7749313229973], [-0.220356367405353, 51.777141435856215], [-0.223072813787926, 51.785113509201196], [-0.220022120526697, 51.786739877030854], [-0.21775686755859, 51.788665821508516], [-0.217317779507752, 51.789873089003414], [-0.222116893485877, 51.79172618375402], [-0.221447070114298, 51.79327167313337], [-0.219574308340158, 51.794430274842426], [-0.216186034522333, 51.798344399097694], [-0.214891577828791, 51.79990734884953], [-0.210721598545217, 51.80193011310122], [-0.207631765076701, 51.80048029446677], [-0.204203170406151, 51.80245118471828]]}}, {"type": "Feature", "properties": {"route": "M3", "route_name": "", "route_id": "41882", "agency": "Arriva Herts and Essex", "agency_id": "OP50", "geometry_source": "GTFS stop sequence"}, "geometry": {"type": "LineString", "coordinates": [[-0.027937039660009, 51.80869089595227], [-0.030065951658718, 51.81043510950414], [-0.034016892216427, 51.8116522449586], [-0.034478955929179, 51.81303578050528], [-0.035583193843116, 51.81733453091085], [-0.031685455936826, 51.81821353080958], [-0.027462354641224, 51.81856539552129], [-0.008991451978506, 51.82120353734399], [0.020431724874983, 51.827274997629786], [0.022697322046779, 51.821157265446274], [0.005387589967709, 51.811382415228344], [-0.003658338021412, 51.80923433764708], [-0.013324633657164, 51.80846287605939], [-0.017221877156746, 51.80890633971704], [-0.023569748529357, 51.809705623106055], [-0.028475683257312, 51.80997682695941], [-0.027937039660009, 51.80869089595227], [-0.03217228004925, 51.80271008264382], [-0.046208344182252, 51.818572641951626], [-0.041696694597128, 51.81654627991001], [-0.044665589838622, 51.81365523691181]]}}, {"type": "Feature", "properties": {"route": "510A", "route_name": "", "route_id": "100793", "agency": "Arriva Herts and Essex", "agency_id": "OP50", "geometry_source": "GTFS stop sequence"}, "geometry": {"type": "LineString", "coordinates": [[0.0942468297, 51.7722898239], [0.1017407077, 51.7741613696], [0.1051048344, 51.7754320463], [0.1085955596, 51.7763046883], [0.1159990676, 51.776837075], [0.1228092999, 51.7773887055], [0.1257342113, 51.7785498261], [0.131215835, 51.7798174149], [0.1325005574, 51.7821591364], [0.1328532355, 51.7859475649], [0.1327107632, 51.7899967649], [0.1328071917, 51.7929625314], [0.132197886731976, 51.79941218219396], [0.135409249370625, 51.80260916270139], [0.140660292797018, 51.80690198466623], [0.145147896655073, 51.81006646560214], [0.147062668496526, 51.812504440240694], [0.14863715651075, 51.81632445037387], [0.149714582093916, 51.819146372985365], [0.153393560944005, 51.82478926156228], [0.154352381245968, 51.82876434780037], [0.156886048214709, 51.83926604235045], [0.157349034176211, 51.842270017318306], [0.154547570612099, 51.84744706413696], [0.157688788216401, 51.851499013577985], [0.161889095548096, 51.85309446874784], [0.163379866930655, 51.856322315712546], [0.164080962607063, 51.85882729738824], [0.16402800424432, 51.86135514334204], [0.163509364351414, 51.86295634343219], [0.162062785322012, 51.86459258643508], [0.160614508349463, 51.86649861406018], [0.161987258712114, 51.86937793866573], [0.161620769013083, 51.87173169290807], [0.158537263676322, 51.87498961262813], [0.159613065681305, 51.87803627395699], [0.162600125585223, 51.880939895503076], [0.165358082427581, 51.88269663316058], [0.169331174081762, 51.88524022159887], [0.174202024289238, 51.884997428674914], [0.176132146398028, 51.88554624687963], [0.1837276084, 51.8896499271], [0.1866260647, 51.8942721453], [0.192290322, 51.8923952244], [0.1986296975, 51.8948307709], [0.2022401696, 51.8955455836], [0.2070229975, 51.894376864], [0.2158590778, 51.8813605394], [0.2136420653, 51.8740914003], [0.2377690303, 51.8757660918], [0.2422455389, 51.8787203132], [0.2488373497, 51.8803749936], [0.2634314367, 51.8891685471]]}}, {"type": "Feature", "properties": {"route": "302", "route_name": "", "route_id": "12369042", "agency": "Arriva Herts and Essex", "agency_id": "OP50", "geometry_source": "GTFS stop sequence"}, "geometry": {"type": "LineString", "coordinates": [[-0.474269485391726, 51.74682991253031], [-0.473738050666018, 51.748414565434125], [-0.472434808242229, 51.752264117882746], [-0.472717476482068, 51.754192039847325], [-0.467186793761587, 51.755792524796476], [-0.459435361796856, 51.755367481036814], [-0.453203034687909, 51.75670634109678], [-0.446585169656952, 51.75786893274511], [-0.443106181550413, 51.75833543906609], [-0.438740785868886, 51.75929361564382], [-0.437148859622261, 51.75545991803124], [-0.435461031360581, 51.750635814479516], [-0.43274969634502, 51.748189873430896], [-0.428384105020464, 51.747088522645], [-0.424107165419284, 51.74594323769094], [-0.415500119239666, 51.74353458541996], [-0.410823180405981, 51.742662168022605], [-0.405146858421561, 51.74179398956], [-0.397605327109386, 51.74206906712696], [-0.365553936101936, 51.748020957385485], [-0.3602040084634, 51.7505451054667], [-0.357028963003906, 51.7534051597388], [-0.35565300159387, 51.75459083681552], [-0.35197126732752, 51.759412898964804], [-0.349572526750437, 51.762013877586284], [-0.346325733285852, 51.76322711476477], [-0.342545473000699, 51.76119564532065], [-0.341220314808697, 51.75939654772544], [-0.337214393511146, 51.75523961751155], [-0.336842975879528, 51.75391254540744], [-0.337911761008585, 51.752030362000646], [-0.332185443581347, 51.75095113582841], [-0.326838258506402, 51.750596384386625], [-0.32281810364046, 51.75157316163432], [-0.319540934378341, 51.7524345399025], [-0.315899751554793, 51.752562261826924], [-0.313035962220305, 51.75204461704377], [-0.307364281297866, 51.752619487754004], [-0.301053037612114, 51.752087818837445], [-0.295741654318488, 51.751938984871984], [-0.291561523927905, 51.751374743838056], [-0.284212245666525, 51.751483491279686], [-0.278718287798997, 51.752329335499276], [-0.269020031283924, 51.755136284322795], [-0.257185838567977, 51.75881898083127], [-0.250066804821219, 51.75968434428668], [-0.244382125034429, 51.760921400912615], [-0.240351057680168, 51.75987199510087], [-0.236301869363, 51.76003610535701], [-0.233090093024341, 51.761390627549275], [-0.229343889534568, 51.76195470383924], [-0.22629271812335, 51.76216047705328]]}}, {"type": "Feature", "properties": {"route": "7", "route_name": "", "route_id": "28480", "agency": "Arriva Herts and Essex", "agency_id": "OP50", "geometry_source": "GTFS stop sequence"}, "geometry": {"type": "LineString", "coordinates": [[0.6004633238, 51.5893528825], [0.6056695298, 51.5864763792], [0.6097010364, 51.588302371], [0.6125257983, 51.5912343193], [0.6138680432, 51.592985125], [0.6206298295, 51.5955682904], [0.6230904625, 51.596421641], [0.6297483471, 51.5981882051], [0.6342298725, 51.6007677245], [0.640598268, 51.6010112871], [0.6448750256, 51.6007980391], [0.6482038441, 51.6016672674], [0.6554632305, 51.6015841306], [0.6576088208, 51.6022190562], [0.6609878787, 51.60394117], [0.6634025904, 51.6054692386], [0.6675882936, 51.6071458712], [0.6697277429, 51.6086530895], [0.6751755927, 51.6123782351], [0.6793774259, 51.6148005495], [0.6842964859, 51.6144363011], [0.6864150349, 51.6131287197], [0.6907896686, 51.6086935858], [0.6924530698, 51.6058044671], [0.6941617869, 51.6024646026], [0.695192577, 51.600849065], [0.6963212096, 51.5984488273], [0.6980253883, 51.5935800928], [0.6990834024, 51.589994293], [0.7001449208, 51.5869570095], [0.7041915041, 51.5858115454], [0.7079970036, 51.5825580052], [0.7073818642, 51.578767903], [0.7069403391, 51.573768644], [0.7063478633, 51.569384431], [0.7019120549, 51.5658892471], [0.6966171807, 51.5622517691], [0.6959455027, 51.5591913907], [0.695433146, 51.5573594735], [0.6947723696, 51.5559446714], [0.6933006605, 51.5525249251], [0.6866412906, 51.5531093653], [0.6944232563, 51.5527239795], [0.6979263431, 51.5521937614], [0.7021871489, 51.5505757373], [0.7056404561, 51.5479958799], [0.7087503202, 51.5442546735], [0.7119019001, 51.5414657433], [0.7141004776, 51.5391484699], [0.7149557101, 51.5365564781], [0.7147748725, 51.5364257597], [0.7179152016, 51.5351568517], [0.7224312843, 51.5351959851], [0.7255846458, 51.5353565653], [0.7297401824, 51.5353948037], [0.7327117449, 51.5356493617], [0.736762876, 51.5358696588], [0.7396715024, 51.5360355724], [0.7440599198, 51.5377856652], [0.7502059072, 51.5385410503], [0.7556603701, 51.5378733677], [0.7605878018, 51.5373167701], [0.7665687885, 51.536537248], [0.7683691606, 51.5350737385], [0.7683580677, 51.5310897556], [0.7722894899, 51.5317163689], [0.7758710565, 51.5322791839], [0.779802887, 51.5333822084], [0.7800498997, 51.5364882062], [0.7815586635, 51.539708179]]}}, {"type": "Feature", "properties": {"route": "511", "route_name": "", "route_id": "107026", "agency": "Arriva Herts and Essex", "agency_id": "OP50", "geometry_source": "GTFS stop sequence"}, "geometry": {"type": "LineString", "coordinates": [[0.154547570612099, 51.84744706413696], [0.157688788216401, 51.851499013577985], [0.155205299784224, 51.85270457402398], [0.152281702610325, 51.8538192192432], [0.148109922875526, 51.856170570104325], [0.146506436134083, 51.85848391683359], [0.148452818833804, 51.86062454006016], [0.151613305485677, 51.86111530255885], [0.154623166236153, 51.86149183861052], [0.156877533777685, 51.861558427893115], [0.159440345563963, 51.86018052445705], [0.163141540605269, 51.85861976839353], [0.164080962607063, 51.85882729738824], [0.166406397886571, 51.86188687403912], [0.164319835543444, 51.86713189977197], [0.167383690251696, 51.8707353968606], [0.16940555314653, 51.874411992087396], [0.173024541520158, 51.87745656809332], [0.175808242673724, 51.879140647917474], [0.178763527613376, 51.87896005406526], [0.181428241588936, 51.877579789498284], [0.180523518939253, 51.87509666905711], [0.183187517631495, 51.87370738264354]]}}, {"type": "Feature", "properties": {"route": "320", "route_name": "", "route_id": "10388", "agency": "Arriva Herts and Essex", "agency_id": "OP50", "geometry_source": "GTFS stop sequence"}, "geometry": {"type": "LineString", "coordinates": [[-0.516631852254981, 51.620928458765], [-0.515379062946935, 51.62036411457591], [-0.511807476683936, 51.61959054933], [-0.510961771490157, 51.61983160206945], [-0.508921770662246, 51.62477827167246], [-0.504993617772601, 51.62825317284649], [-0.499354462913072, 51.63145431436387], [-0.4923544358956, 51.63383743715503], [-0.48817568659289, 51.634790811028765], [-0.484496315312526, 51.635930322389086], [-0.479940778991934, 51.63733713179855], [-0.465726933322176, 51.64016459124974], [-0.471208617369325, 51.64046088422024], [-0.466439065642248, 51.64218809768765], [-0.463318487372057, 51.64386477236277], [-0.455703727975382, 51.64678618836341], [-0.45463190259197, 51.64855250167686], [-0.447372290340131, 51.64823194641312], [-0.44613563024412, 51.64888998925682], [-0.445759682695738, 51.652274994291744], [-0.44808973208365, 51.65346577392636], [-0.443716790025085, 51.65325504270622], [-0.43667047371233, 51.65301758343914], [-0.433026602308075, 51.65262732448528], [-0.428385359557114, 51.65181896882815], [-0.421772201740185, 51.6516043936467], [-0.41635611251583, 51.651054905520134], [-0.412520990835729, 51.65076933328571], [-0.408701999848253, 51.64961162746485], [-0.403875374118263, 51.64998673465342], [-0.398522741184934, 51.652980145833325], [-0.397404754625258, 51.65516794265392], [-0.397083373432707, 51.65813092621136], [-0.397068873435468, 51.66018091013155], [-0.396428845388537, 51.66315752453649], [-0.398872949229615, 51.666014362714364], [-0.397353063902514, 51.670156935063936], [-0.396382185039389, 51.67348871062675], [-0.397020556271758, 51.67588929733483], [-0.396465119030956, 51.67892101203389], [-0.394842409937238, 51.68063430427289], [-0.392021469805257, 51.6843184091233], [-0.390944349421867, 51.68613802679139], [-0.389021657406479, 51.68773023373507], [-0.387193578031281, 51.68909890865732], [-0.385630375361761, 51.69155922674041], [-0.386323777673064, 51.694437197885314], [-0.392435347965486, 51.69713765297271], [-0.395242746123181, 51.69876761389679], [-0.397792354169622, 51.69991741665714], [-0.401135201124804, 51.70073626656022], [-0.405262972541906, 51.70187140419016], [-0.411892731409565, 51.70429911468665], [-0.414141569933886, 51.708690582271394], [-0.414549820137346, 51.70984705978269], [-0.411670623563549, 51.71642623659362], [-0.410505626870675, 51.71992632673768], [-0.410674128580113, 51.72172699078164], [-0.411842375686081, 51.72515971536152], [-0.415659771224858, 51.73027369081444], [-0.41831681103567, 51.73504821413094], [-0.422505735656552, 51.741183033594254], [-0.428033467648306, 51.74508763817954], [-0.433041775227972, 51.74812183288861], [-0.435403499419162, 51.75146229942594], [-0.43774801040039, 51.75615126332201], [-0.438842392351426, 51.75970858983593], [-0.440318418519176, 51.76354971453975], [-0.442933073217623, 51.76589527761785], [-0.445166559284925, 51.766266530035345], [-0.447643289061388, 51.7633499445753], [-0.446540125665041, 51.7596037614555], [-0.446518616133842, 51.75769720830457], [-0.454364329469051, 51.756218074835914], [-0.459396809247908, 51.75522310651878], [-0.467858146516394, 51.75564841672725], [-0.470622301390852, 51.754884142716044], [-0.472281355561308, 51.75337710883868], [-0.472229418758919, 51.751910767506025], [-0.473683402411396, 51.74874655320307], [-0.473816383834508, 51.74694991541759]]}}, {"type": "Feature", "properties": {"route": "SB1", "route_name": "", "route_id": "57061", "agency": "Arriva Herts and Essex", "agency_id": "OP50", "geometry_source": "GTFS stop sequence"}, "geometry": {"type": "LineString", "coordinates": [[-0.205009233378077, 51.90113230472668], [-0.200770492430218, 51.899170281042025], [-0.193886960502184, 51.8993795476222], [-0.174357166685011, 51.899599705361744], [-0.167680643186272, 51.90186081275122], [-0.165767412158993, 51.90422286188519], [-0.16756008557674, 51.906966354212464], [-0.171472520992246, 51.909428054766934], [-0.170984921618029, 51.913556761001324]]}}, {"type": "Feature", "properties": {"route": "7", "route_name": "", "route_id": "28480", "agency": "Arriva Herts and Essex", "agency_id": "OP50", "geometry_source": "GTFS stop sequence"}, "geometry": {"type": "LineString", "coordinates": [[0.6842964859, 51.6144363011], [0.6864150349, 51.6131287197], [0.6907896686, 51.6086935858], [0.6924530698, 51.6058044671], [0.6941617869, 51.6024646026], [0.695192577, 51.600849065], [0.6963212096, 51.5984488273], [0.6980253883, 51.5935800928], [0.6990834024, 51.589994293], [0.7001449208, 51.5869570095], [0.7041915041, 51.5858115454], [0.7079970036, 51.5825580052], [0.7073818642, 51.578767903], [0.7069403391, 51.573768644], [0.7063478633, 51.569384431], [0.7019120549, 51.5658892471], [0.6966171807, 51.5622517691], [0.6959455027, 51.5591913907], [0.695433146, 51.5573594735], [0.6947723696, 51.5559446714], [0.6933006605, 51.5525249251], [0.6866412906, 51.5531093653], [0.6944232563, 51.5527239795], [0.6979263431, 51.5521937614], [0.7021871489, 51.5505757373], [0.7056404561, 51.5479958799], [0.7087503202, 51.5442546735], [0.7119019001, 51.5414657433], [0.7141004776, 51.5391484699], [0.7149557101, 51.5365564781], [0.7147748725, 51.5364257597]]}}, {"type": "Feature", "properties": {"route": "4", "route_name": "", "route_id": "3576", "agency": "Arriva Herts and Essex", "agency_id": "OP50", "geometry_source": "GTFS stop sequence"}, "geometry": {"type": "LineString", "coordinates": [[-0.465291332104821, 51.77323887375031], [-0.466310415557373, 51.77481674506957], [-0.463592846306395, 51.77587825957952], [-0.45998037917867, 51.77512064138809], [-0.455828838381057, 51.77402313520205], [-0.454804118994935, 51.77559222827228], [-0.453324731033578, 51.77816241324734], [-0.44904913698171, 51.77602897880005], [-0.448953837834231, 51.77288958004794], [-0.448673299053068, 51.76923520166472], [-0.450359670550127, 51.764851452767026], [-0.454082570634039, 51.764468864341936], [-0.458327570993428, 51.76449763838108], [-0.462943223081311, 51.765133557330785], [-0.467136623291629, 51.765404116777255], [-0.471566868784169, 51.764670524379746], [-0.470458788595042, 51.76315448053761], [-0.467843165752854, 51.762940581339656], [-0.466515556082021, 51.76149357194752], [-0.466627992901034, 51.75988550441164], [-0.469819023477087, 51.758074774245124], [-0.472616651641008, 51.7563217895432], [-0.472281355561308, 51.75337710883868], [-0.472229418758919, 51.751910767506025], [-0.473683402411396, 51.74874655320307], [-0.473816383834508, 51.74694991541759], [-0.477763381667477, 51.74415968495945], [-0.48529120158423, 51.74298909541643], [-0.491163583898531, 51.74280386772315], [-0.49131369638768, 51.744819960591194], [-0.494606933830653, 51.746408777922476], [-0.497092374496405, 51.74833785532582], [-0.501773231839605, 51.75003412120727], [-0.504663040939882, 51.75289434249366], [-0.503401801840062, 51.75554885081777], [-0.499406114324552, 51.756765750889194], [-0.496071804319765, 51.75682204719744], [-0.49282959111425, 51.757158175359095], [-0.495165606747386, 51.76011043528568], [-0.499282528510651, 51.7613679656716], [-0.502285730777318, 51.76169400485918], [-0.498729445747014, 51.76144182938554], [-0.496513360446756, 51.76141350613706], [-0.493519050962142, 51.76343428850332], [-0.489583344340465, 51.76456170846092], [-0.487894528695708, 51.76219314056387], [-0.484708617253745, 51.75953550347061], [-0.48082399577199, 51.75741724879339], [-0.474177608550197, 51.75729519435583], [-0.472616651641008, 51.7563217895432], [-0.473372250344224, 51.75367902060764], [-0.473981411857074, 51.746781213529296], [-0.473738050666018, 51.748414565434125], [-0.472429120615024, 51.752003281237286]]}}, {"type": "Feature", "properties": {"route": "101", "route_name": "", "route_id": "18315", "agency": "Arriva Herts and Essex", "agency_id": "OP50", "geometry_source": "GTFS stop sequence"}, "geometry": {"type": "LineString", "coordinates": [[-0.41472, 51.88203], [-0.41009, 51.88265], [-0.40764, 51.88485], [-0.40359, 51.88866], [-0.4025, 51.89057], [-0.40126, 51.8931], [-0.40193, 51.8952], [-0.39983, 51.89859], [-0.39826, 51.90167], [-0.39309, 51.90584], [-0.38759, 51.90969], [-0.372391580056912, 51.92232300342129], [-0.365808188483624, 51.92220481119151], [-0.350872967123744, 51.92856044615951], [-0.341385149854866, 51.93027043936862], [-0.287243461045768, 51.94606689797091], [-0.283183388086467, 51.949892191102606], [-0.280421878847175, 51.94980692999546], [-0.276383335017196, 51.94963098065864], [-0.275006665719966, 51.94796532774556], [-0.27590721262607, 51.94573058210298], [-0.272607395285616, 51.94072775129631], [-0.264609999664724, 51.939486156715], [-0.259499572865843, 51.93771126232732], [-0.212554883352898, 51.923061438875735], [-0.208549475934684, 51.91919698438016], [-0.208645249999951, 51.916060280385686], [-0.208326320240566, 51.912018074713615], [-0.205531747214804, 51.9080820122422], [-0.205742947556378, 51.90132333210855]]}}, {"type": "Feature", "properties": {"route": "100", "route_name": "", "route_id": "97161", "agency": "Arriva Herts and Essex", "agency_id": "OP50", "geometry_source": "GTFS stop sequence"}, "geometry": {"type": "LineString", "coordinates": [[-0.276383335017196, 51.94963098065864], [-0.275006665719966, 51.94796532774556], [-0.271539524891143, 51.94655672005481], [-0.268502271282232, 51.94494752174251], [-0.266646189692699, 51.942897060902034], [-0.263986460747974, 51.94018731299988], [-0.259499572865843, 51.93771126232732], [-0.212554883352898, 51.923061438875735], [-0.208549475934684, 51.91919698438016], [-0.208645249999951, 51.916060280385686], [-0.208326320240566, 51.912018074713615], [-0.205531747214804, 51.9080820122422], [-0.205742947556378, 51.90132333210855]]}}, {"type": "Feature", "properties": {"route": "378", "route_name": "", "route_id": "10708", "agency": "Arriva Herts and Essex", "agency_id": "OP50", "geometry_source": "GTFS stop sequence"}, "geometry": {"type": "LineString", "coordinates": [[-0.076713522404532, 51.79797991200934], [-0.080072075956493, 51.79675791710286], [-0.082806166722335, 51.79623602784657], [-0.08864822960896, 51.79732029291252], [-0.091334213257962, 51.79862283473942], [-0.099099125021883, 51.798829569261855], [-0.165785670978081, 51.80879102183285], [-0.157941406187737, 51.814396343433906], [-0.156208072305322, 51.81740849655858], [-0.155776631124999, 51.821223358806314], [-0.161360865446245, 51.82341494542099], [-0.167067430585804, 51.83011318193493], [-0.168905968887346, 51.83273152847033], [-0.156037022985919, 51.84078514998685], [-0.155692516293823, 51.85063501267568], [-0.157668714364712, 51.85166409685455], [-0.156033976276734, 51.853293012313124], [-0.157878929102729, 51.85362764905273], [-0.159197205423711, 51.85050108122204], [-0.158437248945378, 51.84884364554116], [-0.15856946545507, 51.8484500665796], [-0.163210351738202, 51.84964663336451], [-0.177390377350013, 51.850136973977854], [-0.1813315300942, 51.852859606828176], [-0.182200547948078, 51.855076076658015], [-0.183494603355624, 51.858279229014556], [-0.183675202995235, 51.8610065868447], [-0.184407429810911, 51.86734823737161], [-0.188148758106519, 51.87219863259912], [-0.190748991427809, 51.88305595825742], [-0.19294291678534, 51.88487007710902], [-0.197321946187906, 51.88873184217032], [-0.200458192199059, 51.892799235350594], [-0.205742947556378, 51.90132333210855]]}}, {"type": "Feature", "properties": {"route": "308", "route_name": "", "route_id": "9112", "agency": "Arriva Herts and Essex", "agency_id": "OP50", "geometry_source": "GTFS stop sequence"}, "geometry": {"type": "LineString", "coordinates": [[-0.076713522404532, 51.79797991200934], [-0.07892700366482, 51.79333117048569], [-0.080891002775873, 51.79010807367967], [-0.086063343794152, 51.78712606008205], [-0.084163954559243, 51.78473017205401], [-0.084564245386571, 51.75508035407405], [-0.095457881746798, 51.75754142353209], [-0.103134842939211, 51.75898743582745], [-0.124681666322549, 51.74570105187053], [-0.129755864183969, 51.75401876525708]]}}, {"type": "Feature", "properties": {"route": "323", "route_name": "", "route_id": "86897", "agency": "Arriva Herts and Essex", "agency_id": "OP50", "geometry_source": "GTFS stop sequence"}, "geometry": {"type": "LineString", "coordinates": [[-0.109046985755819, 51.80301847356074], [-0.104354979087114, 51.80457049543141], [-0.101976273114497, 51.80284159452938], [-0.101778182334818, 51.79996090664731], [-0.100588149184108, 51.79894355695982], [-0.098803212910386, 51.798968658988954], [-0.091863401289301, 51.79948568105362], [-0.088653982103197, 51.797527206510765], [-0.082695954074291, 51.796441050754275], [-0.079852018111522, 51.79681726846792], [-0.076492346674306, 51.79772451214325], [-0.072567388205842, 51.798280690751184], [-0.065479032860707, 51.79887465008703], [-0.061025386867729, 51.79991631530166], [-0.052352266779376, 51.802272788681336], [-0.046949129097274, 51.80412547493161], [-0.044367384814369, 51.804792944486934], [-0.038337000998778, 51.807713870157876], [-0.030344511998876, 51.808371562642904], [-0.029391274627023, 51.810936360827824], [-0.028373675247324, 51.813311234882676], [-0.025591461621456, 51.816222992244164]]}}, {"type": "Feature", "properties": {"route": "29", "route_name": "", "route_id": "4279", "agency": "Arriva Herts and Essex", "agency_id": "OP50", "geometry_source": "GTFS stop sequence"}, "geometry": {"type": "LineString", "coordinates": [[0.7150527071, 51.5360056174], [0.7141100073, 51.5385816474], [0.7137832381, 51.5403609653], [0.7121542107, 51.5413429902], [0.7075841177, 51.5452619152], [0.7042857337, 51.5492322774], [0.7024299222, 51.5505341685], [0.6992980886, 51.549778881], [0.6956310256, 51.5497283248], [0.6884090946, 51.5505506397], [0.6857785716, 51.5507098424], [0.6815376808, 51.5509597804], [0.6774780163, 51.550611849], [0.6737161998, 51.5501760449], [0.6708949368, 51.5532351989], [0.6686621222, 51.5535378483], [0.6670512702, 51.5558408751], [0.6637276981, 51.5582187638], [0.6594747185, 51.5595114241], [0.6563284555, 51.5602392543], [0.65138839, 51.5596495374], [0.6475808451, 51.558683305], [0.6428889845, 51.5608756255], [0.6423825549, 51.5638369151], [0.6403298868, 51.5652681441], [0.636656339, 51.5668706858]]}}, {"type": "Feature", "properties": {"route": "C1", "route_name": "", "route_id": "27152", "agency": "Arriva Herts and Essex", "agency_id": "OP50", "geometry_source": "GTFS stop sequence"}, "geometry": {"type": "LineString", "coordinates": [[-0.109533874432071, 51.70845524207226], [-0.099301873312855, 51.70911743102816], [-0.093474413333462, 51.709670447317905], [-0.085456903355017, 51.70998068128514], [-0.07947653684602, 51.70866910450057], [-0.076087441688914, 51.707354725724855], [-0.069578153157389, 51.70658250863274], [-0.063292205031261, 51.70668586779101], [-0.061195093337888, 51.70834183399101]]}}, {"type": "Feature", "properties": {"route": "3", "route_name": "", "route_id": "10325273", "agency": "Arriva Herts and Essex", "agency_id": "OP50", "geometry_source": "GTFS stop sequence"}, "geometry": {"type": "LineString", "coordinates": [[0.9011358524, 51.8872362335], [0.896194233, 51.8883653267], [0.9008218594, 51.8898071571], [0.9057442205, 51.8899554389], [0.9093936351, 51.8899731299], [0.9137703769, 51.8899996691], [0.9176602287, 51.8908115791], [0.9207254572, 51.892129502], [0.9224763181, 51.8924547425], [0.92474126, 51.8937564737], [0.9286475785, 51.895260126], [0.9319153379, 51.8963298896], [0.9358066303, 51.8971501641], [0.9383997764, 51.8958982355], [0.9374786292, 51.8942574197], [0.9370614331, 51.8916506823], [0.9399818488, 51.8925220415], [0.9429416163, 51.890658265], [0.9455036926, 51.890495187], [0.9462695562, 51.8893158149], [0.9431964329, 51.8874411419], [0.9419788399, 51.8868240656], [0.9386397273, 51.8859902039], [0.9371709008, 51.8873129975], [0.9366038164, 51.8893147627], [0.9369424087, 51.8916086866]]}}, {"type": "Feature", "properties": {"route": "509A", "route_name": "", "route_id": "100792", "agency": "Arriva Herts and Essex", "agency_id": "OP50", "geometry_source": "GTFS stop sequence"}, "geometry": {"type": "LineString", "coordinates": [[0.0942468297, 51.7722898239], [0.1017407077, 51.7741613696], [0.1051048344, 51.7754320463], [0.1085955596, 51.7763046883], [0.1159990676, 51.776837075], [0.1228092999, 51.7773887055], [0.1257342113, 51.7785498261], [0.131215835, 51.7798174149], [0.1325005574, 51.7821591364], [0.1328532355, 51.7859475649], [0.1327107632, 51.7899967649], [0.1328071917, 51.7929625314], [0.132197886731976, 51.79941218219396], [0.135409249370625, 51.80260916270139], [0.140660292797018, 51.80690198466623], [0.145147896655073, 51.81006646560214], [0.147062668496526, 51.812504440240694], [0.14863715651075, 51.81632445037387], [0.149714582093916, 51.819146372985365], [0.153393560944005, 51.82478926156228], [0.154352381245968, 51.82876434780037], [0.156886048214709, 51.83926604235045], [0.157349034176211, 51.842270017318306], [0.154547570612099, 51.84744706413696], [0.157688788216401, 51.851499013577985], [0.161889095548096, 51.85309446874784], [0.163379866930655, 51.856322315712546], [0.164080962607063, 51.85882729738824], [0.16402800424432, 51.86135514334204], [0.163509364351414, 51.86295634343219], [0.162062785322012, 51.86459258643508], [0.160614508349463, 51.86649861406018], [0.161987258712114, 51.86937793866573], [0.167383690251696, 51.8707353968606], [0.16940555314653, 51.874411992087396], [0.173024541520158, 51.87745656809332], [0.175808242673724, 51.879140647917474], [0.178763527613376, 51.87896005406526], [0.181428241588936, 51.877579789498284], [0.180523518939253, 51.87509666905711], [0.183187517631495, 51.87370738264354], [0.186268209622109, 51.872526108743756], [0.193611018966733, 51.87265917414858], [0.2048674298, 51.8711268277], [0.2114763468, 51.8705171623], [0.221498313, 51.8698966662], [0.2278162363, 51.8695793347], [0.2353138598, 51.8690324212], [0.2409199813, 51.8687189166], [0.2476939026, 51.8682299599], [0.2587696675, 51.8686562484], [0.2663632017, 51.868582114], [0.2661715989, 51.8696828982], [0.2656751544, 51.8710773162], [0.2649122737, 51.8732412295], [0.2590162942, 51.8828507346], [0.2634314367, 51.8891685471]]}}, {"type": "Feature", "properties": {"route": "1", "route_name": "", "route_id": "115715", "agency": "Arriva Herts and Essex", "agency_id": "OP50", "geometry_source": "GTFS stop sequence"}, "geometry": {"type": "LineString", "coordinates": [[0.0736293516, 51.7468650889], [0.0724459497, 51.7491790412], [0.0702093081, 51.7503245374], [0.0704815472, 51.7556432657], [0.0731219857, 51.7569815498], [0.0711117062, 51.7580151568], [0.0679312453, 51.7572258776], [0.0677885793, 51.7547374841], [0.0699461271, 51.7534405584], [0.078988616, 51.7525255629], [0.0892416124, 51.7536746048], [0.0907281099, 51.7557434111], [0.0886962187, 51.7591247384], [0.0896925774, 51.7637561243], [0.0910638048, 51.7670859182], [0.0912768695, 51.7716952519], [0.0944028145, 51.7722151048]]}}, {"type": "Feature", "properties": {"route": "323", "route_name": "", "route_id": "86897", "agency": "Arriva Herts and Essex", "agency_id": "OP50", "geometry_source": "GTFS stop sequence"}, "geometry": {"type": "LineString", "coordinates": [[-0.031780747438142, 51.80803592526514], [-0.038767513191788, 51.80748725447356], [-0.042997494456046, 51.80494100230083], [-0.04794277307334, 51.803620428335456], [-0.053236611858789, 51.80194573139065], [-0.060048941006557, 51.80002609799015], [-0.064958056982819, 51.798848091926764], [-0.06746170841716, 51.79829578831867], [-0.070881402787146, 51.79768652906659], [-0.076657081045658, 51.79794301988633], [-0.080072075956493, 51.79675791710286], [-0.082806166722335, 51.79623602784657], [-0.08864822960896, 51.79732029291252], [-0.091334213257962, 51.79862283473942], [-0.099099125021883, 51.798829569261855], [-0.101912100106524, 51.80091623739022], [-0.102281035263748, 51.80283752194423], [-0.10492217192185, 51.80453467824718], [-0.109046985755819, 51.80301847356074], [-0.105455273620052, 51.798392638387426], [-0.104726559898563, 51.79640261852057], [-0.171558293171133, 51.79052810688298], [-0.176520434730863, 51.79045231251768], [-0.178947699214613, 51.79031009442929], [-0.182709852756471, 51.78942414226044], [-0.185014442339073, 51.78836271134125], [-0.18805787345586, 51.78405749469361], [-0.191599956578612, 51.783581504234526], [-0.197020831670022, 51.78397949201791], [-0.203798736398467, 51.78562089116205], [-0.20620736189052, 51.78630509594437], [-0.203964238199192, 51.789849684825526], [-0.201380563223154, 51.79684196717068], [-0.1998902384367, 51.799669636150554], [-0.199973795397692, 51.802305583002614], [-0.204548556516337, 51.80251940367969], [-0.208857524987568, 51.80504893977312], [-0.20582927560311, 51.80788920994068], [-0.201665011901977, 51.81192595746802]]}}, {"type": "Feature", "properties": {"route": "724", "route_name": "", "route_id": "28481", "agency": "Arriva Herts and Essex", "agency_id": "OP50", "geometry_source": "GTFS stop sequence"}, "geometry": {"type": "LineString", "coordinates": [[-0.204548556516337, 51.80251940367969], [-0.199852106823018, 51.80244759255344], [-0.192500169281079, 51.8067588858505], [-0.181635404069737, 51.80604284928564], [-0.172323072106226, 51.79994571431905], [-0.167707645134324, 51.79716725977532], [-0.100588149184108, 51.79894355695982], [-0.091863401289301, 51.79948568105362], [-0.088653982103197, 51.797527206510765], [-0.076601404596804, 51.79788815586684], [-0.061025386867729, 51.79991631530166], [-0.046949129097274, 51.80412547493161], [-0.031702005935529, 51.808178482807875], [-0.01765945284632, 51.793312145467745], [-0.014796896568117, 51.78749978886392], [0.0916405351, 51.7801866341], [0.0944371887, 51.772331394]]}}, {"type": "Feature", "properties": {"route": "724", "route_name": "", "route_id": "28481", "agency": "Arriva Herts and Essex", "agency_id": "OP50", "geometry_source": "GTFS stop sequence"}, "geometry": {"type": "LineString", "coordinates": [[-0.076601404596804, 51.79788815586684], [-0.061025386867729, 51.79991631530166], [-0.046949129097274, 51.80412547493161], [-0.031702005935529, 51.808178482807875], [-0.01765945284632, 51.793312145467745], [-0.014796896568117, 51.78749978886392], [0.0916405351, 51.7801866341], [0.0944371887, 51.772331394]]}}, {"type": "Feature", "properties": {"route": "7", "route_name": "", "route_id": "28480", "agency": "Arriva Herts and Essex", "agency_id": "OP50", "geometry_source": "GTFS stop sequence"}, "geometry": {"type": "LineString", "coordinates": [[0.6004633238, 51.5893528825], [0.6056695298, 51.5864763792], [0.6097010364, 51.588302371], [0.6125257983, 51.5912343193], [0.6138680432, 51.592985125], [0.6206298295, 51.5955682904], [0.6230904625, 51.596421641], [0.6297483471, 51.5981882051], [0.6342298725, 51.6007677245], [0.640598268, 51.6010112871], [0.6448750256, 51.6007980391], [0.6482038441, 51.6016672674], [0.6554632305, 51.6015841306], [0.6576088208, 51.6022190562], [0.6609878787, 51.60394117], [0.6634025904, 51.6054692386], [0.6675882936, 51.6071458712], [0.6697277429, 51.6086530895], [0.6751755927, 51.6123782351], [0.6793774259, 51.6148005495], [0.6842964859, 51.6144363011], [0.6864150349, 51.6131287197], [0.6907896686, 51.6086935858], [0.6924530698, 51.6058044671], [0.6941617869, 51.6024646026], [0.695192577, 51.600849065], [0.6963212096, 51.5984488273], [0.6980253883, 51.5935800928], [0.6990834024, 51.589994293], [0.7001449208, 51.5869570095], [0.7041915041, 51.5858115454], [0.7079970036, 51.5825580052], [0.7073818642, 51.578767903], [0.7069403391, 51.573768644], [0.7063478633, 51.569384431], [0.7019120549, 51.5658892471], [0.6966171807, 51.5622517691], [0.6959455027, 51.5591913907], [0.695433146, 51.5573594735], [0.6947723696, 51.5559446714], [0.6933006605, 51.5525249251], [0.6866412906, 51.5531093653], [0.6944232563, 51.5527239795], [0.6979263431, 51.5521937614], [0.7021871489, 51.5505757373], [0.7056404561, 51.5479958799], [0.7087503202, 51.5442546735], [0.7121792982, 51.5415222835]]}}, {"type": "Feature", "properties": {"route": "322", "route_name": "", "route_id": "85083", "agency": "Arriva Herts and Essex", "agency_id": "OP50", "geometry_source": "GTFS stop sequence"}, "geometry": {"type": "LineString", "coordinates": [[-0.396903953778616, 51.655430868535426], [-0.40153682013479, 51.654828607353124], [-0.400931690490032, 51.65148432620514], [-0.403939795101114, 51.64979877754995], [-0.40759868007841, 51.648922269583615], [-0.411037840506603, 51.65060540259096], [-0.41548039766817, 51.650881236814094], [-0.419557423294871, 51.65127787212635], [-0.42405291233756, 51.65169796575539], [-0.430614820495908, 51.65172289539903], [-0.433547388856848, 51.65261628812203], [-0.436225950161724, 51.65291275324719], [-0.442452641711484, 51.65302247602475], [-0.448042985410725, 51.65314144478654], [-0.445664995422003, 51.65208490939022], [-0.446014203579139, 51.64863660675597], [-0.448225016425155, 51.648234225322334], [-0.453928846345147, 51.648399376138975], [-0.455625289600939, 51.64654237324263], [-0.463300836940107, 51.64353183804892], [-0.465726933322176, 51.64016459124974], [-0.472803356899139, 51.64031078750084], [-0.480293155966248, 51.637170845187356], [-0.484132815154828, 51.63599756623504], [-0.487290429936866, 51.63490529771272], [-0.491759475593924, 51.636527386913045], [-0.496429824786005, 51.63731562949716], [-0.493766216624279, 51.638765167284], [-0.49109229597517, 51.64052023924645], [-0.493191216976921, 51.64259735654393], [-0.495036964857528, 51.64403276194594], [-0.496003411495247, 51.644090103152806]]}}, {"type": "Feature", "properties": {"route": "322", "route_name": "", "route_id": "85083", "agency": "Arriva Herts and Essex", "agency_id": "OP50", "geometry_source": "GTFS stop sequence"}, "geometry": {"type": "LineString", "coordinates": [[-0.396123128357449, 51.663216294171114], [-0.396935282654453, 51.659459724775594], [-0.395058535956357, 51.656925316799466], [-0.396903953778616, 51.655430868535426], [-0.40153682013479, 51.654828607353124], [-0.400931690490032, 51.65148432620514], [-0.403939795101114, 51.64979877754995], [-0.40759868007841, 51.648922269583615], [-0.411037840506603, 51.65060540259096], [-0.41548039766817, 51.650881236814094], [-0.419557423294871, 51.65127787212635], [-0.42405291233756, 51.65169796575539], [-0.430614820495908, 51.65172289539903], [-0.433547388856848, 51.65261628812203], [-0.436225950161724, 51.65291275324719], [-0.442452641711484, 51.65302247602475], [-0.448042985410725, 51.65314144478654], [-0.445664995422003, 51.65208490939022], [-0.446014203579139, 51.64863660675597], [-0.448225016425155, 51.648234225322334], [-0.453928846345147, 51.648399376138975], [-0.455625289600939, 51.64654237324263], [-0.463300836940107, 51.64353183804892], [-0.465726933322176, 51.64016459124974], [-0.472803356899139, 51.64031078750084], [-0.480293155966248, 51.637170845187356], [-0.484132815154828, 51.63599756623504], [-0.493191216976921, 51.64259735654393], [-0.495036964857528, 51.64403276194594], [-0.496003411495247, 51.644090103152806]]}}, {"type": "Feature", "properties": {"route": "4", "route_name": "", "route_id": "3576", "agency": "Arriva Herts and Essex", "agency_id": "OP50", "geometry_source": "GTFS stop sequence"}, "geometry": {"type": "LineString", "coordinates": [[-0.491163583898531, 51.74280386772315], [-0.49131369638768, 51.744819960591194], [-0.494606933830653, 51.746408777922476], [-0.497092374496405, 51.74833785532582], [-0.501773231839605, 51.75003412120727], [-0.504663040939882, 51.75289434249366], [-0.503401801840062, 51.75554885081777], [-0.499406114324552, 51.756765750889194], [-0.496071804319765, 51.75682204719744], [-0.49282959111425, 51.757158175359095], [-0.495165606747386, 51.76011043528568], [-0.499282528510651, 51.7613679656716], [-0.502285730777318, 51.76169400485918], [-0.498729445747014, 51.76144182938554], [-0.496513360446756, 51.76141350613706], [-0.493519050962142, 51.76343428850332], [-0.489583344340465, 51.76456170846092], [-0.487894528695708, 51.76219314056387], [-0.484708617253745, 51.75953550347061], [-0.48082399577199, 51.75741724879339], [-0.474177608550197, 51.75729519435583], [-0.472616651641008, 51.7563217895432], [-0.472229418758919, 51.751910767506025], [-0.473981411857074, 51.746781213529296]]}}, {"type": "Feature", "properties": {"route": "7", "route_name": "", "route_id": "28480", "agency": "Arriva Herts and Essex", "agency_id": "OP50", "geometry_source": "GTFS stop sequence"}, "geometry": {"type": "LineString", "coordinates": [[0.7147748725, 51.5364257597], [0.7179152016, 51.5351568517], [0.7224312843, 51.5351959851], [0.7255846458, 51.5353565653], [0.7297401824, 51.5353948037], [0.7327117449, 51.5356493617], [0.736762876, 51.5358696588], [0.7396715024, 51.5360355724], [0.7440599198, 51.5377856652], [0.7502059072, 51.5385410503], [0.7556603701, 51.5378733677], [0.7605878018, 51.5373167701], [0.7665687885, 51.536537248], [0.7683691606, 51.5350737385], [0.7683580677, 51.5310897556], [0.7722894899, 51.5317163689], [0.7758710565, 51.5322791839], [0.779802887, 51.5333822084], [0.7800498997, 51.5364882062], [0.7815586635, 51.539708179], [0.7848811586, 51.5421565739], [0.7831295977, 51.543942956], [0.7861206581, 51.5463901898], [0.7872721634, 51.5529552757], [0.7908128013, 51.5537614537], [0.7936956488, 51.5537197932], [0.7981321895, 51.5533711855], [0.8016633089, 51.5530800193], [0.8054819043, 51.5530067147], [0.8100794791, 51.5531664487], [0.8176589067, 51.5523190342], [0.8219177836, 51.5519018406], [0.8243231858, 51.5530041391]]}}, {"type": "Feature", "properties": {"route": "1S", "route_name": "", "route_id": "10632641", "agency": "Arriva Herts and Essex", "agency_id": "OP50", "geometry_source": "GTFS stop sequence"}, "geometry": {"type": "LineString", "coordinates": [[0.6177636377, 51.5185849633], [0.6110345815, 51.5183842594], [0.6062957392, 51.5197128137], [0.6038576231, 51.5214487727], [0.6003313686, 51.5225612827], [0.5964380764, 51.5228004494], [0.5916434726, 51.5203703544], [0.588019422, 51.5202705317], [0.5843676049, 51.5201891959], [0.5791562567, 51.52006112], [0.5705230094, 51.5198370045], [0.5690365385, 51.5208318839], [0.5676940134, 51.5228488463], [0.5692808095, 51.5251703747], [0.5721952209, 51.5262306628], [0.5751102647, 51.5285769311], [0.5794801411, 51.530891135], [0.5783682818, 51.5321386995], [0.5747020219, 51.5328398037], [0.5661563121, 51.5352395115], [0.5646252463, 51.5375033788], [0.5629763117, 51.543061396], [0.5636850139, 51.5472008692], [0.5632352965, 51.5486946139], [0.5617594565, 51.5516946879], [0.5601233135, 51.5533852017], [0.5598008373, 51.5568906765], [0.5599083033, 51.5588039264], [0.5624179071, 51.5639203349], [0.5639809135, 51.5660535896], [0.5722894945, 51.5636952724], [0.5777524347, 51.5623162619], [0.5826052432, 51.561633931]]}}, {"type": "Feature", "properties": {"route": "331", "route_name": "", "route_id": "11295", "agency": "Arriva Herts and Essex", "agency_id": "OP50", "geometry_source": "GTFS stop sequence"}, "geometry": {"type": "LineString", "coordinates": [[-0.027583385655986, 51.95353934305014], [-0.024629094404055, 51.95453288375622], [-0.028893822297041, 51.956510680589105], [-0.027881015010936, 51.94708804083002], [-0.018068674398333, 51.9458801610818], [-0.015500677246359, 51.94571100646433], [0.001420896245008, 51.94863468401093], [0.02134851413365, 51.94619002275834], [0.025377087698544, 51.9332260600878], [0.023845640873715, 51.926993874092496], [0.023633149281044, 51.916449734156366], [0.024287719678817, 51.90837250423779], [0.021849530243614, 51.904260040349236], [0.020250602230477, 51.90005218978192], [0.013905591999225, 51.8940372919374], [0.013836846614554, 51.890549503405595], [0.017538834584405, 51.88884050927366], [0.022573602726132, 51.88672182689252], [0.024554317927015, 51.88455660688467], [0.018855390303043, 51.883845242342424], [0.006862789209878, 51.88471584880823], [-0.004678306818703, 51.87643253590311], [-0.007268955359377, 51.87238500824298], [-0.010306788414483, 51.86740980208542], [-0.015756625463463, 51.859094170223], [-0.022587055679005, 51.84904803088941], [-0.028072755291246, 51.84013895198082], [-0.030348658521029, 51.83688594791489], [-0.031987620508457, 51.83325356261668], [-0.034939677947799, 51.824454602341206], [-0.035983374367765, 51.81814152309751], [-0.034330855705765, 51.8131052424419], [-0.031333805692274, 51.81096890234209], [-0.027040474045903, 51.805636476939], [-0.031780747438142, 51.80803592526514], [-0.038767513191788, 51.80748725447356], [-0.042997494456046, 51.80494100230083], [-0.04794277307334, 51.803620428335456], [-0.053236611858789, 51.80194573139065], [-0.060048941006557, 51.80002609799015], [-0.064958056982819, 51.798848091926764], [-0.06746170841716, 51.79829578831867], [-0.070881402787146, 51.79768652906659], [-0.076601404596804, 51.79788815586684]]}}, {"type": "Feature", "properties": {"route": "55", "route_name": "", "route_id": "7152", "agency": "Arriva Herts and Essex", "agency_id": "OP50", "geometry_source": "GTFS stop sequence"}, "geometry": {"type": "LineString", "coordinates": [[-0.227238628318945, 51.99069497489078], [-0.230372323877738, 51.98915955746535], [-0.233750237337254, 51.98881463016952], [-0.236074967049173, 51.98932603478873], [-0.237270911799126, 51.99187960999482], [-0.234740744046941, 51.9928847538738], [-0.232719512891724, 51.99316915152082], [-0.230939099657985, 51.9947339585447], [-0.226818640324498, 51.99432131597728], [-0.222424593264554, 51.99309514255681], [-0.221394037720684, 51.99190166443551], [-0.222061201388962, 51.98792839241031], [-0.221908760935012, 51.98589395411586], [-0.223331730405191, 51.98342471378866], [-0.223934203897719, 51.98181528506338], [-0.227182734258726, 51.979939998480084], [-0.229541954646396, 51.97882454720122]]}}, {"type": "Feature", "properties": {"route": "380", "route_name": "", "route_id": "2404", "agency": "Arriva Herts and Essex", "agency_id": "OP50", "geometry_source": "GTFS stop sequence"}, "geometry": {"type": "LineString", "coordinates": [[-0.076713522404532, 51.79797991200934], [-0.080072075956493, 51.79675791710286], [-0.082806166722335, 51.79623602784657], [-0.088769602888565, 51.79547886953722], [-0.093876506392318, 51.79405109647828], [-0.10616529495947, 51.79321560279997], [-0.108298813943777, 51.7903994378833], [-0.121768994570016, 51.78971620610108], [-0.126802737177589, 51.785813002096134], [-0.138294956471841, 51.78136461356511], [-0.136055953390802, 51.77202225886896], [-0.129755864183969, 51.75401876525708], [-0.124481602005437, 51.74563491361988], [-0.117635187347992, 51.72912362899453], [-0.125444869844275, 51.713260285265875], [-0.116475026424464, 51.71104859986627], [-0.114025693634116, 51.708338601644634], [-0.109533874432071, 51.70845524207226]]}}, {"type": "Feature", "properties": {"route": "3", "route_name": "", "route_id": "5181", "agency": "Arriva Herts and Essex", "agency_id": "OP50", "geometry_source": "GTFS stop sequence"}, "geometry": {"type": "LineString", "coordinates": [[-0.465291332104821, 51.77323887375031], [-0.466310415557373, 51.77481674506957], [-0.463592846306395, 51.77587825957952], [-0.45998037917867, 51.77512064138809], [-0.455828838381057, 51.77402313520205], [-0.454804118994935, 51.77559222827228], [-0.453324731033578, 51.77816241324734], [-0.44904913698171, 51.77602897880005], [-0.448953837834231, 51.77288958004794], [-0.448673299053068, 51.76923520166472], [-0.450359670550127, 51.764851452767026], [-0.454082570634039, 51.764468864341936], [-0.458327570993428, 51.76449763838108], [-0.462943223081311, 51.765133557330785], [-0.467136623291629, 51.765404116777255], [-0.471566868784169, 51.764670524379746], [-0.470458788595042, 51.76315448053761], [-0.467843165752854, 51.762940581339656], [-0.466515556082021, 51.76149357194752], [-0.466627992901034, 51.75988550441164], [-0.469819023477087, 51.758074774245124], [-0.472616651641008, 51.7563217895432], [-0.473372250344224, 51.75367902060764], [-0.474269485391726, 51.74682991253031], [-0.473738050666018, 51.748414565434125], [-0.472427374866065, 51.751625602165234], [-0.472717476482068, 51.754192039847325], [-0.472846177479619, 51.75681932144735], [-0.473890377716943, 51.75721953104896], [-0.480680675765603, 51.757370437398265], [-0.481871597222115, 51.75771852115691], [-0.483879410052345, 51.75920110664677], [-0.488304818942886, 51.761622943121345], [-0.488911844274071, 51.76427433322209], [-0.491613451754022, 51.763652630064584], [-0.496549195146235, 51.761207153484456], [-0.499282528510651, 51.7613679656716], [-0.502285730777318, 51.76169400485918], [-0.498729445747014, 51.76144182938554], [-0.495444826452303, 51.76042872192001], [-0.492788057538291, 51.75753529803095], [-0.495541916974106, 51.75663543059987], [-0.497447963046311, 51.756830654541034], [-0.504272364368622, 51.754633778082315], [-0.504610691020511, 51.75316343007711], [-0.502077743221652, 51.7509012143439], [-0.498213173207474, 51.74861294343321], [-0.496357319184878, 51.74778894605071], [-0.49109251495497, 51.74450240786008], [-0.489613008812114, 51.74326051775093], [-0.486140911896776, 51.74313492045342], [-0.479238385146626, 51.74423273043472], [-0.473981411857074, 51.746781213529296], [-0.473738050666018, 51.748414565434125], [-0.472429120615024, 51.752003281237286]]}}, {"type": "Feature", "properties": {"route": "66", "route_name": "", "route_id": "5657", "agency": "Arriva Herts and Essex", "agency_id": "OP50", "geometry_source": "GTFS stop sequence"}, "geometry": {"type": "LineString", "coordinates": [[0.0253330905, 51.6811454487], [0.0238938172, 51.6839039727], [0.0213591273, 51.6851346305], [0.0177213368, 51.6840101782], [0.0138782585, 51.6851012796], [0.0077104247, 51.6869514128], [0.0047515285, 51.6864534164], [0.0013089191, 51.6864671659], [-0.0004062427, 51.685956833], [-0.003763324, 51.6865984481], [-0.0089570377, 51.6869294036], [-0.013872469212281, 51.68634718044007], [-0.020067430450883, 51.685615481515754], [-0.027569515527897, 51.68542697528258], [-0.031124614571783, 51.6855136021851], [-0.033851357924711, 51.69036121877051], [-0.03448433271596, 51.69244905460663], [-0.034683859789639, 51.69619322531111], [-0.035201123164552, 51.701957000456666], [-0.041914684356624, 51.7026625982893], [-0.048082545129772, 51.701928959739774], [-0.049356118457094, 51.70630241426565], [-0.049739265072838, 51.70883562563285], [-0.050144810426447, 51.711522076097175], [-0.04780742421982, 51.71336265730449], [-0.041627231552183, 51.71468058697632], [-0.036396974249267, 51.71712013393477], [-0.04281758417291, 51.71426879130607], [-0.050890326746476, 51.71303616841313], [-0.057340723397201, 51.715534970429495], [-0.063471258362994, 51.71808209464663], [-0.068392798261511, 51.71945800720978], [-0.072188924134251, 51.720068889092744], [-0.076540231159187, 51.7212462604597], [-0.078880627002409, 51.72273231202459]]}}, {"type": "Feature", "properties": {"route": "322", "route_name": "", "route_id": "85083", "agency": "Arriva Herts and Essex", "agency_id": "OP50", "geometry_source": "GTFS stop sequence"}, "geometry": {"type": "LineString", "coordinates": [[-0.396123128357449, 51.663216294171114], [-0.396935282654453, 51.659459724775594], [-0.395058535956357, 51.656925316799466], [-0.396903953778616, 51.655430868535426], [-0.40153682013479, 51.654828607353124], [-0.400931690490032, 51.65148432620514], [-0.403939795101114, 51.64979877754995], [-0.40759868007841, 51.648922269583615], [-0.411037840506603, 51.65060540259096], [-0.41548039766817, 51.650881236814094], [-0.419557423294871, 51.65127787212635], [-0.42405291233756, 51.65169796575539], [-0.430614820495908, 51.65172289539903], [-0.433547388856848, 51.65261628812203], [-0.436225950161724, 51.65291275324719], [-0.442452641711484, 51.65302247602475], [-0.448042985410725, 51.65314144478654], [-0.445664995422003, 51.65208490939022], [-0.446014203579139, 51.64863660675597], [-0.448225016425155, 51.648234225322334], [-0.453928846345147, 51.648399376138975], [-0.455625289600939, 51.64654237324263], [-0.463300836940107, 51.64353183804892], [-0.465726933322176, 51.64016459124974], [-0.472803356899139, 51.64031078750084], [-0.480293155966248, 51.637170845187356], [-0.484132815154828, 51.63599756623504], [-0.487290429936866, 51.63490529771272], [-0.491759475593924, 51.636527386913045], [-0.496429824786005, 51.63731562949716], [-0.493766216624279, 51.638765167284], [-0.49109229597517, 51.64052023924645], [-0.493191216976921, 51.64259735654393], [-0.495036964857528, 51.64403276194594], [-0.496003411495247, 51.644090103152806]]}}, {"type": "Feature", "properties": {"route": "66", "route_name": "", "route_id": "5657", "agency": "Arriva Herts and Essex", "agency_id": "OP50", "geometry_source": "GTFS stop sequence"}, "geometry": {"type": "LineString", "coordinates": [[-0.078880627002409, 51.72273231202459], [-0.075937145137262, 51.72112847791229], [-0.070889502082631, 51.719984613874786], [-0.067801544170485, 51.71940332326188], [-0.065002740638216, 51.71849399804627], [-0.060411694492658, 51.717519060785335], [-0.057121419471711, 51.7155852978091], [-0.04780742421982, 51.71336265730449], [-0.041627231552183, 51.71468058697632], [-0.036396974249267, 51.71712013393477], [-0.04281758417291, 51.71426879130607], [-0.050288799118529, 51.712549592788804], [-0.048975851858707, 51.70975815332314], [-0.04922092418531, 51.70641706981287], [-0.048254459858592, 51.70264221246337], [-0.044879263469822, 51.7023792603964], [-0.041185376254489, 51.70279431694418], [-0.034392826941629, 51.70190750827206], [-0.034194395613815, 51.700141681966656], [-0.034476856544016, 51.696963106463144], [-0.034425048463247, 51.69314946872643], [-0.033767385440872, 51.6906295848084], [-0.031124614571783, 51.6855136021851]]}}, {"type": "Feature", "properties": {"route": "8", "route_name": "", "route_id": "115553", "agency": "Arriva Herts and Essex", "agency_id": "OP50", "geometry_source": "GTFS stop sequence"}, "geometry": {"type": "LineString", "coordinates": [[0.714633531, 51.5364740004], [0.7141100073, 51.5385816474], [0.7137832381, 51.5403609653], [0.7121542107, 51.5413429902], [0.7075841177, 51.5452619152], [0.7042857337, 51.5492322774], [0.7024299222, 51.5505341685], [0.6971654484, 51.5522562316], [0.6933006605, 51.5525249251], [0.6869571868, 51.5530841409], [0.6936665183, 51.5531011084], [0.6943296566, 51.5552893145], [0.6955370627, 51.5578967029], [0.6958216676, 51.5592931671], [0.6960790062, 51.5609600661], [0.6970417554, 51.563330235], [0.7013105562, 51.5657232295], [0.7061920048, 51.5691901672], [0.7068704068, 51.5740490604], [0.7072937777, 51.5792286108], [0.7067502753, 51.5822270351], [0.7020975917, 51.5826400848], [0.7002315274, 51.5862265343], [0.6986000097, 51.5906079846], [0.6973677463, 51.5946654523], [0.6927017887, 51.595609043], [0.6881726999, 51.595694921], [0.6833793308, 51.5944826024], [0.6805955649, 51.5947800746], [0.6755510078, 51.5934652547], [0.6704355961, 51.5909377043], [0.6670121292, 51.5894327196], [0.6638634793, 51.5923731965], [0.6659067015, 51.595456534], [0.6645819018, 51.5974921876], [0.6607047289, 51.5986054425], [0.6583498436, 51.6005654493], [0.6590700096, 51.6025097155], [0.6552065125, 51.6013920835], [0.6480955657, 51.6015438024], [0.6458229415, 51.6009565363], [0.6402592482, 51.600893008], [0.6341530791, 51.6006885074], [0.6289930002, 51.5976115643], [0.6231883067, 51.5963654926], [0.6206818251, 51.595468201], [0.6166313251, 51.5943354993], [0.6126957447, 51.591176574], [0.6084481618, 51.5870981322], [0.6066407713, 51.5857892879], [0.6004633238, 51.5893528825]]}}, {"type": "Feature", "properties": {"route": "20", "route_name": "", "route_id": "52774", "agency": "Arriva Herts and Essex", "agency_id": "OP50", "geometry_source": "GTFS stop sequence"}, "geometry": {"type": "LineString", "coordinates": [[-0.41761693365465, 51.64639605074419], [-0.420431991634719, 51.64691052659855], [-0.423058158898747, 51.64662210872905], [-0.423291906697428, 51.64446716288312], [-0.419771121026876, 51.64471657417131], [-0.418050485277348, 51.645152000720415], [-0.415744284966642, 51.64414077948259], [-0.411656316376547, 51.64283566448746], [-0.410695008133748, 51.64428835937626], [-0.41055585521575, 51.64537451190389], [-0.414572409908605, 51.64666071553809], [-0.413516612346017, 51.649164223701874], [-0.408701999848253, 51.64961162746485], [-0.403875374118263, 51.64998673465342], [-0.398522741184934, 51.652980145833325], [-0.399702974498907, 51.65599957240615], [-0.397083373432707, 51.65813092621136], [-0.397068873435468, 51.66018091013155], [-0.3962878142363, 51.663056686652666], [-0.398872949229615, 51.666014362714364], [-0.401302934186035, 51.6713347645388], [-0.403600374514836, 51.674270428487176], [-0.40521511929037, 51.675650154833455], [-0.40915241670875, 51.677618839937246], [-0.410928681497514, 51.678937729028256], [-0.416256011039231, 51.680466377482425], [-0.417530808771431, 51.6833160295641], [-0.416529292713202, 51.68963287829215], [-0.411994193231921, 51.6947869997591], [-0.408508416168218, 51.69516245195915], [-0.408572135334191, 51.69293330798729], [-0.40842724275122, 51.69252670660061], [-0.405811337290931, 51.6920326468556], [-0.403178182189724, 51.691619221793616], [-0.400372356770711, 51.69282194192554], [-0.403076014668381, 51.694522239729636], [-0.406855911140031, 51.695247957492576], [-0.403134229793341, 51.695745938735826], [-0.398030123976829, 51.69687238162307], [-0.394050428608341, 51.69729462165307], [-0.395242746123181, 51.69876761389679], [-0.397792354169622, 51.69991741665714], [-0.401135201124804, 51.70073626656022], [-0.405262972541906, 51.70187140419016], [-0.411892731409565, 51.70429911468665], [-0.414141569933886, 51.708690582271394], [-0.414549820137346, 51.70984705978269], [-0.411670623563549, 51.71642623659362], [-0.410505626870675, 51.71992632673768], [-0.410674128580113, 51.72172699078164], [-0.411842375686081, 51.72515971536152], [-0.415659771224858, 51.73027369081444], [-0.41831681103567, 51.73504821413094], [-0.422505735656552, 51.741183033594254], [-0.428033467648306, 51.74508763817954], [-0.433041775227972, 51.74812183288861], [-0.435403499419162, 51.75146229942594], [-0.43774801040039, 51.75615126332201], [-0.438842392351426, 51.75970858983593], [-0.440318418519176, 51.76354971453975], [-0.442933073217623, 51.76589527761785], [-0.445166559284925, 51.766266530035345], [-0.447643289061388, 51.7633499445753], [-0.446540125665041, 51.7596037614555], [-0.446518616133842, 51.75769720830457], [-0.454364329469051, 51.756218074835914], [-0.459396809247908, 51.75522310651878], [-0.467858146516394, 51.75564841672725], [-0.470622301390852, 51.754884142716044], [-0.472281355561308, 51.75337710883868], [-0.472229418758919, 51.751910767506025], [-0.473683402411396, 51.74874655320307], [-0.474360546533265, 51.747136816579136], [-0.477763381667477, 51.74415968495945], [-0.48529120158423, 51.74298909541643], [-0.490582358634657, 51.74285934735219], [-0.49131369638768, 51.744819960591194], [-0.494606933830653, 51.746408777922476], [-0.496614989723425, 51.74875436478714], [-0.494570668311863, 51.75185734489211], [-0.49234401277853, 51.75564132706999], [-0.495541916974106, 51.75663543059987], [-0.497447963046311, 51.756830654541034], [-0.499115749652333, 51.759405628180474]]}}, {"type": "Feature", "properties": {"route": "509A", "route_name": "", "route_id": "100792", "agency": "Arriva Herts and Essex", "agency_id": "OP50", "geometry_source": "GTFS stop sequence"}, "geometry": {"type": "LineString", "coordinates": [[0.2634314367, 51.8891685471], [0.2590866262, 51.8828044213], [0.2648918247, 51.8734124818], [0.2656736162, 51.8719136536], [0.2662736388, 51.8696899247], [0.2650808374, 51.8679233824], [0.2624214405, 51.868190389], [0.2590685731, 51.8685336046], [0.246358769, 51.868255467], [0.2404520075, 51.8686558916], [0.234688923, 51.8690263113], [0.2265654596, 51.8695490638], [0.2206239852, 51.8698412364], [0.2074948323, 51.8707897879], [0.2045296605, 51.8710522265], [0.193002032429265, 51.872086020403685], [0.18724515293897, 51.87230112036307], [0.180290841361483, 51.87509198963457], [0.181113569339431, 51.87708204868056], [0.179129658055146, 51.87871946912967], [0.175091294494145, 51.87903700544018], [0.173255714764943, 51.87712857039231], [0.169863931919036, 51.87488013532791], [0.167661182696966, 51.87076625304933], [0.163652861574299, 51.86927537285433], [0.163545349361375, 51.867640731181936], [0.160812475490598, 51.86729530202672], [0.162565532662075, 51.864475434870485], [0.163396583773302, 51.86363284944243], [0.164402825715828, 51.86069179932913], [0.16434229648967, 51.85912823106912], [0.163455570682778, 51.85578137736283], [0.159532610419497, 51.852706126156185], [0.157727583736953, 51.8513993850903], [0.154733580629084, 51.8473897015808], [0.157433711641752, 51.84161201571945], [0.156615578797059, 51.83785918934122], [0.155973882545713, 51.83020039757623], [0.153519340166532, 51.824688040886116], [0.149903049439381, 51.819142926894955], [0.14878336691777, 51.81604301191913], [0.14762166865128, 51.81327657463413], [0.145835989304577, 51.81050353156457], [0.141141989632419, 51.80696515225227], [0.136232238517624, 51.80314275060743], [0.132602720889826, 51.79969259742135], [0.1329896897, 51.7925275813], [0.1331198274, 51.7900612821], [0.1329737943, 51.7860442945], [0.1326330484, 51.7822016949], [0.1309913614, 51.7796686127], [0.125743628, 51.778441746], [0.1217355019, 51.7770573883], [0.1145835925, 51.7766377382], [0.1102509428, 51.7763649029], [0.1032405869, 51.7746201311], [0.0985957898, 51.7732373892], [0.0942468297, 51.7722898239]]}}, {"type": "Feature", "properties": {"route": "511", "route_name": "", "route_id": "107026", "agency": "Arriva Herts and Essex", "agency_id": "OP50", "geometry_source": "GTFS stop sequence"}, "geometry": {"type": "LineString", "coordinates": [[0.13451503432848, 51.87452873494194], [0.137100218866874, 51.87726942962844], [0.140380837067094, 51.87996144772608], [0.142596036941966, 51.88193541166964], [0.152026244920744, 51.884065324558804], [0.154014483624934, 51.884316692130675], [0.156498508364698, 51.88581787222949], [0.15508922317608, 51.885519972062454], [0.153427734880118, 51.88420154092876], [0.150250044600087, 51.884907117603866], [0.14108491284885, 51.88101872654723], [0.139867190417859, 51.879853891654136], [0.137221093072193, 51.87675466874834], [0.14199986842711, 51.876119213060186], [0.148062505679149, 51.87407529732724], [0.154445622093082, 51.872061164574234], [0.157754381668393, 51.87289975494731], [0.160845781381394, 51.87132328927297], [0.163652861574299, 51.86927537285433], [0.163269603402518, 51.867645802954016]]}}, {"type": "Feature", "properties": {"route": "331", "route_name": "", "route_id": "11295", "agency": "Arriva Herts and Essex", "agency_id": "OP50", "geometry_source": "GTFS stop sequence"}, "geometry": {"type": "LineString", "coordinates": [[-0.076601404596804, 51.79788815586684], [-0.072567388205842, 51.798280690751184], [-0.065479032860707, 51.79887465008703], [-0.061025386867729, 51.79991631530166], [-0.052352266779376, 51.802272788681336], [-0.046949129097274, 51.80412547493161], [-0.044367384814369, 51.804792944486934], [-0.038337000998778, 51.807713870157876], [-0.030344511998876, 51.808371562642904], [-0.030065951658718, 51.81043510950414], [-0.034016892216427, 51.8116522449586], [-0.034478955929179, 51.81303578050528], [-0.035583193843116, 51.81733453091085], [-0.035221841683201, 51.824306449782014], [-0.032209484656423, 51.83315836113384], [-0.028288772668441, 51.84017854261182], [-0.022727416293052, 51.84915829693459], [-0.020617817362524, 51.85223410999916], [-0.015772206645621, 51.85940016734439], [-0.010381581872814, 51.86768982475476], [-0.004548243469677, 51.87674505594602], [0.007530303469614, 51.884695468152714], [0.019532953295699, 51.8840494259052], [0.024073162596308, 51.88484364423389], [0.022112175417272, 51.88712541528307], [0.017097970361103, 51.888731170126974], [0.014155979913267, 51.890211329768114], [0.013797102267937, 51.893886281882374], [0.019307779412082, 51.89880047727411], [0.021719199228456, 51.90427127189809], [0.02415899360681, 51.90841967948042], [0.023397451741762, 51.916705567434306], [0.024004761203505, 51.92794430499685], [0.025362210837987, 51.933864757889936], [0.021199082327812, 51.94642638373772], [0.001754929137315, 51.94862001208371], [-0.016059929957735, 51.94556756841207], [-0.018568460326934, 51.94609539242353], [-0.026109463939325, 51.947004395513076], [-0.0291787789359, 51.95665033194269], [-0.024292710123005, 51.95423949330452], [-0.027583385655986, 51.95353934305014]]}}, {"type": "Feature", "properties": {"route": "511", "route_name": "", "route_id": "107026", "agency": "Arriva Herts and Essex", "agency_id": "OP50", "geometry_source": "GTFS stop sequence"}, "geometry": {"type": "LineString", "coordinates": [[-0.027937039660009, 51.80869089595227], [-0.030065951658718, 51.81043510950414], [-0.034016892216427, 51.8116522449586], [-0.034478955929179, 51.81303578050528], [-0.035583193843116, 51.81733453091085], [-0.035221841683201, 51.824306449782014], [-0.032209484656423, 51.83315836113384], [-0.030317683072512, 51.83726310135276], [-0.028288772668441, 51.84017854261182], [-0.022727416293052, 51.84915829693459], [-0.020617817362524, 51.85223410999916], [-0.015772206645621, 51.85940016734439], [-0.010381581872814, 51.86768982475476], [-0.007269964881445, 51.87269075938108], [-0.004548243469677, 51.87674505594602], [0.007530303469614, 51.884695468152714], [0.019532953295699, 51.8840494259052], [0.055868415461911, 51.89060487085253], [0.091941440149187, 51.88439376499329], [0.098967251464961, 51.88299171392701], [0.126830555856433, 51.87670019740161], [0.13451503432848, 51.87452873494194], [0.137100218866874, 51.87726942962844], [0.140380837067094, 51.87996144772608], [0.142596036941966, 51.88193541166964], [0.152026244920744, 51.884065324558804], [0.154014483624934, 51.884316692130675], [0.156498508364698, 51.88581787222949], [0.15508922317608, 51.885519972062454], [0.153427734880118, 51.88420154092876], [0.150250044600087, 51.884907117603866], [0.14108491284885, 51.88101872654723], [0.139867190417859, 51.879853891654136], [0.137221093072193, 51.87675466874834], [0.14199986842711, 51.876119213060186], [0.148062505679149, 51.87407529732724], [0.154445622093082, 51.872061164574234], [0.157754381668393, 51.87289975494731], [0.160845781381394, 51.87132328927297], [0.163652861574299, 51.86927537285433], [0.163269603402518, 51.867645802954016], [0.160812475490598, 51.86729530202672], [0.162565532662075, 51.864475434870485], [0.163396583773302, 51.86363284944243], [0.164402825715828, 51.86069179932913], [0.16434229648967, 51.85912823106912], [0.16283596775051, 51.85860740326677], [0.159080592437211, 51.86025007602181], [0.156886887268605, 51.86145034740368], [0.153511314222893, 51.86132336091871], [0.151271408659101, 51.86095070085507], [0.148463904827408, 51.86055239833112], [0.145511540539509, 51.8626026038635], [0.143151270892459, 51.86214206075413], [0.142301911667282, 51.86046696422432], [0.14291686939592, 51.858432472253114]]}}, {"type": "Feature", "properties": {"route": "323", "route_name": "", "route_id": "86897", "agency": "Arriva Herts and Essex", "agency_id": "OP50", "geometry_source": "GTFS stop sequence"}, "geometry": {"type": "LineString", "coordinates": [[-0.171797011322486, 51.79072065322852], [-0.171558293171133, 51.79052810688298], [-0.176520434730863, 51.79045231251768], [-0.178947699214613, 51.79031009442929], [-0.182709852756471, 51.78942414226044], [-0.185014442339073, 51.78836271134125], [-0.18805787345586, 51.78405749469361], [-0.191599956578612, 51.783581504234526], [-0.197020831670022, 51.78397949201791], [-0.203798736398467, 51.78562089116205], [-0.20620736189052, 51.78630509594437], [-0.203964238199192, 51.789849684825526], [-0.201380563223154, 51.79684196717068], [-0.1998902384367, 51.799669636150554], [-0.199973795397692, 51.802305583002614], [-0.204548556516337, 51.80251940367969], [-0.208857524987568, 51.80504893977312], [-0.20582927560311, 51.80788920994068], [-0.201665011901977, 51.81192595746802]]}}, {"type": "Feature", "properties": {"route": "29", "route_name": "", "route_id": "4279", "agency": "Arriva Herts and Essex", "agency_id": "OP50", "geometry_source": "GTFS stop sequence"}, "geometry": {"type": "LineString", "coordinates": [[0.6682008743, 51.5537911699], [0.6710091424, 51.5532146107], [0.6742288502, 51.5503082536], [0.6783417132, 51.5508259608], [0.6825333101, 51.5509639915], [0.6866018482, 51.5507269596], [0.6904942839, 51.5504398646], [0.6952324402, 51.5498184288], [0.6988957881, 51.5498061275], [0.7021871489, 51.5505757373], [0.7056404561, 51.5479958799], [0.7087503202, 51.5442546735], [0.7119019001, 51.5414657433], [0.7141004776, 51.5391484699], [0.714633531, 51.5364740004]]}}, {"type": "Feature", "properties": {"route": "55", "route_name": "", "route_id": "7152", "agency": "Arriva Herts and Essex", "agency_id": "OP50", "geometry_source": "GTFS stop sequence"}, "geometry": {"type": "LineString", "coordinates": [[-0.204680487347896, 51.9009924112725], [-0.206583432620046, 51.90211843887998], [-0.207536077606824, 51.909955893244764], [-0.208569762439995, 51.91211169937128], [-0.211273256445702, 51.91652286888518], [-0.214593210070222, 51.92153678561869], [-0.212800535372366, 51.92310113664621], [-0.209204046765788, 51.92357699058969], [-0.208106005905056, 51.927777459698504], [-0.21009987353001, 51.928841859798254], [-0.210638765271397, 51.93540510830722], [-0.207113838808039, 51.94573704458623], [-0.19880613220866, 51.96097726312711], [-0.209220302782768, 51.96663910525524], [-0.210289383909916, 51.96976652134313], [-0.206157360517615, 51.96824697218528], [-0.202747058446586, 51.9679791637321], [-0.201183633199657, 51.9692141420699], [-0.201497097500678, 51.971565790964135], [-0.204948603681328, 51.9708091971893], [-0.209476778865273, 51.969700216495355], [-0.213474632991879, 51.97093886631233], [-0.21238096036557, 51.97427620407217], [-0.210437227891549, 51.97519081730931], [-0.209808710565107, 51.97707853026853], [-0.207057678095524, 51.97887999098322], [-0.207612904660786, 51.98284482706592], [-0.204879914813105, 51.98163426586588], [-0.209044731179827, 51.983091406025714], [-0.21234229677173, 51.983294370642966], [-0.217232183411074, 51.9822715036621], [-0.223096574847509, 51.98090347273095], [-0.227182734258726, 51.979939998480084], [-0.229541954646396, 51.97882454720122], [-0.227565290336888, 51.977257220697275], [-0.224018758942941, 51.98041384554032], [-0.224054914354614, 51.98134054225097], [-0.222352971557793, 51.98460584721051], [-0.222075585540769, 51.98609429148168], [-0.222335900067329, 51.98871482178269], [-0.223132035854832, 51.99067804634731], [-0.226352834287289, 51.990996348971656], [-0.227238628318945, 51.99069497489078]]}}, {"type": "Feature", "properties": {"route": "97", "route_name": "", "route_id": "77967", "agency": "Arriva Herts and Essex", "agency_id": "OP50", "geometry_source": "GTFS stop sequence"}, "geometry": {"type": "LineString", "coordinates": [[-0.276383335017196, 51.94963098065864], [-0.270506239535747, 51.95072270992982], [-0.263639047346283, 51.9533281472211], [-0.260713318708404, 51.954849526956544], [-0.255958183041738, 51.95625383199868], [-0.253385928793908, 51.954660125549566], [-0.25133422801058, 51.952408703409986], [-0.24811913101623, 51.95126390916371], [-0.24447082493865, 51.951155613329135], [-0.24751655540995, 51.95290942749026], [-0.248152156650458, 51.9548970765953], [-0.247003823382628, 51.95635463438554], [-0.248605609351992, 51.95857246377045], [-0.243425227854553, 51.9641331268738], [-0.236629466077936, 51.96742144310287], [-0.234153219348263, 51.96857124601185], [-0.233477378161742, 51.971690242919145], [-0.234468108546107, 51.97315277549185], [-0.235640298378035, 51.97481583670054], [-0.237174160892485, 51.977653227875784], [-0.229946643043803, 51.97963988902716], [-0.233883918250541, 51.98134449556092], [-0.236997053019455, 51.98216443381609], [-0.242156876751624, 51.98352738673383], [-0.246942464280826, 51.984785632000815], [-0.246779152140051, 51.98710306663804], [-0.24489, 51.99904], [-0.24363, 52.0027], [-0.23878, 52.01059], [-0.23634, 52.01346], [-0.23359, 52.01551], [-0.23442, 52.01702], [-0.24239, 52.01931], [-0.24572, 52.02065]]}}, {"type": "Feature", "properties": {"route": "1", "route_name": "", "route_id": "115566", "agency": "Arriva Herts and Essex", "agency_id": "OP50", "geometry_source": "GTFS stop sequence"}, "geometry": {"type": "LineString", "coordinates": [[0.9008218594, 51.8898071571], [0.9057442205, 51.8899554389], [0.9093936351, 51.8899731299], [0.9137703769, 51.8899996691], [0.9176602287, 51.8908115791], [0.9207254572, 51.892129502], [0.9224763181, 51.8924547425], [0.92474126, 51.8937564737], [0.9286475785, 51.895260126], [0.9319153379, 51.8963298896], [0.9358066303, 51.8971501641], [0.9383997764, 51.8958982355], [0.9374786292, 51.8942574197], [0.9370614331, 51.8916506823]]}}, {"type": "Feature", "properties": {"route": "331", "route_name": "", "route_id": "11295", "agency": "Arriva Herts and Essex", "agency_id": "OP50", "geometry_source": "GTFS stop sequence"}, "geometry": {"type": "LineString", "coordinates": [[-0.027881015010936, 51.94708804083002], [-0.02351372020108, 51.94911893297971], [-0.025716077843072, 51.9513229743085], [-0.018068674398333, 51.9458801610818], [-0.015500677246359, 51.94571100646433], [0.001420896245008, 51.94863468401093], [0.02134851413365, 51.94619002275834], [0.025377087698544, 51.9332260600878], [0.023845640873715, 51.926993874092496], [0.023633149281044, 51.916449734156366], [0.024287719678817, 51.90837250423779], [0.021849530243614, 51.904260040349236], [0.020250602230477, 51.90005218978192], [0.013905591999225, 51.8940372919374], [0.013836846614554, 51.890549503405595], [0.017538834584405, 51.88884050927366], [0.022573602726132, 51.88672182689252], [0.024554317927015, 51.88455660688467], [0.018855390303043, 51.883845242342424], [0.006862789209878, 51.88471584880823], [-0.004678306818703, 51.87643253590311], [-0.010306788414483, 51.86740980208542], [-0.015756625463463, 51.859094170223], [-0.020504500255407, 51.852169257602625], [-0.022587055679005, 51.84904803088941], [-0.028072755291246, 51.84013895198082], [-0.030348658521029, 51.83688594791489], [-0.031987620508457, 51.83325356261668], [-0.034939677947799, 51.824454602341206], [-0.035983374367765, 51.81814152309751], [-0.034330855705765, 51.8131052424419], [-0.031333805692274, 51.81096890234209], [-0.027040474045903, 51.805636476939], [-0.031780747438142, 51.80803592526514], [-0.038767513191788, 51.80748725447356], [-0.042997494456046, 51.80494100230083], [-0.04794277307334, 51.803620428335456], [-0.053236611858789, 51.80194573139065], [-0.060048941006557, 51.80002609799015], [-0.064958056982819, 51.798848091926764], [-0.06746170841716, 51.79829578831867], [-0.070881402787146, 51.79768652906659], [-0.076601404596804, 51.79788815586684]]}}, {"type": "Feature", "properties": {"route": "7", "route_name": "", "route_id": "28480", "agency": "Arriva Herts and Essex", "agency_id": "OP50", "geometry_source": "GTFS stop sequence"}, "geometry": {"type": "LineString", "coordinates": [[0.714633531, 51.5364740004], [0.7141100073, 51.5385816474], [0.7137832381, 51.5403609653], [0.7121542107, 51.5413429902], [0.7075841177, 51.5452619152], [0.7042857337, 51.5492322774], [0.7024299222, 51.5505341685], [0.6971654484, 51.5522562316], [0.6933006605, 51.5525249251], [0.6869571868, 51.5530841409], [0.6936665183, 51.5531011084], [0.6943296566, 51.5552893145], [0.6955370627, 51.5578967029], [0.6958216676, 51.5592931671], [0.6960790062, 51.5609600661], [0.6970417554, 51.563330235], [0.7013105562, 51.5657232295], [0.7061920048, 51.5691901672], [0.7068704068, 51.5740490604], [0.7072937777, 51.5792286108], [0.7067502753, 51.5822270351], [0.7020975917, 51.5826400848], [0.7002315274, 51.5862265343], [0.6986000097, 51.5906079846], [0.6973677463, 51.5946654523]]}}, {"type": "Feature", "properties": {"route": "20", "route_name": "", "route_id": "52774", "agency": "Arriva Herts and Essex", "agency_id": "OP50", "geometry_source": "GTFS stop sequence"}, "geometry": {"type": "LineString", "coordinates": [[-0.499115749652333, 51.759405628180474], [-0.496071804319765, 51.75682204719744], [-0.492165734662966, 51.75577391719369], [-0.493975280009101, 51.75233527484841], [-0.495025430939691, 51.75037952186747], [-0.496357319184878, 51.74778894605071], [-0.49109251495497, 51.74450240786008], [-0.490582358634657, 51.74285934735219], [-0.486140911896776, 51.74313492045342], [-0.479238385146626, 51.74423273043472], [-0.474269485391726, 51.74682991253031], [-0.473738050666018, 51.748414565434125], [-0.472434808242229, 51.752264117882746], [-0.472717476482068, 51.754192039847325], [-0.467186793761587, 51.755792524796476], [-0.459435361796856, 51.755367481036814], [-0.453203034687909, 51.75670634109678], [-0.446585169656952, 51.75786893274511], [-0.446896646890475, 51.76019294171968], [-0.447912020420056, 51.763964937286445], [-0.446168521826922, 51.76620784387033], [-0.441661275348908, 51.764952266315866], [-0.438460998322158, 51.760683634379546], [-0.438740785868886, 51.75929361564382], [-0.437148859622261, 51.75545991803124], [-0.435461031360581, 51.750635814479516], [-0.43274969634502, 51.748189873430896], [-0.427631189524604, 51.744992338296505], [-0.421530297047989, 51.740495545361036], [-0.417790883051358, 51.733935131163655], [-0.414095970592426, 51.72902969767238], [-0.411815620598963, 51.72551003850543], [-0.410358948191424, 51.721219179677675], [-0.412055650211712, 51.71576603781617], [-0.414073958925732, 51.708968419747805], [-0.411540539896221, 51.70402459514704], [-0.404986249634561, 51.70192159941509], [-0.401922814985509, 51.70097178168195], [-0.395422824188341, 51.698994872810054], [-0.39493347335277, 51.69687507468728], [-0.398545209455461, 51.696627629026494], [-0.402519522373757, 51.69594439687694], [-0.406789910965443, 51.69506722315338], [-0.402115593463577, 51.69426639730813], [-0.400033717555853, 51.692988177865175], [-0.402847154517697, 51.69156976187887], [-0.405545413007332, 51.6917772627142], [-0.408230140220746, 51.69237117266266], [-0.408608270453949, 51.69314061270401], [-0.408575093018694, 51.69491158024646], [-0.41361113564798, 51.694062512750214], [-0.416260530343544, 51.68987203826071], [-0.417791645377311, 51.682887928527656], [-0.418851022455917, 51.68154440518159], [-0.41489917359054, 51.680385132065524], [-0.410600254439147, 51.6788163897568], [-0.408541483818108, 51.6773048366077], [-0.405396105445984, 51.67585043584331], [-0.402542528255101, 51.6730960784557], [-0.40074341744771, 51.670796619302166], [-0.397774806009869, 51.66804057438595], [-0.398707750846208, 51.6657783181812], [-0.396123128357449, 51.663216294171114], [-0.396935282654453, 51.659459724775594], [-0.395058535956357, 51.656925316799466], [-0.396903953778616, 51.655430868535426], [-0.40153682013479, 51.654828607353124], [-0.400931690490032, 51.65148432620514], [-0.403939795101114, 51.64979877754995], [-0.40759868007841, 51.648922269583615], [-0.410232225728233, 51.649668320889106], [-0.4143592684423, 51.64862709115324], [-0.41761693365465, 51.64639605074419]]}}]}