{"type": "FeatureCollection", "name": "Red Rose Travel", "features": [{"type": "Feature", "properties": {"route": "21", "route_name": "", "route_id": "3660", "agency": "Red Rose Travel", "agency_id": "OP362", "geometry_source": "GTFS stop sequence"}, "geometry": {"type": "LineString", "coordinates": [[-0.7087843, 52.1619921], [-0.711582, 52.1597839], [-0.7133316, 52.1563954], [-0.7135429, 52.152109], [-0.7100202, 52.1510995], [-0.7018134, 52.1528527], [-0.7052068, 52.1401766], [-0.7063304, 52.1372039], [-0.7054886, 52.1365024], [-0.7053497, 52.1095367], [-0.72032, 52.087733], [-0.7256042, 52.0859489], [-0.7309073, 52.0852509], [-0.7402444, 52.0822671], [-0.7455155, 52.0800845], [-0.7475197, 52.0793865], [-0.7546653, 52.0764142], [-0.7539437, 52.0724595], [-0.7536595, 52.0706133], [-0.7499148, 52.0673009], [-0.7487415, 52.0649148], [-0.7463031, 52.0603034], [-0.7439482, 52.0579317], [-0.7416964, 52.0560555], [-0.7389266, 52.0503075], [-0.7444624, 52.048955], [-0.7512204, 52.0440277], [-0.7554921, 52.040899], [-0.7620515, 52.0393767], [-0.7674368, 52.0370595], [-0.7726291, 52.0343174]]}}, {"type": "Feature", "properties": {"route": "K2", "route_name": "", "route_id": "5600207", "agency": "Red Rose Travel", "agency_id": "OP362", "geometry_source": "GTFS stop sequence"}, "geometry": {"type": "LineString", "coordinates": [[-0.815259, 51.814256], [-0.813169, 51.815395], [-0.809736, 51.815208], [-0.80184, 51.819399], [-0.795358, 51.820607], [-0.774053, 51.82411], [-0.771962, 51.824783], [-0.772451, 51.826072], [-0.772127, 51.829206], [-0.768988, 51.830167], [-0.767529, 51.824852], [-0.771667, 51.824722], [-0.773847, 51.824099], [-0.795364, 51.820582], [-0.801843, 51.819167], [-0.80829, 51.81611], [-0.815757, 51.815178], [-0.815259, 51.814256], [-0.813169, 51.815395]]}}, {"type": "Feature", "properties": {"route": "502", "route_name": "", "route_id": "97028", "agency": "Red Rose Travel", "agency_id": "OP362", "geometry_source": "GTFS stop sequence"}, "geometry": {"type": "LineString", "coordinates": [[-0.812999, 51.814701], [-0.805357, 51.810703], [-0.80845, 51.812785], [-0.801259, 51.80827], [-0.79713, 51.805917], [-0.790774, 51.801689], [-0.782824, 51.795313], [-0.781282, 51.793319], [-0.778403, 51.789341], [-0.775967, 51.785584], [-0.764662, 51.788649], [-0.761354, 51.783975], [-0.754777, 51.77539], [-0.748015, 51.771461], [-0.745265, 51.768195], [-0.743626, 51.765084], [-0.741357, 51.763333], [-0.737125, 51.764898], [-0.735111, 51.766458], [-0.73136, 51.772038], [-0.729187, 51.774091], [-0.72716, 51.776048], [-0.715812, 51.788773], [-0.713433, 51.796471], [-0.707303, 51.796323], [-0.703833, 51.795449], [-0.6912, 51.7927], [-0.682494555977513, 51.7908086064248], [-0.676492100010066, 51.78980607542283], [-0.671462514041225, 51.7902438941252], [-0.667496816204631, 51.791970363592576], [-0.665947255500393, 51.7928879185978], [-0.660448699838178, 51.793967340522265], [-0.658737170110065, 51.79544942576498], [-0.658226264343823, 51.79947182609463], [-0.657396451008525, 51.804461671483494], [-0.658179219150864, 51.806430767826505], [-0.650052466363948, 51.81191253761686], [-0.644392, 51.81581], [-0.629692, 51.835997], [-0.633758, 51.835451], [-0.639201, 51.833527], [-0.644322, 51.83168], [-0.662144, 51.820375], [-0.668155, 51.81779], [-0.672509310710204, 51.81483864870896], [-0.658155111943033, 51.806754189252835], [-0.657355276935905, 51.803894732294204], [-0.658054963678837, 51.79937995563121], [-0.658771592424088, 51.79575553225628], [-0.660600046956886, 51.79375326646536], [-0.664490818667193, 51.79310516752497], [-0.668579305315097, 51.79115539968207], [-0.671466211092907, 51.79011805375388], [-0.676102855845866, 51.78972976100297], [-0.682729352716286, 51.790712329654646], [-0.6922, 51.7927], [-0.705349, 51.79569], [-0.707391, 51.79627], [-0.713259, 51.796478], [-0.715713, 51.7887], [-0.72716, 51.776048], [-0.729043, 51.774054], [-0.731293, 51.771866], [-0.734879, 51.766465], [-0.736954, 51.764797], [-0.74197, 51.763691], [-0.744337, 51.766108], [-0.745135, 51.767645], [-0.750503, 51.772683], [-0.754716, 51.774419], [-0.754952, 51.77532], [-0.761222, 51.783506], [-0.765576, 51.788641], [-0.774772, 51.785824], [-0.77746, 51.786122], [-0.779804, 51.791163], [-0.782472, 51.794365], [-0.785341, 51.797137], [-0.789564, 51.800283], [-0.792419, 51.802533], [-0.797877, 51.806185], [-0.802239, 51.808505], [-0.804619, 51.810111], [-0.805982, 51.810125], [-0.806915, 51.810485], [-0.808104, 51.81217], [-0.815757, 51.815178], [-0.812999, 51.814701]]}}, {"type": "Feature", "properties": {"route": "329", "route_name": "", "route_id": "4591287", "agency": "Red Rose Travel", "agency_id": "OP362", "geometry_source": "GTFS stop sequence"}, "geometry": {"type": "LineString", "coordinates": [[-0.397404754625258, 51.65516794265392], [-0.399827959097468, 51.65614514786872], [-0.400766811224815, 51.66027628291208], [-0.400190421308135, 51.66350555952784], [-0.398872949229615, 51.666014362714364], [-0.397353063902514, 51.670156935063936], [-0.39713844984099, 51.67295951294169], [-0.400124663611491, 51.6744029781409], [-0.402783544918048, 51.676111675374976], [-0.405592245684277, 51.6776784727739], [-0.408727989547652, 51.67941148821225], [-0.409998285770676, 51.68072353540521], [-0.411122144095433, 51.683328432379774], [-0.41463921010656, 51.68658608534472], [-0.416529292713202, 51.68963287829215], [-0.411994193231921, 51.6947869997591], [-0.408909473688884, 51.696516678597675], [-0.409586902225001, 51.69824331540259], [-0.410727796682006, 51.7011991236049], [-0.411892731409565, 51.70429911468665], [-0.414141569933886, 51.708690582271394], [-0.415948012171193, 51.7083552732493], [-0.417185967624157, 51.70606102914752], [-0.417785928425441, 51.705457658355094], [-0.423545469957721, 51.70255874890911], [-0.424584235750436, 51.70181735982451], [-0.424111390237899, 51.69959900129463], [-0.426611228466342, 51.69886819157103], [-0.430409596594736, 51.69824460394168], [-0.430448767507257, 51.69627589286262], [-0.429789541418763, 51.69483736517239], [-0.426272666716661, 51.69486224248828]]}}, {"type": "Feature", "properties": {"route": "346", "route_name": "", "route_id": "114980", "agency": "Red Rose Travel", "agency_id": "OP362", "geometry_source": "GTFS stop sequence"}, "geometry": {"type": "LineString", "coordinates": [[-0.44449, 51.61664], [-0.44207, 51.61611], [-0.43803, 51.61441], [-0.43415, 51.61241], [-0.42969, 51.61197], [-0.42723, 51.61211], [-0.42296, 51.61142], [-0.41722, 51.61087], [-0.4141, 51.61332], [-0.409237618166813, 51.61613248720656], [-0.407878818985387, 51.61781357013797], [-0.40529801342528, 51.61932518010895], [-0.398220651309483, 51.61848249257974], [-0.392207992180758, 51.61735722339564], [-0.389178719612998, 51.61968961134756], [-0.384859439385545, 51.619693214790374], [-0.37692807449697, 51.6213372938566], [-0.379430735849057, 51.624887774170396], [-0.383496863980323, 51.62795617620614], [-0.384723202054608, 51.63044587586898], [-0.383038105425156, 51.63313828961113], [-0.37716354463251, 51.63336297436408], [-0.383999367770566, 51.63902334598954], [-0.382152391413314, 51.641380810904884], [-0.383241574901851, 51.643670804232734], [-0.38419988772106, 51.64598596156668], [-0.385256398583665, 51.647574103706766], [-0.388852265944309, 51.64929601471217], [-0.390456701600882, 51.651745868068865], [-0.394544047519718, 51.654301603079396], [-0.396199724899809, 51.6553133490685]]}}, {"type": "Feature", "properties": {"route": "9", "route_name": "", "route_id": "24568", "agency": "Red Rose Travel", "agency_id": "OP362", "geometry_source": "GTFS stop sequence"}, "geometry": {"type": "LineString", "coordinates": [[-0.813005, 51.815007], [-0.815757, 51.815178], [-0.821674, 51.816371], [-0.824564, 51.813479], [-0.824693, 51.810727], [-0.822857, 51.808821], [-0.819584, 51.806963], [-0.818121, 51.804664], [-0.816104, 51.80361], [-0.819142, 51.802786], [-0.821923, 51.802364], [-0.822407, 51.80103], [-0.821613, 51.799232], [-0.819855, 51.796005], [-0.817686, 51.79467], [-0.814411, 51.794592], [-0.814914, 51.795856], [-0.815683, 51.796394], [-0.815843, 51.799174], [-0.807294, 51.798899], [-0.806089, 51.798932], [-0.804159, 51.797878], [-0.803292, 51.796656]]}}, {"type": "Feature", "properties": {"route": "16", "route_name": "", "route_id": "66005", "agency": "Red Rose Travel", "agency_id": "OP362", "geometry_source": "GTFS stop sequence"}, "geometry": {"type": "LineString", "coordinates": [[-0.987078, 51.937757], [-0.989382, 51.934605], [-1.001717, 51.916528], [-1.010787, 51.910697], [-1.014699, 51.897351], [-1.015528, 51.893986], [-1.016215, 51.891177], [-1.015246, 51.882304], [-1.011955, 51.881314], [-1.007961, 51.879932], [-1.005244, 51.878641], [-1.003608, 51.877063], [-1.000054, 51.874893], [-0.997662, 51.86553], [-0.984643, 51.858711], [-0.973853, 51.856154], [-0.960651, 51.852929], [-0.948592, 51.851642], [-0.92261, 51.845859], [-0.919381, 51.846135], [-0.916301, 51.845622], [-0.900088, 51.843763], [-0.890734, 51.842191], [-0.881086, 51.841417], [-0.866135, 51.833325], [-0.858151, 51.832807], [-0.849627, 51.830959], [-0.840259, 51.826252], [-0.837222, 51.825526], [-0.832736, 51.82452], [-0.829864, 51.823898], [-0.824398, 51.822638], [-0.821036, 51.821912], [-0.81834, 51.821247], [-0.81643, 51.82049], [-0.816305, 51.819176], [-0.818219, 51.817002], [-0.813005, 51.815007]]}}, {"type": "Feature", "properties": {"route": "25", "route_name": "", "route_id": "70988", "agency": "Red Rose Travel", "agency_id": "OP362", "geometry_source": "GTFS stop sequence"}, "geometry": {"type": "LineString", "coordinates": [[-1.14974, 51.89281], [-1.15311, 51.89765], [-1.15697, 51.90202], [-1.16049, 51.90471], [-1.16702, 51.90796], [-1.18486, 51.90115], [-1.22305, 51.90722], [-1.22622, 51.90803], [-1.25556, 51.9283], [-1.254, 51.92806], [-1.26247, 51.9288], [-1.26545, 51.92905], [-1.27553, 51.92956], [-1.28484, 51.91965], [-1.226, 51.90801], [-1.22304, 51.90734], [-1.18331, 51.90095], [-1.16661, 51.90774], [-1.164, 51.90676], [-1.16026, 51.90469], [-1.15766, 51.90296], [-1.15335, 51.898], [-1.14974, 51.89281]]}}, {"type": "Feature", "properties": {"route": "357", "route_name": "", "route_id": "4615899", "agency": "Red Rose Travel", "agency_id": "OP362", "geometry_source": "GTFS stop sequence"}, "geometry": {"type": "LineString", "coordinates": [[-0.326993680314893, 51.750310853854934], [-0.330388405980934, 51.750574934773134], [-0.333516254362532, 51.75100598086067], [-0.337225628139179, 51.75177787422906], [-0.337193813336664, 51.75382758983355], [-0.334473228619451, 51.75689129329041], [-0.329841127164302, 51.76030545053905], [-0.326106459258169, 51.76333656463047], [-0.323109007434687, 51.765622756640084], [-0.318706626206152, 51.77021770203121], [-0.316309080762856, 51.77271911605591], [-0.310543662588032, 51.77651192852312], [-0.306880814234869, 51.77948951842538], [-0.304617238228155, 51.781866738541], [-0.303399080817577, 51.78380940962113], [-0.297047837783614, 51.7996243279592], [-0.291403267259433, 51.80622344562013], [-0.289028401225709, 51.80726794465309], [-0.288682972786731, 51.80872860238572], [-0.288395655628073, 51.80980345190375], [-0.291239000740313, 51.81095081164141], [-0.293908842490858, 51.812086592481215], [-0.294323833122461, 51.815311718450474], [-0.303648736139607, 51.81579728846853], [-0.309308745971139, 51.81768617079651], [-0.315910553316508, 51.81845529083866], [-0.321086101492913, 51.81934755535981], [-0.325818141634764, 51.82046706638979], [-0.334635033592996, 51.82217482172473], [-0.333923808909394, 51.82493424040627], [-0.334496160286299, 51.82594044324053], [-0.336065209283534, 51.82785993374587], [-0.339128074790791, 51.82665336060187], [-0.339285423065106, 51.82553160144117], [-0.341212144803426, 51.82483045304941], [-0.340529631615873, 51.82286959279259], [-0.339902211510589, 51.82099043207416], [-0.343685972986056, 51.819497184982836], [-0.347529463810265, 51.8179507052805], [-0.353796592295848, 51.814783553228416], [-0.351877372839505, 51.811717424234125], [-0.349022029308557, 51.809267551874285], [-0.345143942727679, 51.80742365758987], [-0.347043399001011, 51.806254455354754], [-0.351939665568878, 51.804839523710164], [-0.355789034585193, 51.80388632387813], [-0.359591714306466, 51.80181735655761], [-0.36618429902813, 51.80079415457952], [-0.376990123914846, 51.80278713257066], [-0.393374176697012, 51.79599850867302], [-0.394648313249613, 51.797688392609174]]}}, {"type": "Feature", "properties": {"route": "X60", "route_name": "", "route_id": "1957", "agency": "Red Rose Travel", "agency_id": "OP362", "geometry_source": "GTFS stop sequence"}, "geometry": {"type": "LineString", "coordinates": [[-0.985171, 52.001632], [-0.984935, 51.996604], [-0.983728, 51.995236], [-0.980341, 51.991727], [-0.978379, 51.988995], [-0.975728, 51.98515], [-0.966038, 51.979122], [-0.952299, 51.970783], [-0.947677, 51.968575], [-0.937891, 51.9632], [-0.930409, 51.961433], [-0.913292, 51.956664], [-0.904518, 51.9542], [-0.89643, 51.951113], [-0.888711, 51.949794], [-0.883226, 51.947284], [-0.881476, 51.944507], [-0.880335, 51.941259], [-0.877028, 51.940868], [-0.836891, 51.88065], [-0.835992, 51.879454], [-0.831907, 51.876734], [-0.833337, 51.86639], [-0.831829, 51.863507], [-0.830203, 51.85788], [-0.82838, 51.852026], [-0.818334, 51.839796], [-0.814512, 51.828357], [-0.814582, 51.826244], [-0.814543, 51.824949], [-0.815235, 51.820712], [-0.816305, 51.819176], [-0.818219, 51.817002], [-0.8131, 51.814702]]}}, {"type": "Feature", "properties": {"route": "50", "route_name": "", "route_id": "32638", "agency": "Red Rose Travel", "agency_id": "OP362", "geometry_source": "GTFS stop sequence"}, "geometry": {"type": "LineString", "coordinates": [[-0.72716, 51.776048], [-0.729043, 51.774054], [-0.731293, 51.771866], [-0.734879, 51.766465], [-0.736954, 51.764797], [-0.74197, 51.763691], [-0.744337, 51.766108], [-0.745135, 51.767645], [-0.754952, 51.77532], [-0.750503, 51.772683], [-0.754716, 51.774419], [-0.761222, 51.783506], [-0.765576, 51.788641], [-0.774772, 51.785824], [-0.77746, 51.786122], [-0.779804, 51.791163], [-0.782472, 51.794365], [-0.785341, 51.797137], [-0.789214, 51.799281], [-0.79243, 51.797794], [-0.795146, 51.798182], [-0.79638, 51.800308], [-0.797313, 51.802844], [-0.797877, 51.806185], [-0.802239, 51.808505], [-0.804619, 51.810111], [-0.806915, 51.810485], [-0.808104, 51.81217], [-0.812999, 51.814701]]}}, {"type": "Feature", "properties": {"route": "40", "route_name": "", "route_id": "60896", "agency": "Red Rose Travel", "agency_id": "OP362", "geometry_source": "GTFS stop sequence"}, "geometry": {"type": "LineString", "coordinates": [[-0.756222, 51.631456], [-0.757808, 51.632633], [-0.760111, 51.633494], [-0.764539, 51.634853], [-0.772134, 51.637172], [-0.778584, 51.639127], [-0.785106, 51.641119], [-0.788217, 51.642068], [-0.79431, 51.643911], [-0.800231, 51.644637], [-0.80337, 51.644544], [-0.822974, 51.63985], [-0.829124, 51.640091], [-0.833873, 51.641406], [-0.856934, 51.648476], [-0.864179, 51.65065], [-0.887512, 51.657015], [-0.889907, 51.655419], [-0.892091, 51.652985], [-0.893391, 51.653042], [-0.896843, 51.657328], [-0.898742, 51.65891], [-0.902628, 51.660232], [-0.908386, 51.661248], [-0.96377, 51.6714], [-0.95874, 51.67327], [-0.94974, 51.68095], [-0.93261, 51.68855], [-0.93166, 51.68927], [-0.9261, 51.691], [-0.91562, 51.69823], [-0.91383, 51.69905], [-0.91162, 51.69995], [-0.90811, 51.70146], [-0.90538, 51.70282], [-0.90798, 51.70569], [-0.91054, 51.70548], [-0.91372, 51.7049], [-0.93373, 51.71439], [-0.94087, 51.72329], [-0.95813, 51.74033], [-0.9635, 51.74617], [-0.96904, 51.74517], [-0.97569, 51.74588], [-0.9777, 51.74975], [-0.97891, 51.74771]]}}, {"type": "Feature", "properties": {"route": "W30", "route_name": "", "route_id": "66403", "agency": "Red Rose Travel", "agency_id": "OP362", "geometry_source": "GTFS stop sequence"}, "geometry": {"type": "LineString", "coordinates": [[-0.431317757177168, 51.64434085705329], [-0.429907014349594, 51.64585064554395], [-0.42753301097603, 51.64762627517859], [-0.425672033917846, 51.64835667056697], [-0.424639344468778, 51.6539628276374], [-0.421463506644212, 51.65341663086508], [-0.421039827827979, 51.65687285810148], [-0.414996271831092, 51.65398594164192], [-0.416572153318875, 51.65356659104595], [-0.406972425853997, 51.65730333450278], [-0.400190421308135, 51.66350555952784], [-0.396123128357449, 51.663216294171114], [-0.396935282654453, 51.659459724775594], [-0.397139905248728, 51.655299208655855]]}}, {"type": "Feature", "properties": {"route": "336", "route_name": "", "route_id": "4615897", "agency": "Red Rose Travel", "agency_id": "OP362", "geometry_source": "GTFS stop sequence"}, "geometry": {"type": "LineString", "coordinates": [[-0.372092140493551, 51.66401866122846], [-0.374426722475664, 51.6630259042958], [-0.378356407208604, 51.66392548086241], [-0.38225447751627, 51.67058837970823], [-0.383970323557546, 51.672356452382104], [-0.385657558933743, 51.67330583207952], [-0.38823011384599, 51.671317957841346], [-0.387856971147407, 51.67042262701735], [-0.385085098067964, 51.6694763540786], [-0.384781104390727, 51.66867188381392], [-0.394544047519718, 51.654301603079396], [-0.3959732895665, 51.65517537608306], [-0.400931690490032, 51.65148432620514], [-0.40759868007841, 51.648922269583615], [-0.411037840506603, 51.65060540259096], [-0.41548039766817, 51.650881236814094], [-0.419557423294871, 51.65127787212635], [-0.42405291233756, 51.65169796575539], [-0.424326758826942, 51.649219845352825], [-0.430417646734305, 51.65115376409025], [-0.435945643389084, 51.64971686117029], [-0.439862605930871, 51.64761987567687], [-0.443386926095809, 51.646848372303836], [-0.449315822114933, 51.64634233198195], [-0.451880937033229, 51.64614238397218], [-0.463300836940107, 51.64353183804892], [-0.471208617369325, 51.64046088422024], [-0.475174266064705, 51.644594800960746], [-0.476181844741367, 51.64687385533994], [-0.482124092504838, 51.65115005394943], [-0.48480273608823, 51.652317629745426], [-0.489717154529997, 51.65407141676655], [-0.494007600468301, 51.65503469778807], [-0.498529634358431, 51.656432394592755], [-0.502287746165437, 51.65820682913293], [-0.509869722574245, 51.660218548670706], [-0.513096091581245, 51.66412595895081], [-0.521061832523502, 51.667274783044505], [-0.52190242130384, 51.65832943235783], [-0.520192222636861, 51.65623975797789], [-0.518326248277171, 51.6544987767733]]}}, {"type": "Feature", "properties": {"route": "275", "route_name": "", "route_id": "4398053", "agency": "Red Rose Travel", "agency_id": "OP362", "geometry_source": "GTFS stop sequence"}, "geometry": {"type": "LineString", "coordinates": [[-1.25556, 51.75233], [-1.2507, 51.75272], [-1.24071, 51.75048], [-1.23611, 51.7524], [-1.22501, 51.75593], [-1.22092, 51.75712], [-1.21609, 51.75868], [-1.20974, 51.76055], [-1.20559, 51.76165], [-1.20175, 51.76227], [-1.19906, 51.76263], [-1.19085, 51.76252], [-1.18054, 51.76315], [-1.16083, 51.76137], [-1.13863, 51.75184], [-1.13389, 51.74789], [-1.12711, 51.74602], [-1.12387, 51.74496], [-1.11935, 51.74335], [-1.11109, 51.74125], [-1.09698, 51.73951], [-1.08893, 51.73856], [-1.08176, 51.73788], [-1.06304, 51.72774], [-1.04996, 51.72386], [-1.00774, 51.71105], [-1.00341, 51.70762], [-0.97443, 51.69018], [-0.95457, 51.67736], [-0.94974, 51.68095], [-0.93261, 51.68855], [-0.93166, 51.68927], [-0.9261, 51.691], [-0.91722, 51.69755], [-0.9178, 51.69881], [-0.91896, 51.70133], [-0.91798, 51.70289], [-0.91497, 51.70393], [-0.91099, 51.70543], [-0.90808, 51.70591], [-0.9051, 51.70268], [-0.90819, 51.70132], [-0.90638, 51.69948], [-0.90531, 51.69771], [-0.90867, 51.69576]]}}, {"type": "Feature", "properties": {"route": "7", "route_name": "", "route_id": "7482431", "agency": "Red Rose Travel", "agency_id": "OP362", "geometry_source": "GTFS stop sequence"}, "geometry": {"type": "LineString", "coordinates": [[-0.813119, 51.815098], [-0.806818, 51.816356], [-0.800104, 51.815146], [-0.797377, 51.815154], [-0.793661, 51.815215], [-0.788891, 51.816218], [-0.787694, 51.817563], [-0.785465, 51.817351], [-0.782514, 51.81706], [-0.780707, 51.815711], [-0.780363, 51.814484], [-0.778393, 51.813331], [-0.775436, 51.812176], [-0.775521, 51.81063], [-0.77543, 51.809694], [-0.775641, 51.806738], [-0.777957, 51.805818], [-0.778961, 51.807321], [-0.781935, 51.806777], [-0.786379, 51.80604], [-0.782429, 51.808373], [-0.776641, 51.809455], [-0.775568, 51.812106], [-0.778337, 51.813231], [-0.780495, 51.81445], [-0.780791, 51.815316], [-0.783616, 51.81708], [-0.785728, 51.817282], [-0.787798, 51.817474], [-0.788699, 51.816315], [-0.793606, 51.815124], [-0.797438, 51.815056], [-0.80196, 51.81521], [-0.80829, 51.81611], [-0.815757, 51.815178], [-0.815259, 51.814256], [-0.813119, 51.815098]]}}, {"type": "Feature", "properties": {"route": "W30", "route_name": "", "route_id": "66403", "agency": "Red Rose Travel", "agency_id": "OP362", "geometry_source": "GTFS stop sequence"}, "geometry": {"type": "LineString", "coordinates": [[-0.425923958311229, 51.64442154506874], [-0.42587783656569, 51.64658800273853], [-0.425672033917846, 51.64835667056697], [-0.424639344468778, 51.6539628276374], [-0.421039827827979, 51.65687285810148], [-0.416572153318875, 51.65356659104595], [-0.396123128357449, 51.663216294171114]]}}, {"type": "Feature", "properties": {"route": "18", "route_name": "", "route_id": "973590", "agency": "Red Rose Travel", "agency_id": "OP362", "geometry_source": "GTFS stop sequence"}, "geometry": {"type": "LineString", "coordinates": [[-0.985171, 52.001632], [-0.984935, 51.996604], [-0.983728, 51.995236], [-0.980341, 51.991727], [-0.978379, 51.988995], [-0.975728, 51.98515], [-0.966038, 51.979122], [-0.959808, 51.967109], [-0.987078, 51.937757], [-0.991943, 51.936153], [-1.018044, 51.933227], [-1.031979, 51.929808], [-1.03596, 51.931361], [-1.040894, 51.929863], [-1.055522, 51.924443], [-1.059442, 51.904559], [-1.060702, 51.902726], [-1.063691, 51.902282], [-1.067116, 51.901815], [-1.11161, 51.90079], [-1.11328, 51.8994], [-1.11659, 51.89772], [-1.11957, 51.89952], [-1.12943, 51.90517], [-1.13547, 51.90335], [-1.13924, 51.90148], [-1.14083, 51.89973], [-1.15269, 51.89758]]}}, {"type": "Feature", "properties": {"route": "7", "route_name": "", "route_id": "7482431", "agency": "Red Rose Travel", "agency_id": "OP362", "geometry_source": "GTFS stop sequence"}, "geometry": {"type": "LineString", "coordinates": [[-0.813119, 51.815098], [-0.809335, 51.815554], [-0.806818, 51.816356], [-0.800104, 51.815146], [-0.797377, 51.815154], [-0.793661, 51.815215], [-0.788891, 51.816218], [-0.787694, 51.817563], [-0.785465, 51.817351], [-0.782514, 51.81706], [-0.780707, 51.815711], [-0.780363, 51.814484], [-0.778393, 51.813331], [-0.775436, 51.812176], [-0.775521, 51.81063], [-0.77543, 51.809694], [-0.775641, 51.806738], [-0.777957, 51.805818], [-0.778961, 51.807321], [-0.781935, 51.806777], [-0.786379, 51.80604], [-0.782429, 51.808373], [-0.776641, 51.809455], [-0.775568, 51.812106], [-0.778337, 51.813231], [-0.780495, 51.81445], [-0.780791, 51.815316], [-0.783616, 51.81708], [-0.785728, 51.817282], [-0.787798, 51.817474], [-0.788699, 51.816315], [-0.793606, 51.815124], [-0.797438, 51.815056], [-0.80196, 51.81521], [-0.80829, 51.81611], [-0.815757, 51.815178], [-0.815259, 51.814256], [-0.813119, 51.815098]]}}, {"type": "Feature", "properties": {"route": "50", "route_name": "", "route_id": "32638", "agency": "Red Rose Travel", "agency_id": "OP362", "geometry_source": "GTFS stop sequence"}, "geometry": {"type": "LineString", "coordinates": [[-0.72716, 51.776048], [-0.729043, 51.774054], [-0.731293, 51.771866], [-0.734879, 51.766465], [-0.736954, 51.764797], [-0.74197, 51.763691], [-0.744337, 51.766108], [-0.745135, 51.767645], [-0.754952, 51.77532], [-0.750503, 51.772683], [-0.754716, 51.774419], [-0.761222, 51.783506], [-0.765576, 51.788641], [-0.774772, 51.785824], [-0.77746, 51.786122], [-0.779804, 51.791163], [-0.782472, 51.794365], [-0.785341, 51.797137], [-0.797877, 51.806185], [-0.802239, 51.808505], [-0.804619, 51.810111], [-0.806915, 51.810485], [-0.808104, 51.81217], [-0.812999, 51.814701]]}}, {"type": "Feature", "properties": {"route": "162", "route_name": "", "route_id": "8929", "agency": "Red Rose Travel", "agency_id": "OP362", "geometry_source": "GTFS stop sequence"}, "geometry": {"type": "LineString", "coordinates": [[-0.66431, 51.91586], [-0.67004, 51.91627], [-0.67267, 51.91695], [-0.67508, 51.91765], [-0.67936, 51.9197], [-0.68374, 51.9218], [-0.68724, 51.92342], [-0.71779, 51.933658], [-0.719185, 51.936767], [-0.727621, 51.934232], [-0.760211, 51.926011], [-0.761859, 51.924284], [-0.759622, 51.919972], [-0.762474, 51.92519], [-0.762857, 51.9271], [-0.764842, 51.930574], [-0.769264, 51.93267], [-0.77457, 51.935441]]}}, {"type": "Feature", "properties": {"route": "336", "route_name": "", "route_id": "4615897", "agency": "Red Rose Travel", "agency_id": "OP362", "geometry_source": "GTFS stop sequence"}, "geometry": {"type": "LineString", "coordinates": [[-0.521061832523502, 51.667274783044505], [-0.52190242130384, 51.65832943235783], [-0.520192222636861, 51.65623975797789], [-0.518326248277171, 51.6544987767733], [-0.517024706114476, 51.655399524794554], [-0.509607522342105, 51.6602781651584], [-0.502396838644544, 51.658406042573965], [-0.499695896796106, 51.65701379022154], [-0.492735978583609, 51.655018384857364], [-0.489338767310579, 51.65414747769787], [-0.483732232530568, 51.651908167669234], [-0.478857115731583, 51.65028951567655], [-0.476500237661821, 51.6485864594314], [-0.474851941503681, 51.64429388024173], [-0.471208617369325, 51.64046088422024], [-0.466439065642248, 51.64218809768765], [-0.463318487372057, 51.64386477236277], [-0.451675309065667, 51.646238584900956], [-0.449544217781674, 51.64642627559828], [-0.441690428575675, 51.64700571253513], [-0.434890827205464, 51.65012543209239], [-0.428385359557114, 51.65181896882815], [-0.424326758826942, 51.649219845352825], [-0.421772201740185, 51.6516043936467], [-0.41635611251583, 51.651054905520134], [-0.412520990835729, 51.65076933328571], [-0.408701999848253, 51.64961162746485], [-0.398522741184934, 51.652980145833325], [-0.39775370677081, 51.654291484923846], [-0.399702974498907, 51.65599957240615], [-0.395469973266324, 51.6571467474655], [-0.384967725855991, 51.668710418204036], [-0.386245979917765, 51.66977106248333], [-0.388433755669455, 51.671284784057924], [-0.385381629428219, 51.67333800741543], [-0.383353446701594, 51.67140380114985], [-0.37323495904564, 51.666426378959855], [-0.372092140493551, 51.66401866122846]]}}, {"type": "Feature", "properties": {"route": "336", "route_name": "", "route_id": "4615897", "agency": "Red Rose Travel", "agency_id": "OP362", "geometry_source": "GTFS stop sequence"}, "geometry": {"type": "LineString", "coordinates": [[-0.424326758826942, 51.649219845352825], [-0.421772201740185, 51.6516043936467], [-0.41635611251583, 51.651054905520134], [-0.412520990835729, 51.65076933328571], [-0.408701999848253, 51.64961162746485], [-0.398522741184934, 51.652980145833325], [-0.39775370677081, 51.654291484923846], [-0.399702974498907, 51.65599957240615], [-0.395469973266324, 51.6571467474655], [-0.384967725855991, 51.668710418204036], [-0.386245979917765, 51.66977106248333], [-0.388433755669455, 51.671284784057924], [-0.385381629428219, 51.67333800741543], [-0.383353446701594, 51.67140380114985], [-0.37323495904564, 51.666426378959855], [-0.372092140493551, 51.66401866122846]]}}, {"type": "Feature", "properties": {"route": "W30", "route_name": "", "route_id": "66403", "agency": "Red Rose Travel", "agency_id": "OP362", "geometry_source": "GTFS stop sequence"}, "geometry": {"type": "LineString", "coordinates": [[-0.397139905248728, 51.655299208655855], [-0.399827959097468, 51.65614514786872], [-0.400766811224815, 51.66027628291208], [-0.402094615502193, 51.65952104228732], [-0.406704487708372, 51.657110867399446], [-0.409597701109475, 51.65706016279299], [-0.417628087730766, 51.65769916399028], [-0.421603928663545, 51.65644882460007], [-0.424263547006808, 51.65354415373812], [-0.425635851973205, 51.64814936921708], [-0.42588400708446, 51.64724450248758], [-0.425149335198596, 51.643835670010006], [-0.427641903718688, 51.64197175548933], [-0.428064368345633, 51.64396464741459], [-0.425923958311229, 51.64442154506874], [-0.42588400708446, 51.64724450248758], [-0.427629646007157, 51.64733982473207], [-0.429823127397847, 51.64576859582048], [-0.431317757177168, 51.64434085705329]]}}, {"type": "Feature", "properties": {"route": "321", "route_name": "", "route_id": "84896", "agency": "Red Rose Travel", "agency_id": "OP362", "geometry_source": "GTFS stop sequence"}, "geometry": {"type": "LineString", "coordinates": [[-0.832982, 51.721685], [-0.831398, 51.724726], [-0.827995, 51.7281], [-0.823078, 51.731225], [-0.822313, 51.732243], [-0.830182, 51.733715], [-0.828323, 51.731682], [-0.833205, 51.727667], [-0.851206, 51.734372], [-0.857352, 51.735883], [-0.855675, 51.734011], [-0.876177, 51.720128], [-0.88294, 51.71709], [-0.89485, 51.71179], [-0.9004, 51.70933], [-0.90613, 51.70706], [-0.91054, 51.70548], [-0.91213, 51.70372], [-0.91119, 51.70001], [-0.91339, 51.69912], [-0.91572, 51.69805], [-0.91677, 51.69514], [-0.92593, 51.69096], [-0.9326, 51.68844], [-0.95052, 51.70548], [-0.9448, 51.71053], [-0.93373, 51.71439], [-0.94087, 51.72329], [-0.95813, 51.74033], [-0.96283, 51.74585], [-0.96732, 51.74505], [-0.96904, 51.74517], [-0.97569, 51.74588], [-0.97891, 51.74771], [-0.98181, 51.74928], [-0.98527, 51.7494], [-0.98908, 51.748], [-0.99439, 51.74706]]}}, {"type": "Feature", "properties": {"route": "100", "route_name": "", "route_id": "66003", "agency": "Red Rose Travel", "agency_id": "OP362", "geometry_source": "GTFS stop sequence"}, "geometry": {"type": "LineString", "coordinates": [[-0.813271, 51.81483], [-0.809335, 51.815554], [-0.80949, 51.816806], [-0.808838, 51.819541], [-0.805804, 51.820716], [-0.802405, 51.822497], [-0.797583, 51.824867], [-0.792751, 51.827578], [-0.788082, 51.830119], [-0.782318, 51.833477], [-0.778022, 51.834538], [-0.775275, 51.835238], [-0.773893, 51.843891], [-0.768546, 51.853106], [-0.755719, 51.869226], [-0.727371, 51.88804], [-0.719204, 51.893149], [-0.718603, 51.894374], [-0.714934, 51.897131], [-0.709308, 51.898229], [-0.706746, 51.898866], [-0.696713, 51.904043], [-0.7016448, 51.9880414], [-0.7133917, 51.9974599], [-0.7304938, 52.0087407], [-0.7320863, 52.0152854], [-0.7327426, 52.016812], [-0.7350905, 52.0193368], [-0.7381893, 52.0210783], [-0.7401635, 52.0223942], [-0.7427695, 52.0276908], [-0.7468159, 52.0320677], [-0.749845, 52.0337453], [-0.7544013, 52.0360773], [-0.755994, 52.042253]]}}, {"type": "Feature", "properties": {"route": "100", "route_name": "", "route_id": "66003", "agency": "Red Rose Travel", "agency_id": "OP362", "geometry_source": "GTFS stop sequence"}, "geometry": {"type": "LineString", "coordinates": [[-0.755994, 52.042253], [-0.7540325, 52.0362352], [-0.7514647, 52.0347335], [-0.7448659, 52.0309051], [-0.7426037, 52.0278869], [-0.7407924, 52.023354], [-0.7379828, 52.021166], [-0.7348842, 52.0194155], [-0.7325362, 52.0168997], [-0.731709, 52.014633], [-0.7301881, 52.0087284], [-0.7151893, 51.9982708], [-0.7012964, 51.9885052], [-0.696686, 51.903952], [-0.70669, 51.898767], [-0.710081, 51.898112], [-0.715443, 51.896642], [-0.718131, 51.894108], [-0.719164, 51.893064], [-0.727258, 51.887904], [-0.756006, 51.868825], [-0.766743, 51.854256], [-0.773593, 51.843169], [-0.774393, 51.835624], [-0.778304, 51.834316], [-0.783097, 51.833098], [-0.789103, 51.829411], [-0.792976, 51.827292], [-0.798044, 51.82444], [-0.802143, 51.822504], [-0.805471, 51.820676], [-0.809986, 51.818933], [-0.812238, 51.818812], [-0.816305, 51.819176], [-0.818219, 51.817002], [-0.813271, 51.81483]]}}, {"type": "Feature", "properties": {"route": "100", "route_name": "", "route_id": "66003", "agency": "Red Rose Travel", "agency_id": "OP362", "geometry_source": "GTFS stop sequence"}, "geometry": {"type": "LineString", "coordinates": [[-0.813271, 51.81483], [-0.809335, 51.815554], [-0.80949, 51.816806], [-0.808838, 51.819541], [-0.805804, 51.820716], [-0.802405, 51.822497], [-0.797583, 51.824867], [-0.792751, 51.827578], [-0.788082, 51.830119], [-0.782318, 51.833477], [-0.778022, 51.834538], [-0.775275, 51.835238], [-0.773893, 51.843891], [-0.768546, 51.853106], [-0.755719, 51.869226], [-0.727371, 51.88804], [-0.719204, 51.893149], [-0.718603, 51.894374], [-0.714934, 51.897131], [-0.709308, 51.898229], [-0.706746, 51.898866], [-0.696713, 51.904043], [-0.7331675, 51.9733799], [-0.7342782, 51.971162], [-0.7265634, 51.9742168], [-0.7202166, 51.976234], [-0.7196249, 51.9816673], [-0.7198322, 51.9851222], [-0.7220197, 51.9901271], [-0.720476, 51.9921693], [-0.71889, 51.9946696], [-0.7176654, 51.9962388], [-0.7133917, 51.9974599], [-0.7304938, 52.0087407], [-0.7320863, 52.0152854], [-0.7327426, 52.016812], [-0.7350905, 52.0193368], [-0.7381893, 52.0210783], [-0.7401635, 52.0223942], [-0.7427695, 52.0276908], [-0.7468159, 52.0320677], [-0.749845, 52.0337453], [-0.7544013, 52.0360773], [-0.755994, 52.042253]]}}, {"type": "Feature", "properties": {"route": "357", "route_name": "", "route_id": "4615899", "agency": "Red Rose Travel", "agency_id": "OP362", "geometry_source": "GTFS stop sequence"}, "geometry": {"type": "LineString", "coordinates": [[-0.355309534072461, 51.81466984507031], [-0.357315548720932, 51.816954836832736], [-0.356781877368433, 51.81886264338075], [-0.354923741864057, 51.82167808689916], [-0.355349306381364, 51.82314071670999], [-0.354506595023743, 51.82635699748088], [-0.352770688842552, 51.82779836588089], [-0.349618166598796, 51.82948060185077], [-0.347628121703606, 51.8307205082915], [-0.346694182450288, 51.830860244550706], [-0.3437189342248, 51.82730257350576], [-0.341175499707708, 51.825828031335], [-0.339185720037863, 51.827058807832856], [-0.336871165553038, 51.828042178833876], [-0.334300235145256, 51.826531130842135], [-0.333338124214629, 51.82468316161395], [-0.334597159934831, 51.82202142377502], [-0.334360892616071, 51.82173933002078], [-0.325382417231801, 51.82047884628535], [-0.32154113351386, 51.819596831466896], [-0.315369650979486, 51.81856443800019], [-0.308889228814395, 51.8176531629727], [-0.303123688159587, 51.81587064039939], [-0.294740263377378, 51.815425660903], [-0.293696352466823, 51.81233528303616], [-0.290330689163827, 51.81080273005268], [-0.288333037948023, 51.809541774526174], [-0.288609601309469, 51.80836785738492], [-0.288375676937211, 51.80726743706246], [-0.290548060359716, 51.805824362670286], [-0.29657112609252, 51.79995911593911], [-0.303121747380297, 51.78385935865323], [-0.304662387221455, 51.781435776082574], [-0.307310039279151, 51.77886626301112], [-0.310115460990153, 51.77672158063388], [-0.316048322788223, 51.772715380950345], [-0.318873188472289, 51.76963560745501], [-0.323620451264408, 51.76511751049011], [-0.326382119976528, 51.7629358520655], [-0.329027327113435, 51.760761465788875], [-0.334151656387027, 51.75696766367801], [-0.336978584142782, 51.75377059297998], [-0.337911761008585, 51.752030362000646], [-0.332185443581347, 51.75095113582841], [-0.326885350186374, 51.750498143113774], [-0.330485628025874, 51.748723970761056], [-0.330813734695323, 51.747289916160334], [-0.327277968386501, 51.74536032346968], [-0.324012582960296, 51.743569358060874], [-0.31622706703448, 51.73947461868228], [-0.312492224579782, 51.737478775383124], [-0.308514572470383, 51.734625075209244], [-0.303811403119771, 51.732210367209305], [-0.300879499101499, 51.728912897586035], [-0.299050473795945, 51.72633269940701], [-0.30175635877896, 51.72522085744699], [-0.305476735136652, 51.72369197071008], [-0.308138649664543, 51.723361655262245], [-0.314046775955594, 51.72216970770873], [-0.315109795846274, 51.72200511502965], [-0.311728990774254, 51.72298167878092], [-0.309132770687916, 51.723492861254755], [-0.304097911222993, 51.721460038324174], [-0.302297922529317, 51.71965362155985], [-0.296807245429262, 51.719754000859176], [-0.293147240829758, 51.7208338883872], [-0.288066140830857, 51.71928527100782], [-0.285275234778339, 51.718435289162464], [-0.280553132685572, 51.71735916929387], [-0.276781378519842, 51.71642268920306], [-0.286112621682827, 51.7123688727193], [-0.293786752405434, 51.70807445790374], [-0.289321131051628, 51.70252435584843], [-0.288602731398607, 51.69778405814703], [-0.291796079265362, 51.69560049907536], [-0.291813779516704, 51.69320886166867], [-0.286485096571208, 51.694084416818825], [-0.282618002172495, 51.69380314319764], [-0.280939558713527, 51.69151258399119], [-0.277821193028833, 51.68828370215894], [-0.27656372043318, 51.68139528319126], [-0.274174767749404, 51.67612678889056], [-0.27571350959443, 51.674836537565454], [-0.277684301839948, 51.6732109017318], [-0.278218355150659, 51.672094715552205], [-0.279143358116468, 51.67020194015312], [-0.282452519663683, 51.66873970141775], [-0.282047304438063, 51.666836434658926], [-0.280581851600471, 51.66543919228009], [-0.275418575928371, 51.662800724919556], [-0.274582456773767, 51.662734490915305], [-0.271872249110508, 51.66442113469165], [-0.269481088295132, 51.665698779200945], [-0.266225951539192, 51.66574069144871], [-0.266003779433053, 51.66360627055777], [-0.268080939734223, 51.66108314860428], [-0.27018189856169, 51.6583085602515], [-0.276377080078208, 51.6554502239197], [-0.278500621451537, 51.654348361181945], [-0.279393924260963, 51.653282394373285]]}}, {"type": "Feature", "properties": {"route": "B3", "route_name": "", "route_id": "4398089", "agency": "Red Rose Travel", "agency_id": "OP362", "geometry_source": "GTFS stop sequence"}, "geometry": {"type": "LineString", "coordinates": [[-0.985171, 52.001632], [-0.975695, 52.005137], [-0.975513, 51.999687], [-0.976348, 51.991836], [-0.979064, 51.996625], [-0.982562, 51.995909], [-0.980341, 51.991727], [-0.99513, 51.992735], [-0.989879, 51.990469], [-0.978884, 51.989188], [-0.980444, 51.991692], [-0.983803, 51.99512], [-0.985276, 51.996957], [-0.985171, 52.001632]]}}, {"type": "Feature", "properties": {"route": "275", "route_name": "", "route_id": "4398053", "agency": "Red Rose Travel", "agency_id": "OP362", "geometry_source": "GTFS stop sequence"}, "geometry": {"type": "LineString", "coordinates": [[-0.757808, 51.632633], [-0.760111, 51.633494], [-0.764539, 51.634853], [-0.772134, 51.637172], [-0.778584, 51.639127], [-0.785106, 51.641119], [-0.788217, 51.642068], [-0.79431, 51.643911], [-0.800231, 51.644637], [-0.80337, 51.644544], [-0.822974, 51.63985], [-0.829124, 51.640091], [-0.833873, 51.641406], [-0.856934, 51.648476], [-0.864179, 51.65065], [-0.887512, 51.657015], [-0.889907, 51.655419], [-0.892091, 51.652985], [-0.893391, 51.653042], [-0.896843, 51.657328], [-0.898742, 51.65891], [-0.902628, 51.660232], [-0.908386, 51.661248], [-0.915095, 51.661868], [-0.923323, 51.667266], [-0.95217, 51.67591], [-0.95717, 51.67869], [-0.97391, 51.68992], [-1.00317, 51.70737], [-1.00809, 51.71104], [-1.05132, 51.72398], [-1.06332, 51.72774], [-1.08251, 51.73838], [-1.09003, 51.73853], [-1.09698, 51.73951], [-1.11151, 51.74125], [-1.11757, 51.74258], [-1.12525, 51.7453], [-1.12828, 51.74629], [-1.13535, 51.74826], [-1.13911, 51.75026], [-1.16296, 51.76168], [-1.18352, 51.76236], [-1.19231, 51.76244], [-1.19905, 51.76253], [-1.20325, 51.76197], [-1.20646, 51.76135], [-1.21185, 51.75987], [-1.21577, 51.75865], [-1.22235, 51.75663], [-1.2264, 51.75547], [-1.23857, 51.7509], [-1.24205, 51.75018], [-1.25138, 51.75264], [-1.25652, 51.75211]]}}, {"type": "Feature", "properties": {"route": "H10", "route_name": "", "route_id": "2414", "agency": "Red Rose Travel", "agency_id": "OP362", "geometry_source": "GTFS stop sequence"}, "geometry": {"type": "LineString", "coordinates": [[-0.472266037123347, 51.751254840666235], [-0.473683402411396, 51.74874655320307], [-0.474360546533265, 51.747136816579136], [-0.477742235835986, 51.74478883876368], [-0.481884409467055, 51.7456696616944], [-0.482216846691555, 51.746123546013585], [-0.482379285010367, 51.74905697526659], [-0.484719835149537, 51.75097545275828], [-0.488656134086751, 51.75066646031097], [-0.491373206142909, 51.74999101328077], [-0.491289981149459, 51.7477060266592], [-0.489386867181413, 51.74656659827206], [-0.486974813434383, 51.74635573639316], [-0.483386622145922, 51.74579695713862], [-0.477263227991907, 51.744818601064395], [-0.474467958249626, 51.74695837430083], [-0.473738050666018, 51.748414565434125], [-0.472281355561308, 51.75337710883868], [-0.472245794577067, 51.751425422128406]]}}, {"type": "Feature", "properties": {"route": "16", "route_name": "", "route_id": "66005", "agency": "Red Rose Travel", "agency_id": "OP362", "geometry_source": "GTFS stop sequence"}, "geometry": {"type": "LineString", "coordinates": [[-1.059556, 51.904695], [-1.055967, 51.924033], [-1.040907, 51.929935], [-1.035494, 51.931411], [-1.031573, 51.929778], [-1.023466, 51.918643], [-1.012445, 51.916627], [-0.983739, 51.936155], [-0.987078, 51.937757], [-0.989382, 51.934605], [-1.001717, 51.916528], [-1.001099, 51.915542], [-1.004077, 51.911081], [-1.010787, 51.910697], [-1.014699, 51.897351], [-1.015528, 51.893986], [-1.016215, 51.891177], [-1.015246, 51.882304], [-1.011955, 51.881314], [-1.007961, 51.879932], [-1.005244, 51.878641], [-1.003608, 51.877063], [-1.000054, 51.874893], [-0.997662, 51.86553], [-0.984643, 51.858711], [-0.973853, 51.856154], [-0.960651, 51.852929], [-0.948592, 51.851642], [-0.93359, 51.862854], [-0.927691, 51.86602], [-0.924396, 51.867788], [-0.919959, 51.870499], [-0.918499, 51.873263], [-0.922617, 51.874785], [-0.920001, 51.875408], [-0.916608, 51.874577], [-0.918232, 51.873468], [-0.920264, 51.86989], [-0.924223, 51.867741], [-0.927489, 51.866], [-0.933606, 51.8628], [-0.92261, 51.845859], [-0.919381, 51.846135], [-0.916301, 51.845622], [-0.900088, 51.843763], [-0.890734, 51.842191], [-0.881086, 51.841417], [-0.866135, 51.833325], [-0.858151, 51.832807], [-0.849627, 51.830959], [-0.840259, 51.826252], [-0.837222, 51.825526], [-0.832736, 51.82452], [-0.829864, 51.823898], [-0.824398, 51.822638], [-0.821036, 51.821912], [-0.81834, 51.821247], [-0.81643, 51.82049], [-0.816305, 51.819176], [-0.818219, 51.817002], [-0.813005, 51.815007]]}}, {"type": "Feature", "properties": {"route": "40", "route_name": "", "route_id": "60896", "agency": "Red Rose Travel", "agency_id": "OP362", "geometry_source": "GTFS stop sequence"}, "geometry": {"type": "LineString", "coordinates": [[-0.97891, 51.74771], [-0.96717, 51.74549], [-0.96334, 51.74629], [-0.95799, 51.74024], [-0.90808, 51.70591], [-0.9051, 51.70268], [-0.90819, 51.70132], [-0.91119, 51.70001], [-0.91339, 51.69912], [-0.91572, 51.69805], [-0.92593, 51.69096], [-0.9326, 51.68844], [-0.94924, 51.68106], [-0.95206, 51.67601], [-0.922881, 51.667037], [-0.915148, 51.662057], [-0.909319, 51.661535], [-0.901487, 51.660168], [-0.898582, 51.658962], [-0.896487, 51.657091], [-0.893751, 51.653711], [-0.892236, 51.652968], [-0.889621, 51.655875], [-0.888088, 51.65711], [-0.864577, 51.650906], [-0.860843, 51.649944], [-0.85779, 51.648907], [-0.833756, 51.641468], [-0.829436, 51.64031], [-0.822754, 51.639965], [-0.801313, 51.64472], [-0.794121, 51.643972], [-0.788516, 51.64226], [-0.785247, 51.641282], [-0.781477, 51.640128], [-0.778409, 51.639215], [-0.770654, 51.636868], [-0.765997, 51.635426], [-0.759964, 51.633555], [-0.75609, 51.631527]]}}, {"type": "Feature", "properties": {"route": "346", "route_name": "", "route_id": "114980", "agency": "Red Rose Travel", "agency_id": "OP362", "geometry_source": "GTFS stop sequence"}, "geometry": {"type": "LineString", "coordinates": [[-0.395469973266324, 51.6571467474655], [-0.392027365333755, 51.65352083239743], [-0.390841526821033, 51.65230864834255], [-0.388567880579641, 51.65079378455915], [-0.387172824201991, 51.64937187386171], [-0.384939200413824, 51.64755175753495], [-0.383446302464085, 51.64522924918549], [-0.382720379922834, 51.6400398251479], [-0.382390761490513, 51.637931140698825], [-0.377690531511378, 51.63317243092005], [-0.381449747653137, 51.633107413399586], [-0.384685699078462, 51.630688146058205], [-0.383301720260625, 51.627755663507216], [-0.378461597016945, 51.62370542117048], [-0.376824117061235, 51.62141678554823], [-0.382777773059267, 51.61973649542639], [-0.392591625388218, 51.61712868218601], [-0.398546397701464, 51.618666778031155], [-0.405759458917122, 51.6189357957333], [-0.407856233740283, 51.61763342238161], [-0.410083481686726, 51.615073888492965], [-0.41359, 51.61342], [-0.41589, 51.61132], [-0.42267, 51.61125], [-0.42657, 51.61196], [-0.43247, 51.61165], [-0.43775, 51.61407], [-0.44489, 51.61636], [-0.44475, 51.61658]]}}, {"type": "Feature", "properties": {"route": "328", "route_name": "", "route_id": "4591282", "agency": "Red Rose Travel", "agency_id": "OP362", "geometry_source": "GTFS stop sequence"}, "geometry": {"type": "LineString", "coordinates": [[-0.44449, 51.61664], [-0.44207, 51.61611], [-0.43803, 51.61441], [-0.43415, 51.61241], [-0.42969, 51.61197], [-0.42723, 51.61211], [-0.42296, 51.61142], [-0.41722, 51.61087], [-0.4141, 51.61332], [-0.409237618166813, 51.61613248720656], [-0.407878818985387, 51.61781357013797], [-0.40529801342528, 51.61932518010895], [-0.398220651309483, 51.61848249257974], [-0.392207992180758, 51.61735722339564], [-0.389178719612998, 51.61968961134756], [-0.387077717168123, 51.6206858645863], [-0.386616886797056, 51.62308941262987], [-0.386826753307033, 51.624504053889545], [-0.390388049520313, 51.62388751714623], [-0.39278505273184, 51.62310207500441], [-0.392791758595555, 51.62127677407503], [-0.395581167539999, 51.621647632931115], [-0.397201561229166, 51.6223981235251], [-0.398674421574546, 51.62446841418384], [-0.397034032950225, 51.62510245123148], [-0.394465133849838, 51.62543602582386], [-0.392418271244429, 51.62571374867733], [-0.390328381523586, 51.625981853981195], [-0.387931715839744, 51.626344623397934], [-0.388206195955795, 51.62797595819791], [-0.392091941249977, 51.627588624166165], [-0.394288860072376, 51.628383015558185], [-0.398253128591342, 51.62781671009402], [-0.402331564682582, 51.62728779299539], [-0.4049124338411, 51.627026145187536], [-0.408016822387513, 51.627904539816484], [-0.406250418330332, 51.62966100402871], [-0.401687514725579, 51.62958099598245], [-0.396707412591896, 51.62945015400463], [-0.392565407977281, 51.62972622852157], [-0.388280111565508, 51.63078250079814], [-0.393933046381895, 51.63682169940788], [-0.397736646010527, 51.638375335867096], [-0.399136225114084, 51.64048957305651], [-0.396456515468183, 51.641891738157746], [-0.392500465117837, 51.64382489257516], [-0.386126481782933, 51.64627322468148], [-0.385256398583665, 51.647574103706766], [-0.388852265944309, 51.64929601471217], [-0.390456701600882, 51.651745868068865], [-0.394544047519718, 51.654301603079396], [-0.397404754625258, 51.65516794265392], [-0.397083373432707, 51.65813092621136], [-0.397068873435468, 51.66018091013155], [-0.3962878142363, 51.663056686652666]]}}, {"type": "Feature", "properties": {"route": "W30", "route_name": "", "route_id": "66403", "agency": "Red Rose Travel", "agency_id": "OP362", "geometry_source": "GTFS stop sequence"}, "geometry": {"type": "LineString", "coordinates": [[-0.431317757177168, 51.64434085705329], [-0.429907014349594, 51.64585064554395], [-0.42753301097603, 51.64762627517859], [-0.425672033917846, 51.64835667056697], [-0.424639344468778, 51.6539628276374], [-0.421463506644212, 51.65341663086508], [-0.416572153318875, 51.65356659104595], [-0.410624027166737, 51.655824166623894], [-0.406972425853997, 51.65730333450278], [-0.400190421308135, 51.66350555952784], [-0.396123128357449, 51.663216294171114]]}}, {"type": "Feature", "properties": {"route": "18", "route_name": "", "route_id": "973590", "agency": "Red Rose Travel", "agency_id": "OP362", "geometry_source": "GTFS stop sequence"}, "geometry": {"type": "LineString", "coordinates": [[-1.15269, 51.89758], [-1.14099, 51.89974], [-1.13955, 51.90133], [-1.13613, 51.90333], [-1.129, 51.90509], [-1.11946, 51.89959], [-1.11675, 51.89805], [-1.11319, 51.8996], [-1.11155, 51.90098], [-1.067246, 51.90187], [-1.064415, 51.902378], [-1.060641, 51.902833], [-1.059556, 51.904695], [-1.055967, 51.924033], [-1.040907, 51.929935], [-1.035494, 51.931411], [-1.031573, 51.929778], [-1.01797, 51.933316], [-0.991883, 51.936243], [-0.989375, 51.937156], [-0.987266, 51.937794]]}}, {"type": "Feature", "properties": {"route": "109", "route_name": "", "route_id": "71918", "agency": "Red Rose Travel", "agency_id": "OP362", "geometry_source": "GTFS stop sequence"}, "geometry": {"type": "LineString", "coordinates": [[-0.798882, 51.810907], [-0.80196, 51.81521], [-0.80829, 51.81611], [-0.815757, 51.815178], [-0.821674, 51.816371], [-0.824564, 51.813479], [-0.82743, 51.811483], [-0.848868, 51.801867], [-0.855301, 51.803818], [-0.866848, 51.803741], [-0.873053, 51.802686], [-0.88236, 51.800482], [-0.892615, 51.795696], [-0.898862, 51.792248], [-0.926183, 51.784157], [-0.923032, 51.778292], [-0.921445, 51.776147], [-0.919581, 51.773459], [-0.922674, 51.7732], [-0.928614, 51.773308], [-0.93391, 51.772457], [-0.940966, 51.770686], [-0.965017, 51.762781], [-0.986644, 51.75984], [-0.993584, 51.770303], [-0.996294, 51.772251], [-0.999145, 51.774424], [-1.002828, 51.776334], [-1.005646, 51.785925], [-1.003234, 51.797369], [-1.050982, 51.818974], [-1.049462, 51.827153], [-1.043488, 51.850896]]}}, {"type": "Feature", "properties": {"route": "100", "route_name": "", "route_id": "66003", "agency": "Red Rose Travel", "agency_id": "OP362", "geometry_source": "GTFS stop sequence"}, "geometry": {"type": "LineString", "coordinates": [[-0.755994, 52.042253], [-0.7540325, 52.0362352], [-0.7514647, 52.0347335], [-0.7448659, 52.0309051], [-0.7426037, 52.0278869], [-0.7407924, 52.023354], [-0.7379828, 52.021166], [-0.7348842, 52.0194155], [-0.7325362, 52.0168997], [-0.731709, 52.014633], [-0.7301881, 52.0087284], [-0.7151893, 51.9982708], [-0.7173108, 51.9964147], [-0.7182222, 51.995103], [-0.7207177, 51.9918663], [-0.7217881, 51.9900796], [-0.7210569, 51.9886511], [-0.7197794, 51.9844203], [-0.7190284, 51.9811393], [-0.720893, 51.975916], [-0.7331675, 51.9733799], [-0.7342782, 51.971162], [-0.696686, 51.903952], [-0.70669, 51.898767], [-0.710081, 51.898112], [-0.715443, 51.896642], [-0.718131, 51.894108], [-0.719164, 51.893064], [-0.727258, 51.887904], [-0.756006, 51.868825], [-0.766743, 51.854256], [-0.773593, 51.843169], [-0.774393, 51.835624], [-0.778304, 51.834316], [-0.783097, 51.833098], [-0.789103, 51.829411], [-0.792976, 51.827292], [-0.798044, 51.82444], [-0.802143, 51.822504], [-0.805471, 51.820676], [-0.809986, 51.818933], [-0.812238, 51.818812], [-0.816305, 51.819176], [-0.818219, 51.817002], [-0.813271, 51.81483]]}}, {"type": "Feature", "properties": {"route": "9", "route_name": "", "route_id": "24568", "agency": "Red Rose Travel", "agency_id": "OP362", "geometry_source": "GTFS stop sequence"}, "geometry": {"type": "LineString", "coordinates": [[-0.803292, 51.796656], [-0.804015, 51.79731], [-0.805082, 51.798085], [-0.80772, 51.798697], [-0.816624, 51.798706], [-0.816158, 51.797091], [-0.814997, 51.79601], [-0.813887, 51.795207], [-0.818223, 51.794667], [-0.819916, 51.795906], [-0.821732, 51.799117], [-0.822228, 51.802359], [-0.819431, 51.802825], [-0.817791, 51.803411], [-0.818155, 51.804485], [-0.820312, 51.807393], [-0.82289, 51.808668], [-0.8248, 51.81054], [-0.825953, 51.812569], [-0.823355, 51.814751], [-0.818219, 51.817002], [-0.813005, 51.815007]]}}, {"type": "Feature", "properties": {"route": "387", "route_name": "", "route_id": "78084", "agency": "Red Rose Travel", "agency_id": "OP362", "geometry_source": "GTFS stop sequence"}, "geometry": {"type": "LineString", "coordinates": [[-0.601755774590637, 51.80269831148977], [-0.623281573970332, 51.800704383849336], [-0.635774820458862, 51.79905166130432], [-0.64716163490899, 51.79799631910985], [-0.650666682144406, 51.79911558042196], [-0.653589653696408, 51.79787227829078], [-0.653049735539599, 51.7936040818869], [-0.660600046956886, 51.79375326646536], [-0.664490818667193, 51.79310516752497], [-0.668579305315097, 51.79115539968207], [-0.671589653590426, 51.792825913821446], [-0.673217849253493, 51.79416605774871], [-0.671104655472006, 51.79748706103872], [-0.66908424460847, 51.798138579688754], [-0.668653241799123, 51.79849336379643], [-0.664880267921056, 51.79857646996559], [-0.661882543830894, 51.79941458007546], [-0.660350000094905, 51.801213429819406], [-0.659821465058771, 51.802897823632215], [-0.657396451008525, 51.804461671483494], [-0.658155111943033, 51.806754189252835]]}}, {"type": "Feature", "properties": {"route": "X60", "route_name": "", "route_id": "1957", "agency": "Red Rose Travel", "agency_id": "OP362", "geometry_source": "GTFS stop sequence"}, "geometry": {"type": "LineString", "coordinates": [[-0.985171, 52.001632], [-0.984935, 51.996604], [-0.983728, 51.995236], [-0.980341, 51.991727], [-0.978379, 51.988995], [-0.975728, 51.98515], [-0.966038, 51.979122], [-0.952299, 51.970783], [-0.947677, 51.968575], [-0.937891, 51.9632], [-0.930409, 51.961433], [-0.913292, 51.956664], [-0.904518, 51.9542], [-0.89643, 51.951113], [-0.890109, 51.950181], [-0.888711, 51.949794], [-0.883226, 51.947284], [-0.881476, 51.944507], [-0.880335, 51.941259], [-0.877028, 51.940868], [-0.836891, 51.88065], [-0.835992, 51.879454], [-0.831907, 51.876734], [-0.833337, 51.86639], [-0.831829, 51.863507], [-0.830203, 51.85788], [-0.82838, 51.852026], [-0.818334, 51.839796], [-0.814512, 51.828357], [-0.814582, 51.826244], [-0.814543, 51.824949], [-0.815235, 51.820712], [-0.816305, 51.819176], [-0.818219, 51.817002], [-0.8131, 51.814702]]}}, {"type": "Feature", "properties": {"route": "X60", "route_name": "", "route_id": "1957", "agency": "Red Rose Travel", "agency_id": "OP362", "geometry_source": "GTFS stop sequence"}, "geometry": {"type": "LineString", "coordinates": [[-0.8131, 51.814702], [-0.809335, 51.815554], [-0.80949, 51.816806], [-0.812238, 51.818812], [-0.815422, 51.82075], [-0.814772, 51.826192], [-0.81481, 51.829699], [-0.818637, 51.839862], [-0.828498, 51.851389], [-0.830342, 51.858106], [-0.83216, 51.863609], [-0.833674, 51.865701], [-0.833375, 51.877261], [-0.836238, 51.879492], [-0.837136, 51.880724], [-0.87609, 51.940553], [-0.880163, 51.94115], [-0.881846, 51.945409], [-0.884378, 51.947744], [-0.88725, 51.948901], [-0.897128, 51.951137], [-0.904925, 51.95424], [-0.913482, 51.956603], [-0.931599, 51.961552], [-0.938009, 51.963139], [-0.947824, 51.96854], [-0.952391, 51.970568], [-0.966514, 51.979324], [-0.975846, 51.985106], [-0.978884, 51.989188], [-0.980444, 51.991692], [-0.983803, 51.99512], [-0.985276, 51.996957], [-0.985171, 52.001632]]}}, {"type": "Feature", "properties": {"route": "328", "route_name": "", "route_id": "4591282", "agency": "Red Rose Travel", "agency_id": "OP362", "geometry_source": "GTFS stop sequence"}, "geometry": {"type": "LineString", "coordinates": [[-0.396123128357449, 51.663216294171114], [-0.396935282654453, 51.659459724775594], [-0.395469973266324, 51.6571467474655], [-0.392027365333755, 51.65352083239743], [-0.390841526821033, 51.65230864834255], [-0.388567880579641, 51.65079378455915], [-0.387172824201991, 51.64937187386171], [-0.384939200413824, 51.64755175753495], [-0.386592516107249, 51.64576708145343], [-0.393895545572589, 51.64279191182198], [-0.399526983062908, 51.64006328122639], [-0.396906165934081, 51.638157183584944], [-0.393587665917715, 51.63678100661339], [-0.388802452414723, 51.63031308968067], [-0.393442694488569, 51.62943250509934], [-0.39730236321404, 51.62937734793229], [-0.401156021816973, 51.62949283124272], [-0.405582954151502, 51.62974186280451], [-0.407909757160521, 51.62807393721519], [-0.405228869743024, 51.627066411900735], [-0.40205245263157, 51.62741887568787], [-0.398612886585333, 51.62785758563566], [-0.39483793933462, 51.628381531258135], [-0.392093672162185, 51.62794833087705], [-0.388028763577934, 51.62809041936651], [-0.387819696906685, 51.62624417241168], [-0.390273483068964, 51.6259001726077], [-0.392261970124518, 51.62563967187895], [-0.394279632701137, 51.62537054449672], [-0.396979756913645, 51.625002797389094], [-0.39853097198611, 51.62443948139683], [-0.39708446392983, 51.62244148529227], [-0.395491363609478, 51.62173632648714], [-0.392920120573953, 51.621323491607306], [-0.392973082680513, 51.62309565674166], [-0.390413748445004, 51.62397779028554], [-0.386794686075795, 51.62459353413978], [-0.386156331127141, 51.62263347849331], [-0.386639459028673, 51.62082371639932], [-0.392591625388218, 51.61712868218601], [-0.398546397701464, 51.618666778031155], [-0.405759458917122, 51.6189357957333], [-0.407856233740283, 51.61763342238161], [-0.410083481686726, 51.615073888492965], [-0.41359, 51.61342], [-0.41589, 51.61132], [-0.42267, 51.61125], [-0.42657, 51.61196], [-0.43091, 51.61188], [-0.43247, 51.61165], [-0.43775, 51.61407], [-0.44489, 51.61636], [-0.44449, 51.61664]]}}, {"type": "Feature", "properties": {"route": "162", "route_name": "", "route_id": "8929", "agency": "Red Rose Travel", "agency_id": "OP362", "geometry_source": "GTFS stop sequence"}, "geometry": {"type": "LineString", "coordinates": [[-0.759622, 51.919972], [-0.762474, 51.92519], [-0.762857, 51.9271], [-0.764842, 51.930574], [-0.769264, 51.93267], [-0.774123, 51.935319], [-0.768784, 51.932656], [-0.7643, 51.929633], [-0.762797, 51.927198], [-0.760789, 51.926152], [-0.727824, 51.934244], [-0.719168, 51.936856], [-0.717503, 51.933493], [-0.67241, 51.91695], [-0.6675, 51.91617], [-0.66254, 51.91771], [-0.66431, 51.91586], [-0.67004, 51.91627], [-0.67278, 51.91853], [-0.67299, 51.92272], [-0.696733, 51.938507], [-0.703549, 51.946288], [-0.685742, 51.963148], [-0.68396, 51.965852], [-0.694742, 51.973507], [-0.702315, 51.980469], [-0.7133917, 51.9974599], [-0.7262861, 52.0019608], [-0.7338566, 51.9954159]]}}, {"type": "Feature", "properties": {"route": "387", "route_name": "", "route_id": "78084", "agency": "Red Rose Travel", "agency_id": "OP362", "geometry_source": "GTFS stop sequence"}, "geometry": {"type": "LineString", "coordinates": [[-0.658155111943033, 51.806754189252835], [-0.657355276935905, 51.803894732294204], [-0.658474170202263, 51.80284649569627], [-0.661038499033118, 51.799512871657974], [-0.664400002596222, 51.798633957326054], [-0.667557477258458, 51.7987686834312], [-0.668855732513268, 51.798019102782504], [-0.67272063352676, 51.798260603315825], [-0.673155909398214, 51.794300232479806], [-0.671057816366772, 51.79266704764851], [-0.667496816204631, 51.791970363592576], [-0.665947255500393, 51.7928879185978], [-0.660448699838178, 51.793967340522265], [-0.653049735539599, 51.7936040818869], [-0.655718162274382, 51.79700646276953], [-0.650736217323667, 51.7992152857226], [-0.647260961343459, 51.79806939447658], [-0.635073801156241, 51.79921436702821], [-0.623454450285792, 51.800742374054764], [-0.601755774590637, 51.80269831148977]]}}, {"type": "Feature", "properties": {"route": "40", "route_name": "", "route_id": "60896", "agency": "Red Rose Travel", "agency_id": "OP362", "geometry_source": "GTFS stop sequence"}, "geometry": {"type": "LineString", "coordinates": [[-0.97891, 51.74771], [-0.96717, 51.74549], [-0.96334, 51.74629], [-0.95799, 51.74024], [-0.93357, 51.71444], [-0.90808, 51.70591], [-0.9051, 51.70268], [-0.90819, 51.70132], [-0.91119, 51.70001], [-0.91339, 51.69912], [-0.91572, 51.69805], [-0.92593, 51.69096], [-0.9326, 51.68844], [-0.94924, 51.68106], [-0.95206, 51.67601], [-0.922881, 51.667037], [-0.915148, 51.662057], [-0.909319, 51.661535], [-0.901487, 51.660168], [-0.898582, 51.658962], [-0.896487, 51.657091], [-0.893751, 51.653711], [-0.892236, 51.652968], [-0.889621, 51.655875], [-0.888088, 51.65711], [-0.864577, 51.650906], [-0.860843, 51.649944], [-0.85779, 51.648907], [-0.833756, 51.641468], [-0.829436, 51.64031], [-0.822754, 51.639965], [-0.801313, 51.64472], [-0.794121, 51.643972], [-0.788516, 51.64226], [-0.785247, 51.641282], [-0.781477, 51.640128], [-0.778409, 51.639215], [-0.770654, 51.636868], [-0.765997, 51.635426], [-0.759964, 51.633555], [-0.75609, 51.631527]]}}, {"type": "Feature", "properties": {"route": "40", "route_name": "", "route_id": "60896", "agency": "Red Rose Travel", "agency_id": "OP362", "geometry_source": "GTFS stop sequence"}, "geometry": {"type": "LineString", "coordinates": [[-0.99439, 51.74706], [-0.97891, 51.74771], [-0.96717, 51.74549], [-0.96334, 51.74629], [-0.95799, 51.74024], [-0.93357, 51.71444], [-0.90808, 51.70591], [-0.9051, 51.70268], [-0.90819, 51.70132], [-0.91119, 51.70001], [-0.91339, 51.69912], [-0.91572, 51.69805], [-0.92593, 51.69096], [-0.9326, 51.68844], [-0.94924, 51.68106], [-0.95206, 51.67601], [-0.922881, 51.667037], [-0.915148, 51.662057], [-0.909319, 51.661535], [-0.901487, 51.660168], [-0.898582, 51.658962], [-0.896487, 51.657091], [-0.893751, 51.653711], [-0.892236, 51.652968], [-0.889621, 51.655875], [-0.888088, 51.65711], [-0.864577, 51.650906], [-0.860843, 51.649944], [-0.85779, 51.648907], [-0.833756, 51.641468], [-0.829436, 51.64031], [-0.822754, 51.639965], [-0.801313, 51.64472], [-0.794121, 51.643972], [-0.788516, 51.64226], [-0.785247, 51.641282], [-0.781477, 51.640128], [-0.778409, 51.639215], [-0.770654, 51.636868], [-0.765997, 51.635426], [-0.759964, 51.633555], [-0.75609, 51.631527]]}}, {"type": "Feature", "properties": {"route": "329", "route_name": "", "route_id": "4591287", "agency": "Red Rose Travel", "agency_id": "OP362", "geometry_source": "GTFS stop sequence"}, "geometry": {"type": "LineString", "coordinates": [[-0.426272666716661, 51.69486224248828], [-0.429989684362376, 51.695325604894734], [-0.430875506717201, 51.696488407889], [-0.429108644708664, 51.698622861196164], [-0.426579495405239, 51.69894869404136], [-0.424781747423807, 51.70196387913639], [-0.422317288282542, 51.70291992410604], [-0.418667664600515, 51.70507388389077], [-0.417389118657191, 51.706045781905196], [-0.416484161076999, 51.707508266450496], [-0.414073958925732, 51.708968419747805], [-0.411540539896221, 51.70402459514704], [-0.410775892781913, 51.70147852471237], [-0.408713221696143, 51.69716144165406], [-0.41361113564798, 51.694062512750214], [-0.416260530343544, 51.68987203826071], [-0.414825931291248, 51.68662457300486], [-0.410959023099936, 51.6830294906316], [-0.410013979649229, 51.681101411061306], [-0.408823836124681, 51.679565650336464], [-0.405887003248451, 51.67793424910444], [-0.402893504701538, 51.676275026463124], [-0.400034648986033, 51.674905304069604], [-0.39700581385839, 51.67302963891739], [-0.3969510560015, 51.67048415340398], [-0.397774806009869, 51.66804057438595], [-0.398707750846208, 51.6657783181812], [-0.396123128357449, 51.663216294171114], [-0.396935282654453, 51.659459724775594], [-0.397404754625258, 51.65516794265392]]}}, {"type": "Feature", "properties": {"route": "24", "route_name": "", "route_id": "4398044", "agency": "Red Rose Travel", "agency_id": "OP362", "geometry_source": "GTFS stop sequence"}, "geometry": {"type": "LineString", "coordinates": [[-1.25926, 51.75501], [-1.26011, 51.7593], [-1.2619, 51.76817], [-1.26323, 51.77277], [-1.26474, 51.77664], [-1.26837, 51.78381], [-1.27137, 51.79019], [-1.27203, 51.79161], [-1.27154, 51.79511], [-1.27506, 51.80278], [-1.2762, 51.80956], [-1.27133, 51.81894], [-1.26744, 51.83348], [-1.27053, 51.83531], [-1.27289, 51.84707], [-1.27264, 51.85379], [-1.27249, 51.85515], [-1.27432, 51.86799], [-1.27577, 51.8704], [-1.2772, 51.87202], [-1.2752, 51.87452], [-1.27477, 51.87745], [-1.2267, 51.86526], [-1.22231, 51.85941], [-1.1858, 51.87304], [-1.16844, 51.88733], [-1.16307, 51.89213], [-1.16078, 51.89448], [-1.15933, 51.89628], [-1.15724, 51.89913], [-1.15335, 51.898]]}}, {"type": "Feature", "properties": {"route": "304", "route_name": "", "route_id": "4591270", "agency": "Red Rose Travel", "agency_id": "OP362", "geometry_source": "GTFS stop sequence"}, "geometry": {"type": "LineString", "coordinates": [[-0.293696352466823, 51.81233528303616], [-0.293829939741078, 51.81071867596191], [-0.293967248799429, 51.80900321123302], [-0.290548060359716, 51.805824362670286], [-0.29657112609252, 51.79995911593911], [-0.303121747380297, 51.78385935865323], [-0.304662387221455, 51.781435776082574], [-0.307310039279151, 51.77886626301112], [-0.310115460990153, 51.77672158063388], [-0.316048322788223, 51.772715380950345], [-0.318873188472289, 51.76963560745501], [-0.323620451264408, 51.76511751049011], [-0.326382119976528, 51.7629358520655], [-0.329027327113435, 51.760761465788875], [-0.334151656387027, 51.75696766367801], [-0.337517708492663, 51.753292654456565], [-0.337911761008585, 51.752030362000646], [-0.332185443581347, 51.75095113582841], [-0.326885350186374, 51.750498143113774]]}}, {"type": "Feature", "properties": {"route": "7A", "route_name": "", "route_id": "7593675", "agency": "Red Rose Travel", "agency_id": "OP362", "geometry_source": "GTFS stop sequence"}, "geometry": {"type": "LineString", "coordinates": [[-0.77543, 51.809694], [-0.775641, 51.806738], [-0.777957, 51.805818], [-0.778961, 51.807321], [-0.781935, 51.806777], [-0.786379, 51.80604], [-0.782429, 51.808373], [-0.776641, 51.809455], [-0.775568, 51.812106], [-0.778337, 51.813231], [-0.780495, 51.81445], [-0.780791, 51.815316], [-0.783616, 51.81708], [-0.785728, 51.817282], [-0.787798, 51.817474], [-0.788699, 51.816315], [-0.793606, 51.815124], [-0.797438, 51.815056], [-0.80196, 51.81521], [-0.80829, 51.81611], [-0.815757, 51.815178], [-0.815259, 51.814256], [-0.813119, 51.815098]]}}, {"type": "Feature", "properties": {"route": "55A", "route_name": "", "route_id": "4591307", "agency": "Red Rose Travel", "agency_id": "OP362", "geometry_source": "GTFS stop sequence"}, "geometry": {"type": "LineString", "coordinates": [[-0.812999, 51.814701], [-0.80845, 51.812785], [-0.805357, 51.810703], [-0.801259, 51.80827], [-0.79713, 51.805917], [-0.795224, 51.803928], [-0.797246, 51.802645], [-0.796192, 51.800279], [-0.795028, 51.798235], [-0.792176, 51.798053], [-0.789416, 51.799328], [-0.782824, 51.795313], [-0.781282, 51.793319], [-0.778403, 51.789341], [-0.775967, 51.785584], [-0.764662, 51.788649], [-0.761354, 51.783975], [-0.754777, 51.77539], [-0.748015, 51.771461], [-0.745265, 51.768195], [-0.743626, 51.765084], [-0.741357, 51.763333], [-0.737125, 51.764898], [-0.735111, 51.766458], [-0.73136, 51.772038], [-0.729187, 51.774091], [-0.72716, 51.776048], [-0.715812, 51.788773], [-0.6912, 51.7927], [-0.682494555977513, 51.7908086064248], [-0.676492100010066, 51.78980607542283], [-0.671462514041225, 51.7902438941252], [-0.667496816204631, 51.791970363592576], [-0.665947255500393, 51.7928879185978], [-0.660448699838178, 51.793967340522265], [-0.650364023715782, 51.79225152278709], [-0.643482701818861, 51.78382812715254], [-0.639167196024639, 51.78270825718668], [-0.640321982258173, 51.78142682351617], [-0.640950255802533, 51.778367943912805], [-0.6356091358795, 51.770420419712686], [-0.647224424925638, 51.76002543602058], [-0.650765, 51.754911], [-0.628017, 51.746357], [-0.607868, 51.719954], [-0.607211, 51.716349], [-0.607952, 51.713454], [-0.609035, 51.710715], [-0.61031, 51.708761], [-0.612512, 51.70635]]}}, {"type": "Feature", "properties": {"route": "17", "route_name": "", "route_id": "4615864", "agency": "Red Rose Travel", "agency_id": "OP362", "geometry_source": "GTFS stop sequence"}, "geometry": {"type": "LineString", "coordinates": [[-0.813119, 51.815098], [-0.809335, 51.815554], [-0.812238, 51.818812], [-0.816563, 51.820411], [-0.818977, 51.821316], [-0.824684, 51.822646], [-0.830315, 51.823848], [-0.837312, 51.825437], [-0.840412, 51.826196], [-0.848088, 51.830258], [-0.860733, 51.832868], [-0.86715, 51.833362], [-0.883623, 51.841558], [-0.891767, 51.842111], [-0.902619, 51.844137], [-0.916958, 51.845484], [-0.919328, 51.845937], [-0.923285, 51.845587], [-0.960457, 51.852592], [-0.97546, 51.856384], [-0.985107, 51.858706], [-0.997541, 51.865089], [-1.11659, 51.89772], [-1.11957, 51.89952], [-1.12943, 51.90517], [-1.13547, 51.90335], [-1.15311, 51.89765]]}}, {"type": "Feature", "properties": {"route": "50", "route_name": "", "route_id": "32638", "agency": "Red Rose Travel", "agency_id": "OP362", "geometry_source": "GTFS stop sequence"}, "geometry": {"type": "LineString", "coordinates": [[-0.812999, 51.814701], [-0.80845, 51.812785], [-0.805357, 51.810703], [-0.801259, 51.80827], [-0.79713, 51.805917], [-0.795224, 51.803928], [-0.797246, 51.802645], [-0.796192, 51.800279], [-0.795028, 51.798235], [-0.792176, 51.798053], [-0.789416, 51.799328], [-0.782824, 51.795313], [-0.781282, 51.793319], [-0.778403, 51.789341], [-0.775967, 51.785584], [-0.764662, 51.788649], [-0.761354, 51.783975], [-0.754777, 51.77539], [-0.748015, 51.771461], [-0.745265, 51.768195], [-0.743626, 51.765084], [-0.741357, 51.763333], [-0.737125, 51.764898], [-0.735111, 51.766458], [-0.73136, 51.772038], [-0.729187, 51.774091], [-0.72716, 51.776048]]}}, {"type": "Feature", "properties": {"route": "7B", "route_name": "", "route_id": "7482425", "agency": "Red Rose Travel", "agency_id": "OP362", "geometry_source": "GTFS stop sequence"}, "geometry": {"type": "LineString", "coordinates": [[-0.813119, 51.815098], [-0.806818, 51.816356], [-0.800104, 51.815146], [-0.797377, 51.815154], [-0.793661, 51.815215], [-0.788891, 51.816218], [-0.787694, 51.817563], [-0.785465, 51.817351], [-0.782514, 51.81706], [-0.780707, 51.815711], [-0.780363, 51.814484], [-0.778393, 51.813331], [-0.775436, 51.812176], [-0.775521, 51.81063], [-0.77543, 51.809694], [-0.775641, 51.806738], [-0.777957, 51.805818], [-0.778961, 51.807321], [-0.786379, 51.80604], [-0.782429, 51.808373], [-0.776641, 51.809455], [-0.77635, 51.811628], [-0.780012, 51.812466], [-0.785982, 51.813787], [-0.788516, 51.814497], [-0.793606, 51.815124], [-0.797438, 51.815056], [-0.80196, 51.81521], [-0.80829, 51.81611], [-0.815757, 51.815178], [-0.815259, 51.814256], [-0.813119, 51.815098]]}}, {"type": "Feature", "properties": {"route": "108", "route_name": "", "route_id": "4279888", "agency": "Red Rose Travel", "agency_id": "OP362", "geometry_source": "GTFS stop sequence"}, "geometry": {"type": "LineString", "coordinates": [[-1.25524, 51.75238], [-1.2507, 51.75272], [-1.24071, 51.75048], [-1.23611, 51.7524], [-1.22501, 51.75593], [-1.22092, 51.75712], [-1.21609, 51.75868], [-1.20974, 51.76055], [-1.20559, 51.76165], [-1.20175, 51.76227], [-1.19906, 51.76263], [-1.19085, 51.76252], [-1.18054, 51.76315], [-1.16083, 51.76137], [-1.1509, 51.76567], [-1.15443, 51.76733], [-1.16234, 51.77528], [-1.16308, 51.77838], [-1.16865, 51.78138], [-1.17848, 51.78464], [-1.18213, 51.79674], [-1.17583, 51.79397], [-1.13905, 51.80758], [-1.13125, 51.80663], [-1.094274, 51.822642], [-1.1327, 51.88115], [-1.13518, 51.89194], [-1.13773, 51.89179], [-1.14024, 51.88885], [-1.14467, 51.88797], [-1.148, 51.89278], [-1.15388, 51.8986]]}}, {"type": "Feature", "properties": {"route": "328", "route_name": "", "route_id": "4591282", "agency": "Red Rose Travel", "agency_id": "OP362", "geometry_source": "GTFS stop sequence"}, "geometry": {"type": "LineString", "coordinates": [[-0.395469973266324, 51.6571467474655], [-0.392027365333755, 51.65352083239743], [-0.390841526821033, 51.65230864834255], [-0.388567880579641, 51.65079378455915], [-0.387172824201991, 51.64937187386171], [-0.384939200413824, 51.64755175753495], [-0.386592516107249, 51.64576708145343], [-0.393895545572589, 51.64279191182198], [-0.399526983062908, 51.64006328122639], [-0.396906165934081, 51.638157183584944], [-0.393587665917715, 51.63678100661339], [-0.388802452414723, 51.63031308968067], [-0.393442694488569, 51.62943250509934], [-0.39730236321404, 51.62937734793229], [-0.401156021816973, 51.62949283124272], [-0.405582954151502, 51.62974186280451], [-0.407909757160521, 51.62807393721519], [-0.405228869743024, 51.627066411900735], [-0.40205245263157, 51.62741887568787], [-0.398612886585333, 51.62785758563566], [-0.39483793933462, 51.628381531258135], [-0.392093672162185, 51.62794833087705], [-0.388028763577934, 51.62809041936651], [-0.387819696906685, 51.62624417241168], [-0.390273483068964, 51.6259001726077], [-0.392261970124518, 51.62563967187895], [-0.394279632701137, 51.62537054449672], [-0.396979756913645, 51.625002797389094], [-0.39853097198611, 51.62443948139683], [-0.39708446392983, 51.62244148529227], [-0.395491363609478, 51.62173632648714], [-0.392920120573953, 51.621323491607306], [-0.392973082680513, 51.62309565674166], [-0.390413748445004, 51.62397779028554], [-0.386794686075795, 51.62459353413978], [-0.386156331127141, 51.62263347849331], [-0.386639459028673, 51.62082371639932], [-0.392591625388218, 51.61712868218601], [-0.398546397701464, 51.618666778031155], [-0.405759458917122, 51.6189357957333], [-0.407856233740283, 51.61763342238161], [-0.410083481686726, 51.615073888492965], [-0.41359, 51.61342], [-0.41589, 51.61132], [-0.42267, 51.61125], [-0.42657, 51.61196], [-0.43091, 51.61188], [-0.43247, 51.61165], [-0.43775, 51.61407], [-0.44489, 51.61636], [-0.44449, 51.61664]]}}, {"type": "Feature", "properties": {"route": "17", "route_name": "", "route_id": "4615864", "agency": "Red Rose Travel", "agency_id": "OP362", "geometry_source": "GTFS stop sequence"}, "geometry": {"type": "LineString", "coordinates": [[-1.15292, 51.89772], [-1.13613, 51.90333], [-1.129, 51.90509], [-1.11675, 51.89805], [-0.984643, 51.858711], [-0.973853, 51.856154], [-0.960651, 51.852929], [-0.948592, 51.851642], [-0.92261, 51.845859], [-0.919381, 51.846135], [-0.916301, 51.845622], [-0.900088, 51.843763], [-0.890734, 51.842191], [-0.881086, 51.841417], [-0.866135, 51.833325], [-0.858151, 51.832807], [-0.849627, 51.830959], [-0.840259, 51.826252], [-0.837222, 51.825526], [-0.832736, 51.82452], [-0.829864, 51.823898], [-0.824398, 51.822638], [-0.821036, 51.821912], [-0.81834, 51.821247], [-0.81643, 51.82049], [-0.816305, 51.819176], [-0.818219, 51.817002], [-0.813119, 51.815098]]}}, {"type": "Feature", "properties": {"route": "21", "route_name": "", "route_id": "3660", "agency": "Red Rose Travel", "agency_id": "OP362", "geometry_source": "GTFS stop sequence"}, "geometry": {"type": "LineString", "coordinates": [[-0.7726291, 52.0343174], [-0.7675917, 52.0372589], [-0.7622209, 52.0395763], [-0.7556991, 52.0407933], [-0.7513898, 52.0442273], [-0.7446353, 52.0490288], [-0.7385545, 52.0505733], [-0.7413111, 52.0552332], [-0.7434993, 52.0572975], [-0.7468994, 52.0608852], [-0.7487759, 52.0647264], [-0.7503919, 52.0679803], [-0.7538976, 52.070445], [-0.7550487, 52.073649], [-0.754782, 52.0764155], [-0.7536376, 52.0776891], [-0.7477066, 52.0794874], [-0.7450243, 52.0804299], [-0.7409577, 52.0823286], [-0.7351629, 52.0844334], [-0.7312247, 52.0853801], [-0.725082, 52.0863479], [-0.7207211, 52.0872627], [-0.7055003, 52.1093765], [-0.7059135, 52.1364621], [-0.70634, 52.1373749], [-0.7052934, 52.1402136], [-0.7020341, 52.1528011], [-0.7054397, 52.1608676], [-0.7087843, 52.1619921], [-0.711582, 52.1597839], [-0.7133316, 52.1563954]]}}, {"type": "Feature", "properties": {"route": "16", "route_name": "", "route_id": "66005", "agency": "Red Rose Travel", "agency_id": "OP362", "geometry_source": "GTFS stop sequence"}, "geometry": {"type": "LineString", "coordinates": [[-0.813005, 51.815007], [-0.809335, 51.815554], [-0.80949, 51.816806], [-0.812238, 51.818812], [-0.816563, 51.820411], [-0.818977, 51.821316], [-0.824684, 51.822646], [-0.830315, 51.823848], [-0.837312, 51.825437], [-0.840412, 51.826196], [-0.860733, 51.832868], [-0.86715, 51.833362], [-0.883623, 51.841558], [-0.891767, 51.842111], [-0.902619, 51.844137], [-0.916958, 51.845484], [-0.919328, 51.845937], [-0.923285, 51.845587], [-0.93359, 51.862854], [-0.927691, 51.86602], [-0.924396, 51.867788], [-0.919959, 51.870499], [-0.918499, 51.873263], [-0.922617, 51.874785], [-0.920001, 51.875408], [-0.916608, 51.874577], [-0.924223, 51.867741], [-0.927489, 51.866], [-0.933606, 51.8628], [-0.960457, 51.852592], [-0.97546, 51.856384], [-0.985107, 51.858706], [-0.997541, 51.865089], [-0.999972, 51.874667], [-1.003092, 51.876744], [-1.006408, 51.879217], [-1.008569, 51.880027], [-1.012822, 51.881537], [-1.016789, 51.882829], [-1.017078, 51.896246], [-1.01474, 51.897495], [-1.010857, 51.910814], [-1.004077, 51.911081], [-1.001099, 51.915542], [-0.983739, 51.936155], [-0.987078, 51.937757]]}}, {"type": "Feature", "properties": {"route": "108", "route_name": "", "route_id": "4279888", "agency": "Red Rose Travel", "agency_id": "OP362", "geometry_source": "GTFS stop sequence"}, "geometry": {"type": "LineString", "coordinates": [[-1.13118, 51.80656], [-1.13954, 51.80752], [-1.17599, 51.79395], [-1.18209, 51.79668], [-1.17839, 51.78474], [-1.16589, 51.7785], [-1.16266, 51.7757], [-1.1509, 51.76567], [-1.15443, 51.76733], [-1.16234, 51.77528], [-1.16308, 51.77838], [-1.17848, 51.78464], [-1.18981, 51.77269], [-1.19461, 51.76396], [-1.19905, 51.76253], [-1.20325, 51.76197], [-1.20646, 51.76135], [-1.21185, 51.75987], [-1.21577, 51.75865], [-1.22235, 51.75663], [-1.2264, 51.75547], [-1.23857, 51.7509], [-1.24205, 51.75018], [-1.25138, 51.75264], [-1.25652, 51.75211]]}}, {"type": "Feature", "properties": {"route": "21", "route_name": "", "route_id": "3660", "agency": "Red Rose Travel", "agency_id": "OP362", "geometry_source": "GTFS stop sequence"}, "geometry": {"type": "LineString", "coordinates": [[-0.7556991, 52.0407933], [-0.7513898, 52.0442273], [-0.7446353, 52.0490288], [-0.7385545, 52.0505733], [-0.7413111, 52.0552332], [-0.7434993, 52.0572975], [-0.7468994, 52.0608852], [-0.7487759, 52.0647264], [-0.7503919, 52.0679803], [-0.7538976, 52.070445], [-0.7550487, 52.073649], [-0.754782, 52.0764155], [-0.7536376, 52.0776891], [-0.7477066, 52.0794874], [-0.7450243, 52.0804299], [-0.7409577, 52.0823286], [-0.7351629, 52.0844334], [-0.7312247, 52.0853801], [-0.725082, 52.0863479], [-0.7207211, 52.0872627], [-0.7055003, 52.1093765], [-0.7059135, 52.1364621], [-0.70634, 52.1373749], [-0.7052934, 52.1402136], [-0.7020341, 52.1528011], [-0.7054397, 52.1608676], [-0.7087843, 52.1619921]]}}, {"type": "Feature", "properties": {"route": "336", "route_name": "", "route_id": "4615897", "agency": "Red Rose Travel", "agency_id": "OP362", "geometry_source": "GTFS stop sequence"}, "geometry": {"type": "LineString", "coordinates": [[-0.372092140493551, 51.66401866122846], [-0.374426722475664, 51.6630259042958], [-0.378356407208604, 51.66392548086241], [-0.38225447751627, 51.67058837970823], [-0.383970323557546, 51.672356452382104], [-0.385657558933743, 51.67330583207952], [-0.38823011384599, 51.671317957841346], [-0.387856971147407, 51.67042262701735], [-0.385085098067964, 51.6694763540786], [-0.384781104390727, 51.66867188381392], [-0.394544047519718, 51.654301603079396], [-0.3959732895665, 51.65517537608306], [-0.400931690490032, 51.65148432620514], [-0.40759868007841, 51.648922269583615], [-0.411037840506603, 51.65060540259096], [-0.41548039766817, 51.650881236814094], [-0.419557423294871, 51.65127787212635], [-0.42405291233756, 51.65169796575539], [-0.424326758826942, 51.649219845352825], [-0.430417646734305, 51.65115376409025], [-0.435945643389084, 51.64971686117029], [-0.439862605930871, 51.64761987567687], [-0.443386926095809, 51.646848372303836], [-0.449315822114933, 51.64634233198195], [-0.451880937033229, 51.64614238397218], [-0.463300836940107, 51.64353183804892], [-0.471208617369325, 51.64046088422024], [-0.475174266064705, 51.644594800960746], [-0.476181844741367, 51.64687385533994], [-0.482124092504838, 51.65115005394943], [-0.48480273608823, 51.652317629745426], [-0.489717154529997, 51.65407141676655], [-0.494007600468301, 51.65503469778807], [-0.498529634358431, 51.656432394592755], [-0.500283772489998, 51.65497113858433], [-0.502287746165437, 51.65820682913293], [-0.509869722574245, 51.660218548670706], [-0.513096091581245, 51.66412595895081], [-0.521061832523502, 51.667274783044505], [-0.52190242130384, 51.65832943235783], [-0.520192222636861, 51.65623975797789], [-0.518326248277171, 51.6544987767733]]}}, {"type": "Feature", "properties": {"route": "B12", "route_name": "", "route_id": "7482436", "agency": "Red Rose Travel", "agency_id": "OP362", "geometry_source": "GTFS stop sequence"}, "geometry": {"type": "LineString", "coordinates": [[-1.33175, 52.06259], [-1.32666, 52.06317], [-1.322, 52.06622], [-1.31807, 52.06789], [-1.31892, 52.07115], [-1.220064299, 52.053654927], [-1.217933586, 52.052903564], [-1.159727703, 52.030484423], [-1.157375721, 52.029208908], [-1.1534652, 52.027112981], [-1.148552016, 52.027949704], [-1.144675445, 52.031742763], [-1.141935046, 52.03707242], [-1.124738, 52.035272], [-1.094577, 52.018635], [-1.093447, 52.016873], [-1.05222, 52.003863], [-1.050433, 51.99127], [-1.067754, 51.988908], [-1.050173, 51.990476], [-1.045325, 51.990401], [-1.042464, 51.990666], [-1.011768, 51.981241], [-1.00792, 51.981398], [-1.001088, 51.996937], [-0.978884, 51.989188], [-0.980444, 51.991692], [-0.983803, 51.99512], [-0.985276, 51.996957], [-0.985171, 52.001632]]}}, {"type": "Feature", "properties": {"route": "B12", "route_name": "", "route_id": "7482436", "agency": "Red Rose Travel", "agency_id": "OP362", "geometry_source": "GTFS stop sequence"}, "geometry": {"type": "LineString", "coordinates": [[-0.985171, 52.001632], [-0.984935, 51.996604], [-0.983728, 51.995236], [-0.980341, 51.991727], [-0.978884, 51.989188], [-1.001088, 51.996937], [-1.007732, 51.981369], [-1.011522, 51.981176], [-1.043636, 51.990351], [-1.047367, 51.990247], [-1.049898, 51.990393], [-1.06834, 51.988751], [-1.050521, 51.991225], [-1.05223, 52.004069], [-1.093477, 52.01682], [-1.094678, 52.018672], [-1.125294, 52.035914], [-1.141522256, 52.037312167], [-1.143892855, 52.032267543], [-1.148513928, 52.02765273], [-1.152327332, 52.026394522], [-1.157637716, 52.029228762], [-1.160034103, 52.030468625], [-1.218036758, 52.052841313], [-1.219481169, 52.053642077], [-1.31846, 52.07113], [-1.31785, 52.06784], [-1.32236, 52.06599], [-1.3265, 52.06317], [-1.33175, 52.06259]]}}, {"type": "Feature", "properties": {"route": "10", "route_name": "", "route_id": "37939", "agency": "Red Rose Travel", "agency_id": "OP362", "geometry_source": "GTFS stop sequence"}, "geometry": {"type": "LineString", "coordinates": [[-0.813887, 51.795207], [-0.818223, 51.794667], [-0.819916, 51.795906], [-0.822228, 51.802359], [-0.819431, 51.802825], [-0.817791, 51.803411], [-0.818155, 51.804485], [-0.820312, 51.807393], [-0.82289, 51.808668], [-0.8248, 51.81054], [-0.825953, 51.812569], [-0.823355, 51.814751], [-0.818219, 51.817002], [-0.813005, 51.815007]]}}, {"type": "Feature", "properties": {"route": "502", "route_name": "", "route_id": "97028", "agency": "Red Rose Travel", "agency_id": "OP362", "geometry_source": "GTFS stop sequence"}, "geometry": {"type": "LineString", "coordinates": [[-0.629692, 51.835997], [-0.633758, 51.835451], [-0.639201, 51.833527], [-0.644322, 51.83168], [-0.662144, 51.820375], [-0.668155, 51.81779], [-0.672509310710204, 51.81483864870896], [-0.658155111943033, 51.806754189252835], [-0.657355276935905, 51.803894732294204], [-0.658054963678837, 51.79937995563121], [-0.658771592424088, 51.79575553225628], [-0.660600046956886, 51.79375326646536], [-0.664490818667193, 51.79310516752497], [-0.668579305315097, 51.79115539968207], [-0.671466211092907, 51.79011805375388], [-0.676102855845866, 51.78972976100297], [-0.682729352716286, 51.790712329654646], [-0.6922, 51.7927], [-0.705349, 51.79569], [-0.707391, 51.79627], [-0.713259, 51.796478], [-0.715713, 51.7887], [-0.72716, 51.776048], [-0.729043, 51.774054], [-0.731293, 51.771866], [-0.734879, 51.766465], [-0.736954, 51.764797], [-0.74197, 51.763691], [-0.744337, 51.766108], [-0.745135, 51.767645], [-0.750503, 51.772683], [-0.754716, 51.774419], [-0.754952, 51.77532], [-0.761222, 51.783506], [-0.765576, 51.788641], [-0.774772, 51.785824], [-0.77746, 51.786122], [-0.779804, 51.791163], [-0.782472, 51.794365], [-0.785341, 51.797137], [-0.789564, 51.800283], [-0.792419, 51.802533], [-0.797877, 51.806185], [-0.802239, 51.808505], [-0.804619, 51.810111], [-0.805982, 51.810125], [-0.806915, 51.810485], [-0.808104, 51.81217], [-0.815757, 51.815178], [-0.812999, 51.814701]]}}, {"type": "Feature", "properties": {"route": "150", "route_name": "", "route_id": "4279893", "agency": "Red Rose Travel", "agency_id": "OP362", "geometry_source": "GTFS stop sequence"}, "geometry": {"type": "LineString", "coordinates": [[-0.812807, 51.814825], [-0.809335, 51.815554], [-0.80949, 51.816806], [-0.808838, 51.819541], [-0.805804, 51.820716], [-0.802405, 51.822497], [-0.797583, 51.824867], [-0.792751, 51.827578], [-0.788082, 51.830119], [-0.782318, 51.833477], [-0.778022, 51.834538], [-0.775275, 51.835238], [-0.773893, 51.843891], [-0.768546, 51.853106], [-0.755719, 51.869226], [-0.727371, 51.88804], [-0.719204, 51.893149], [-0.718603, 51.894374], [-0.714934, 51.897131], [-0.709308, 51.898229], [-0.706746, 51.898866], [-0.696713, 51.904043], [-0.68034, 51.91189], [-0.68171, 51.91398], [-0.68109, 51.91528], [-0.67925, 51.91632], [-0.67807, 51.9178], [-0.676, 51.91841], [-0.67647, 51.91643], [-0.67241, 51.91695], [-0.6675, 51.91617], [-0.66031, 51.92139], [-0.65927, 51.92459], [-0.65837, 51.92736], [-0.65779, 51.9311], [-0.65727, 51.93405], [-0.65684, 51.93729], [-0.65537, 51.94302], [-0.65754, 51.94561], [-0.6556, 51.94918]]}}, {"type": "Feature", "properties": {"route": "W1", "route_name": "", "route_id": "29767", "agency": "Red Rose Travel", "agency_id": "OP362", "geometry_source": "GTFS stop sequence"}, "geometry": {"type": "LineString", "coordinates": [[-0.385741614968392, 51.69005909269349], [-0.385649589991433, 51.6893924205646], [-0.381087695647605, 51.68789991285164], [-0.378702737748624, 51.686626124046086], [-0.378156762097672, 51.68368719275258], [-0.379319440150409, 51.68110454883028], [-0.380053776401213, 51.679172403517605], [-0.378659086930037, 51.677318789310974], [-0.379731646336449, 51.675229456844015], [-0.381783858469183, 51.67324353551371], [-0.383970323557546, 51.672356452382104], [-0.385657558933743, 51.67330583207952], [-0.389717202288366, 51.67546568874034], [-0.393631272337447, 51.676436467098966], [-0.395982449977627, 51.67784437401298], [-0.396842068902874, 51.67766727752309], [-0.396750474237357, 51.67534609106152], [-0.396132463333158, 51.67318856476869], [-0.3969510560015, 51.67048415340398], [-0.397774806009869, 51.66804057438595], [-0.398707750846208, 51.6657783181812], [-0.396123128357449, 51.663216294171114], [-0.396935282654453, 51.659459724775594], [-0.394544047519718, 51.654301603079396], [-0.396903953778616, 51.655430868535426], [-0.400931690490032, 51.65148432620514], [-0.403939795101114, 51.64979877754995], [-0.40759868007841, 51.648922269583615], [-0.411037840506603, 51.65060540259096], [-0.41548039766817, 51.650881236814094], [-0.419557423294871, 51.65127787212635], [-0.42405291233756, 51.65169796575539], [-0.430417646734305, 51.65115376409025], [-0.435945643389084, 51.64971686117029], [-0.439862605930871, 51.64761987567687], [-0.443386926095809, 51.646848372303836], [-0.449315822114933, 51.64634233198195], [-0.451880937033229, 51.64614238397218], [-0.463300836940107, 51.64353183804892], [-0.465726933322176, 51.64016459124974], [-0.469673773604267, 51.63883132748999], [-0.472803356899139, 51.64031078750084], [-0.480293155966248, 51.637170845187356], [-0.484132815154828, 51.63599756623504], [-0.487290429936866, 51.63490529771272], [-0.491759475593924, 51.636527386913045], [-0.493766216624279, 51.638765167284], [-0.49109229597517, 51.64052023924645], [-0.493191216976921, 51.64259735654393], [-0.495036964857528, 51.64403276194594], [-0.496003411495247, 51.644090103152806]]}}, {"type": "Feature", "properties": {"route": "165", "route_name": "", "route_id": "4279907", "agency": "Red Rose Travel", "agency_id": "OP362", "geometry_source": "GTFS stop sequence"}, "geometry": {"type": "LineString", "coordinates": [[-0.801184, 51.802901], [-0.803371, 51.802465], [-0.805303, 51.80342], [-0.807096, 51.803096], [-0.80997, 51.806875], [-0.808576, 51.809136], [-0.806915, 51.810485], [-0.808104, 51.81217], [-0.812807, 51.814825], [-0.809335, 51.815554], [-0.80949, 51.816806], [-0.808838, 51.819541], [-0.805804, 51.820716], [-0.802405, 51.822497], [-0.797583, 51.824867], [-0.792751, 51.827578], [-0.788082, 51.830119], [-0.782318, 51.833477], [-0.778022, 51.834538], [-0.775275, 51.835238], [-0.773893, 51.843891], [-0.768546, 51.853106], [-0.746723, 51.867226], [-0.741693, 51.86478], [-0.738543, 51.8632], [-0.742292, 51.865192], [-0.747188, 51.867222], [-0.756744, 51.868831], [-0.764667, 51.870707], [-0.769613, 51.872539], [-0.77282, 51.879603], [-0.779072, 51.892311], [-0.755216, 51.893064], [-0.716948, 51.897863], [-0.709308, 51.898229], [-0.706746, 51.898866], [-0.696713, 51.904043], [-0.68034, 51.91189], [-0.68171, 51.91398], [-0.68109, 51.91528], [-0.67925, 51.91632], [-0.67807, 51.9178], [-0.676, 51.91841], [-0.67241, 51.91695], [-0.6675, 51.91617], [-0.66254, 51.91771]]}}, {"type": "Feature", "properties": {"route": "357", "route_name": "", "route_id": "4615899", "agency": "Red Rose Travel", "agency_id": "OP362", "geometry_source": "GTFS stop sequence"}, "geometry": {"type": "LineString", "coordinates": [[-0.279709742502214, 51.65334097424334], [-0.278536816221045, 51.65453772705026], [-0.275309470970753, 51.65615392195049], [-0.270439018836593, 51.6572512724038], [-0.270807340920542, 51.658209865344375], [-0.26826811187393, 51.66110389307475], [-0.266175823414867, 51.66364477925275], [-0.266598617390854, 51.665827121767116], [-0.26767674956914, 51.66637356639752], [-0.269766291122302, 51.66542422463926], [-0.272232422299148, 51.6640757401555], [-0.274601004618934, 51.66262685762897], [-0.276029743048796, 51.66307946252188], [-0.280669924789872, 51.665404513115384], [-0.282204922238481, 51.66687470867598], [-0.282080992325441, 51.66900403157465], [-0.279022279957939, 51.6703440401855], [-0.278595722521631, 51.671677616840974], [-0.277642778835373, 51.67354300165761], [-0.274989507366586, 51.675239544522405], [-0.274543093737148, 51.67633002721421], [-0.276823138290202, 51.68103940442718], [-0.27859006344971, 51.68860969588623], [-0.280994175530121, 51.69121664389135], [-0.28342918388367, 51.693779031092504], [-0.285983707475276, 51.693951212923736], [-0.290442935253685, 51.693494650893456], [-0.292376240273664, 51.69556397340553], [-0.288331538538, 51.69921884047436], [-0.289939924213119, 51.703000952622396], [-0.294406681521082, 51.70852407036349], [-0.285566466795025, 51.71264865058221], [-0.276748785502439, 51.71575679787626], [-0.280560291149109, 51.717170440670316], [-0.286131849919328, 51.71683820874753], [-0.285522566947694, 51.71840293019344], [-0.287209870788809, 51.71895807010069], [-0.293284236985499, 51.72065603744047], [-0.296679046406913, 51.71969819021649], [-0.300954681087974, 51.71802463034973], [-0.30481672646886, 51.72198295679019], [-0.308138649664543, 51.723361655262245], [-0.314046775955594, 51.72216970770873], [-0.315109795846274, 51.72200511502965], [-0.311728990774254, 51.72298167878092], [-0.309132770687916, 51.723492861254755], [-0.305957966796111, 51.72359999731078], [-0.300738297575748, 51.72572767723878], [-0.299000615889283, 51.72688948369951], [-0.30105620092188, 51.72883452425537], [-0.30491644931925, 51.73247808906718], [-0.308997642109689, 51.73487481176976], [-0.313169549907704, 51.73756942764628], [-0.317883914074934, 51.7401008093282], [-0.323619527221512, 51.743231048729434], [-0.328603184222865, 51.74595466393328], [-0.331054379063528, 51.748228498390844], [-0.329806453321939, 51.749856300921145], [-0.326993680314893, 51.750310853854934], [-0.330388405980934, 51.750574934773134], [-0.333516254362532, 51.75100598086067], [-0.337225628139179, 51.75177787422906], [-0.337193813336664, 51.75382758983355], [-0.329841127164302, 51.76030545053905], [-0.326106459258169, 51.76333656463047], [-0.323109007434687, 51.765622756640084], [-0.318706626206152, 51.77021770203121], [-0.316309080762856, 51.77271911605591], [-0.310543662588032, 51.77651192852312], [-0.306880814234869, 51.77948951842538], [-0.304617238228155, 51.781866738541], [-0.303399080817577, 51.78380940962113], [-0.297047837783614, 51.7996243279592], [-0.291403267259433, 51.80622344562013], [-0.289028401225709, 51.80726794465309], [-0.288682972786731, 51.80872860238572], [-0.288395655628073, 51.80980345190375], [-0.291239000740313, 51.81095081164141], [-0.293908842490858, 51.812086592481215], [-0.294323833122461, 51.815311718450474], [-0.303648736139607, 51.81579728846853], [-0.309308745971139, 51.81768617079651], [-0.315910553316508, 51.81845529083866], [-0.321086101492913, 51.81934755535981], [-0.325818141634764, 51.82046706638979], [-0.334635033592996, 51.82217482172473], [-0.333923808909394, 51.82493424040627], [-0.334496160286299, 51.82594044324053], [-0.336065209283534, 51.82785993374587], [-0.339128074790791, 51.82665336060187], [-0.339285423065106, 51.82553160144117], [-0.341212144803426, 51.82483045304941], [-0.343601583054907, 51.82694124706473], [-0.346954951087532, 51.83087290178748], [-0.347650521033343, 51.83050501897156], [-0.349592113212573, 51.82939930975128], [-0.352642443676261, 51.827733626790724], [-0.354003302300609, 51.82662870149195], [-0.355203948971513, 51.82314767569969], [-0.354779468640513, 51.82205372589187], [-0.356711657942084, 51.818798719306805], [-0.357275760984321, 51.8172510118598], [-0.355967607667128, 51.81572210120872]]}}, {"type": "Feature", "properties": {"route": "336", "route_name": "", "route_id": "4615897", "agency": "Red Rose Travel", "agency_id": "OP362", "geometry_source": "GTFS stop sequence"}, "geometry": {"type": "LineString", "coordinates": [[-0.396123128357449, 51.663216294171114], [-0.396935282654453, 51.659459724775594], [-0.395469973266324, 51.6571467474655], [-0.394544047519718, 51.654301603079396], [-0.3959732895665, 51.65517537608306], [-0.399702974498907, 51.65599957240615], [-0.400766811224815, 51.66027628291208], [-0.402094615502193, 51.65952104228732], [-0.406704487708372, 51.657110867399446], [-0.411890912100252, 51.65514891982415], [-0.416572153318875, 51.65356659104595], [-0.421307999820113, 51.6533156284413], [-0.430417646734305, 51.65115376409025], [-0.435945643389084, 51.64971686117029], [-0.439862605930871, 51.64761987567687], [-0.443386926095809, 51.646848372303836], [-0.449315822114933, 51.64634233198195], [-0.451880937033229, 51.64614238397218], [-0.463300836940107, 51.64353183804892], [-0.471208617369325, 51.64046088422024], [-0.475174266064705, 51.644594800960746], [-0.476181844741367, 51.64687385533994], [-0.482124092504838, 51.65115005394943], [-0.48480273608823, 51.652317629745426], [-0.489717154529997, 51.65407141676655], [-0.494007600468301, 51.65503469778807], [-0.498529634358431, 51.656432394592755], [-0.502287746165437, 51.65820682913293], [-0.509869722574245, 51.660218548670706], [-0.513096091581245, 51.66412595895081], [-0.521061832523502, 51.667274783044505], [-0.52190242130384, 51.65832943235783], [-0.520192222636861, 51.65623975797789], [-0.518326248277171, 51.6544987767733]]}}, {"type": "Feature", "properties": {"route": "397", "route_name": "", "route_id": "11345", "agency": "Red Rose Travel", "agency_id": "OP362", "geometry_source": "GTFS stop sequence"}, "geometry": {"type": "LineString", "coordinates": [[-0.658155111943033, 51.806754189252835], [-0.657355276935905, 51.803894732294204], [-0.658474170202263, 51.80284649569627], [-0.660009775741278, 51.800948797879165], [-0.661038499033118, 51.799512871657974], [-0.664400002596222, 51.798633957326054], [-0.668855732513268, 51.798019102782504], [-0.67272063352676, 51.798260603315825], [-0.673155909398214, 51.794300232479806], [-0.671057816366772, 51.79266704764851], [-0.667496816204631, 51.791970363592576], [-0.665947255500393, 51.7928879185978], [-0.660448699838178, 51.793967340522265], [-0.653049735539599, 51.7936040818869], [-0.640321982258173, 51.78142682351617], [-0.645273196812703, 51.7850356632925], [-0.640950255802533, 51.778367943912805], [-0.6356091358795, 51.770420419712686], [-0.630400854109311, 51.76293275651609]]}}, {"type": "Feature", "properties": {"route": "W1", "route_name": "", "route_id": "29767", "agency": "Red Rose Travel", "agency_id": "OP362", "geometry_source": "GTFS stop sequence"}, "geometry": {"type": "LineString", "coordinates": [[-0.496003411495247, 51.644090103152806], [-0.493252425458639, 51.64293084424845], [-0.490919545231837, 51.64050003545079], [-0.493356690803632, 51.638912776981584], [-0.495469767270779, 51.63706954173552], [-0.492355409642784, 51.63685875040045], [-0.48817568659289, 51.634790811028765], [-0.484496315312526, 51.635930322389086], [-0.479940778991934, 51.63733713179855], [-0.473172730850477, 51.63920957739036], [-0.471208617369325, 51.64046088422024], [-0.466439065642248, 51.64218809768765], [-0.463318487372057, 51.64386477236277], [-0.451675309065667, 51.646238584900956], [-0.449544217781674, 51.64642627559828], [-0.441690428575675, 51.64700571253513], [-0.434890827205464, 51.65012543209239], [-0.428385359557114, 51.65181896882815], [-0.421772201740185, 51.6516043936467], [-0.41635611251583, 51.651054905520134], [-0.412520990835729, 51.65076933328571], [-0.408701999848253, 51.64961162746485], [-0.403875374118263, 51.64998673465342], [-0.398522741184934, 51.652980145833325], [-0.39775370677081, 51.654291484923846], [-0.397404754625258, 51.65516794265392], [-0.397083373432707, 51.65813092621136], [-0.397068873435468, 51.66018091013155], [-0.396428845388537, 51.66315752453649], [-0.398872949229615, 51.666014362714364], [-0.397353063902514, 51.670156935063936], [-0.396382185039389, 51.67348871062675], [-0.397020556271758, 51.67588929733483], [-0.395878393952565, 51.67792388101669], [-0.393526261459151, 51.67654293499508], [-0.391392320047062, 51.67594723385004], [-0.385381629428219, 51.67333800741543], [-0.382676785710805, 51.672536472443085], [-0.379966147560253, 51.675142771208776], [-0.378946613408353, 51.67736771785835], [-0.38022565880934, 51.679219733924775], [-0.379416473215144, 51.6812227837353], [-0.378238688847626, 51.68341856357092], [-0.379033394817367, 51.687089279484276], [-0.382009246336149, 51.6876158734539], [-0.386053203975089, 51.68943393444291]]}}, {"type": "Feature", "properties": {"route": "55", "route_name": "", "route_id": "4591326", "agency": "Red Rose Travel", "agency_id": "OP362", "geometry_source": "GTFS stop sequence"}, "geometry": {"type": "LineString", "coordinates": [[-0.612512, 51.70635], [-0.616213, 51.703615], [-0.620289, 51.701424], [-0.66805, 51.702164], [-0.70731, 51.704221], [-0.712064, 51.708544], [-0.728175, 51.732215], [-0.73457, 51.744333], [-0.737125, 51.764898], [-0.735111, 51.766458], [-0.73136, 51.772038], [-0.729187, 51.774091], [-0.72716, 51.776048], [-0.729043, 51.774054], [-0.731293, 51.771866], [-0.734879, 51.766465], [-0.736954, 51.764797], [-0.74197, 51.763691], [-0.744337, 51.766108], [-0.745135, 51.767645], [-0.750503, 51.772683], [-0.754716, 51.774419], [-0.754952, 51.77532], [-0.761222, 51.783506], [-0.765576, 51.788641], [-0.774772, 51.785824], [-0.77746, 51.786122], [-0.779804, 51.791163], [-0.782472, 51.794365], [-0.785341, 51.797137], [-0.789214, 51.799281], [-0.79243, 51.797794], [-0.795146, 51.798182], [-0.79638, 51.800308], [-0.797313, 51.802844], [-0.797877, 51.806185], [-0.802239, 51.808505], [-0.804619, 51.810111], [-0.805982, 51.810125], [-0.806915, 51.810485], [-0.808104, 51.81217], [-0.815757, 51.815178], [-0.815259, 51.814256], [-0.812999, 51.814701]]}}, {"type": "Feature", "properties": {"route": "14E", "route_name": "", "route_id": "7482319", "agency": "Red Rose Travel", "agency_id": "OP362", "geometry_source": "GTFS stop sequence"}, "geometry": {"type": "LineString", "coordinates": [[-0.813169, 51.815395], [-0.809097, 51.815759], [-0.809707, 51.816853], [-0.808838, 51.819541], [-0.805804, 51.820716], [-0.802405, 51.822497], [-0.797033, 51.82318], [-0.793257, 51.822738], [-0.790876, 51.823342], [-0.793728, 51.824144], [-0.795351, 51.825294], [-0.797456, 51.826349], [-0.799064, 51.827013], [-0.804358, 51.827633], [-0.807614, 51.826327], [-0.810241, 51.825211], [-0.813869, 51.823558], [-0.815235, 51.820712], [-0.816305, 51.819176], [-0.818219, 51.817002], [-0.815259, 51.814256], [-0.813169, 51.815395]]}}, {"type": "Feature", "properties": {"route": "40", "route_name": "", "route_id": "60896", "agency": "Red Rose Travel", "agency_id": "OP362", "geometry_source": "GTFS stop sequence"}, "geometry": {"type": "LineString", "coordinates": [[-0.97891, 51.74771], [-0.96717, 51.74549], [-0.96334, 51.74629], [-0.95799, 51.74024], [-0.90808, 51.70591], [-0.9051, 51.70268], [-0.90819, 51.70132], [-0.91119, 51.70001], [-0.91339, 51.69912], [-0.91572, 51.69805], [-0.92593, 51.69096], [-0.9326, 51.68844], [-0.94924, 51.68106], [-0.95206, 51.67601], [-0.922881, 51.667037], [-0.915148, 51.662057], [-0.909319, 51.661535], [-0.901487, 51.660168], [-0.898582, 51.658962], [-0.896487, 51.657091], [-0.893751, 51.653711], [-0.892236, 51.652968], [-0.889621, 51.655875], [-0.888088, 51.65711], [-0.864577, 51.650906], [-0.860843, 51.649944], [-0.85779, 51.648907], [-0.833756, 51.641468], [-0.829436, 51.64031], [-0.822754, 51.639965], [-0.801313, 51.64472], [-0.794121, 51.643972], [-0.788516, 51.64226], [-0.785247, 51.641282], [-0.781477, 51.640128], [-0.778409, 51.639215], [-0.777133, 51.638815], [-0.770654, 51.636868], [-0.765997, 51.635426], [-0.759964, 51.633555], [-0.75609, 51.631527]]}}, {"type": "Feature", "properties": {"route": "40", "route_name": "", "route_id": "60896", "agency": "Red Rose Travel", "agency_id": "OP362", "geometry_source": "GTFS stop sequence"}, "geometry": {"type": "LineString", "coordinates": [[-0.97891, 51.74771], [-0.96717, 51.74549], [-0.96334, 51.74629], [-0.95799, 51.74024], [-0.90808, 51.70591], [-0.9051, 51.70268], [-0.90819, 51.70132], [-0.91119, 51.70001], [-0.91339, 51.69912], [-0.91572, 51.69805], [-0.92593, 51.69096], [-0.9326, 51.68844], [-0.94924, 51.68106], [-0.95206, 51.67601], [-0.922881, 51.667037], [-0.915148, 51.662057], [-0.909319, 51.661535], [-0.901487, 51.660168]]}}, {"type": "Feature", "properties": {"route": "25", "route_name": "", "route_id": "70988", "agency": "Red Rose Travel", "agency_id": "OP362", "geometry_source": "GTFS stop sequence"}, "geometry": {"type": "LineString", "coordinates": [[-1.14974, 51.89281], [-1.15311, 51.89765], [-1.15697, 51.90202], [-1.16049, 51.90471], [-1.16702, 51.90796], [-1.18486, 51.90115], [-1.22305, 51.90722], [-1.22622, 51.90803], [-1.25556, 51.9283], [-1.254, 51.92806], [-1.26247, 51.9288], [-1.26545, 51.92905], [-1.27553, 51.92956]]}}, {"type": "Feature", "properties": {"route": "328", "route_name": "", "route_id": "4591282", "agency": "Red Rose Travel", "agency_id": "OP362", "geometry_source": "GTFS stop sequence"}, "geometry": {"type": "LineString", "coordinates": [[-0.44449, 51.61664], [-0.44207, 51.61611], [-0.43803, 51.61441], [-0.43415, 51.61241], [-0.42969, 51.61197], [-0.42723, 51.61211], [-0.42296, 51.61142], [-0.41722, 51.61087], [-0.4141, 51.61332], [-0.409237618166813, 51.61613248720656], [-0.407878818985387, 51.61781357013797], [-0.40529801342528, 51.61932518010895], [-0.398220651309483, 51.61848249257974], [-0.392207992180758, 51.61735722339564], [-0.389178719612998, 51.61968961134756], [-0.387077717168123, 51.6206858645863], [-0.386616886797056, 51.62308941262987], [-0.386826753307033, 51.624504053889545], [-0.390388049520313, 51.62388751714623], [-0.39278505273184, 51.62310207500441], [-0.392791758595555, 51.62127677407503], [-0.395581167539999, 51.621647632931115], [-0.397201561229166, 51.6223981235251], [-0.398674421574546, 51.62446841418384], [-0.397034032950225, 51.62510245123148], [-0.394465133849838, 51.62543602582386], [-0.392418271244429, 51.62571374867733], [-0.390328381523586, 51.625981853981195], [-0.387931715839744, 51.626344623397934], [-0.388206195955795, 51.62797595819791], [-0.392091941249977, 51.627588624166165], [-0.394288860072376, 51.628383015558185], [-0.398253128591342, 51.62781671009402], [-0.402331564682582, 51.62728779299539], [-0.4049124338411, 51.627026145187536], [-0.408016822387513, 51.627904539816484], [-0.406250418330332, 51.62966100402871], [-0.401687514725579, 51.62958099598245], [-0.396707412591896, 51.62945015400463], [-0.392565407977281, 51.62972622852157], [-0.388280111565508, 51.63078250079814], [-0.393933046381895, 51.63682169940788], [-0.397736646010527, 51.638375335867096], [-0.399136225114084, 51.64048957305651], [-0.396456515468183, 51.641891738157746], [-0.392500465117837, 51.64382489257516], [-0.386126481782933, 51.64627322468148], [-0.385256398583665, 51.647574103706766], [-0.388852265944309, 51.64929601471217], [-0.390456701600882, 51.651745868068865], [-0.394544047519718, 51.654301603079396], [-0.396199724899809, 51.6553133490685]]}}, {"type": "Feature", "properties": {"route": "21", "route_name": "", "route_id": "3660", "agency": "Red Rose Travel", "agency_id": "OP362", "geometry_source": "GTFS stop sequence"}, "geometry": {"type": "LineString", "coordinates": [[-0.7087843, 52.1619921], [-0.711582, 52.1597839], [-0.7133316, 52.1563954], [-0.7135429, 52.152109], [-0.7100202, 52.1510995], [-0.7018134, 52.1528527], [-0.7052068, 52.1401766], [-0.7063304, 52.1372039], [-0.7054886, 52.1365024], [-0.7053497, 52.1095367], [-0.72032, 52.087733], [-0.7256042, 52.0859489], [-0.7309073, 52.0852509], [-0.7402444, 52.0822671], [-0.7455155, 52.0800845], [-0.7475197, 52.0793865], [-0.7546653, 52.0764142], [-0.7539437, 52.0724595], [-0.7536595, 52.0706133], [-0.7499148, 52.0673009], [-0.7487415, 52.0649148], [-0.7463031, 52.0603034], [-0.7439482, 52.0579317], [-0.7416964, 52.0560555], [-0.7389266, 52.0503075], [-0.7444624, 52.048955], [-0.7512204, 52.0440277], [-0.7554921, 52.040899]]}}, {"type": "Feature", "properties": {"route": "66", "route_name": "", "route_id": "97392", "agency": "Red Rose Travel", "agency_id": "OP362", "geometry_source": "GTFS stop sequence"}, "geometry": {"type": "LineString", "coordinates": [[-0.8131, 51.814702], [-0.809335, 51.815554], [-0.80949, 51.816806], [-0.812238, 51.818812], [-0.815422, 51.82075], [-0.814772, 51.826192], [-0.81481, 51.829699], [-0.811366, 51.832074], [-0.805654, 51.831873], [-0.812109, 51.831731], [-0.814512, 51.828357], [-0.814582, 51.826244], [-0.814543, 51.824949], [-0.815235, 51.820712], [-0.816305, 51.819176], [-0.818219, 51.817002], [-0.8131, 51.814702]]}}, {"type": "Feature", "properties": {"route": "150", "route_name": "", "route_id": "4279893", "agency": "Red Rose Travel", "agency_id": "OP362", "geometry_source": "GTFS stop sequence"}, "geometry": {"type": "LineString", "coordinates": [[-0.65397, 51.9515], [-0.65518, 51.94961], [-0.65698, 51.94532], [-0.65672, 51.93645], [-0.6572, 51.93358], [-0.65769, 51.93064], [-0.65831, 51.92698], [-0.65922, 51.92441], [-0.66013, 51.92091], [-0.66411, 51.91726], [-0.67004, 51.91627], [-0.67267, 51.91695], [-0.67508, 51.91765], [-0.67647, 51.91643], [-0.678, 51.91775], [-0.67911, 51.91598], [-0.68157, 51.9149], [-0.68096, 51.91357], [-0.68069, 51.91111], [-0.696686, 51.903952], [-0.70669, 51.898767], [-0.710081, 51.898112], [-0.715443, 51.896642], [-0.718131, 51.894108], [-0.719164, 51.893064], [-0.727258, 51.887904], [-0.756006, 51.868825], [-0.766743, 51.854256], [-0.773593, 51.843169], [-0.774393, 51.835624], [-0.778304, 51.834316], [-0.783097, 51.833098], [-0.789103, 51.829411], [-0.792976, 51.827292], [-0.798044, 51.82444], [-0.802143, 51.822504], [-0.805471, 51.820676], [-0.809986, 51.818933], [-0.812238, 51.818812], [-0.816305, 51.819176], [-0.818219, 51.817002], [-0.812807, 51.814825]]}}, {"type": "Feature", "properties": {"route": "50", "route_name": "", "route_id": "32638", "agency": "Red Rose Travel", "agency_id": "OP362", "geometry_source": "GTFS stop sequence"}, "geometry": {"type": "LineString", "coordinates": [[-0.812999, 51.814701], [-0.80845, 51.812785], [-0.805357, 51.810703], [-0.801259, 51.80827], [-0.79713, 51.805917], [-0.790774, 51.801689], [-0.782824, 51.795313], [-0.781282, 51.793319], [-0.778403, 51.789341], [-0.775967, 51.785584], [-0.764662, 51.788649], [-0.761354, 51.783975], [-0.754777, 51.77539], [-0.748015, 51.771461], [-0.745265, 51.768195], [-0.743626, 51.765084], [-0.741357, 51.763333], [-0.737125, 51.764898], [-0.735111, 51.766458], [-0.73136, 51.772038], [-0.729187, 51.774091], [-0.72716, 51.776048]]}}, {"type": "Feature", "properties": {"route": "357", "route_name": "", "route_id": "4615899", "agency": "Red Rose Travel", "agency_id": "OP362", "geometry_source": "GTFS stop sequence"}, "geometry": {"type": "LineString", "coordinates": [[-0.35767762422299, 51.816573244704934], [-0.355967607667128, 51.81572210120872], [-0.351877372839505, 51.811717424234125], [-0.349022029308557, 51.809267551874285], [-0.345143942727679, 51.80742365758987], [-0.341098727552641, 51.80698000792833], [-0.33273611714827, 51.804433923642435], [-0.332881026645677, 51.803258041004504], [-0.336588721129259, 51.801826889656354], [-0.340267088521895, 51.801977779766844], [-0.338559606860848, 51.80423760363943]]}}, {"type": "Feature", "properties": {"route": "150", "route_name": "", "route_id": "4279893", "agency": "Red Rose Travel", "agency_id": "OP362", "geometry_source": "GTFS stop sequence"}, "geometry": {"type": "LineString", "coordinates": [[-0.812807, 51.814825], [-0.809335, 51.815554], [-0.80949, 51.816806], [-0.808838, 51.819541], [-0.805804, 51.820716], [-0.802405, 51.822497], [-0.797583, 51.824867], [-0.792751, 51.827578], [-0.788082, 51.830119], [-0.782318, 51.833477], [-0.778022, 51.834538], [-0.775275, 51.835238], [-0.773893, 51.843891], [-0.768546, 51.853106], [-0.755719, 51.869226], [-0.727371, 51.88804], [-0.719204, 51.893149], [-0.718603, 51.894374], [-0.714934, 51.897131], [-0.709308, 51.898229], [-0.706746, 51.898866], [-0.696713, 51.904043], [-0.68034, 51.91189], [-0.68171, 51.91398], [-0.68109, 51.91528], [-0.67925, 51.91632], [-0.67807, 51.9178], [-0.676, 51.91841], [-0.67647, 51.91643], [-0.67241, 51.91695], [-0.6675, 51.91617], [-0.66254, 51.91771], [-0.66411, 51.91726], [-0.66031, 51.92139], [-0.65927, 51.92459], [-0.65837, 51.92736], [-0.65779, 51.9311], [-0.65727, 51.93405], [-0.65684, 51.93729], [-0.65537, 51.94302], [-0.65754, 51.94561], [-0.6556, 51.94918]]}}, {"type": "Feature", "properties": {"route": "24", "route_name": "", "route_id": "4398044", "agency": "Red Rose Travel", "agency_id": "OP362", "geometry_source": "GTFS stop sequence"}, "geometry": {"type": "LineString", "coordinates": [[-1.25926, 51.75501], [-1.26011, 51.7593], [-1.2619, 51.76817], [-1.26323, 51.77277], [-1.26474, 51.77664], [-1.26837, 51.78381], [-1.27137, 51.79019], [-1.27203, 51.79161], [-1.27154, 51.79511], [-1.27506, 51.80278], [-1.2762, 51.80956], [-1.27133, 51.81894], [-1.26744, 51.83348], [-1.27053, 51.83531], [-1.27289, 51.84707], [-1.27264, 51.85379], [-1.27249, 51.85515], [-1.27432, 51.86799], [-1.27577, 51.8704], [-1.2772, 51.87202], [-1.2752, 51.87452], [-1.27477, 51.87745], [-1.2267, 51.86526]]}}, {"type": "Feature", "properties": {"route": "K2", "route_name": "", "route_id": "5600207", "agency": "Red Rose Travel", "agency_id": "OP362", "geometry_source": "GTFS stop sequence"}, "geometry": {"type": "LineString", "coordinates": [[-0.813169, 51.815395], [-0.809736, 51.815208], [-0.80184, 51.819399], [-0.795358, 51.820607], [-0.774053, 51.82411], [-0.771962, 51.824783], [-0.772451, 51.826072], [-0.772127, 51.829206], [-0.768988, 51.830167], [-0.767529, 51.824852], [-0.771667, 51.824722], [-0.773847, 51.824099], [-0.795364, 51.820582], [-0.801843, 51.819167], [-0.80829, 51.81611], [-0.815757, 51.815178], [-0.815259, 51.814256], [-0.813169, 51.815395]]}}, {"type": "Feature", "properties": {"route": "7", "route_name": "", "route_id": "7482431", "agency": "Red Rose Travel", "agency_id": "OP362", "geometry_source": "GTFS stop sequence"}, "geometry": {"type": "LineString", "coordinates": [[-0.77543, 51.809694], [-0.775641, 51.806738], [-0.777957, 51.805818], [-0.778961, 51.807321], [-0.781935, 51.806777], [-0.786379, 51.80604], [-0.782429, 51.808373], [-0.776641, 51.809455], [-0.775568, 51.812106], [-0.778337, 51.813231], [-0.780495, 51.81445], [-0.780791, 51.815316], [-0.783616, 51.81708], [-0.785728, 51.817282], [-0.787798, 51.817474], [-0.788699, 51.816315], [-0.793606, 51.815124], [-0.797438, 51.815056], [-0.80196, 51.81521], [-0.80829, 51.81611], [-0.815757, 51.815178], [-0.815259, 51.814256], [-0.813119, 51.815098]]}}, {"type": "Feature", "properties": {"route": "108", "route_name": "", "route_id": "4279888", "agency": "Red Rose Travel", "agency_id": "OP362", "geometry_source": "GTFS stop sequence"}, "geometry": {"type": "LineString", "coordinates": [[-1.25524, 51.75238], [-1.2507, 51.75272], [-1.24071, 51.75048], [-1.23611, 51.7524], [-1.22501, 51.75593], [-1.22092, 51.75712], [-1.21609, 51.75868], [-1.20974, 51.76055], [-1.20559, 51.76165], [-1.20175, 51.76227], [-1.19906, 51.76263], [-1.19085, 51.76252], [-1.18054, 51.76315], [-1.16083, 51.76137], [-1.1509, 51.76567], [-1.15443, 51.76733], [-1.16234, 51.77528], [-1.16308, 51.77838], [-1.16865, 51.78138], [-1.18213, 51.79674]]}}, {"type": "Feature", "properties": {"route": "108", "route_name": "", "route_id": "4279888", "agency": "Red Rose Travel", "agency_id": "OP362", "geometry_source": "GTFS stop sequence"}, "geometry": {"type": "LineString", "coordinates": [[-1.25524, 51.75238], [-1.2507, 51.75272], [-1.24071, 51.75048], [-1.23611, 51.7524], [-1.22501, 51.75593], [-1.22092, 51.75712], [-1.21609, 51.75868], [-1.20974, 51.76055], [-1.20559, 51.76165], [-1.20175, 51.76227], [-1.19906, 51.76263], [-1.19376, 51.76481], [-1.19004, 51.77235], [-1.17839, 51.78474], [-1.16934, 51.79036], [-1.13905, 51.80758], [-1.13125, 51.80663], [-1.094274, 51.822642], [-1.07344, 51.85179], [-1.09975, 51.86966], [-1.1327, 51.88115], [-1.13518, 51.89194], [-1.13773, 51.89179], [-1.14024, 51.88885], [-1.14467, 51.88797], [-1.148, 51.89278], [-1.15388, 51.8986]]}}, {"type": "Feature", "properties": {"route": "B2", "route_name": "", "route_id": "7482437", "agency": "Red Rose Travel", "agency_id": "OP362", "geometry_source": "GTFS stop sequence"}, "geometry": {"type": "LineString", "coordinates": [[-1.148552016, 52.027949704], [-1.144675445, 52.031742763], [-1.141935046, 52.03707242], [-1.124738, 52.035272], [-1.094577, 52.018635], [-1.093447, 52.016873], [-1.05222, 52.003863], [-1.050433, 51.99127], [-1.050173, 51.990476], [-1.045325, 51.990401], [-1.042464, 51.990666], [-1.001088, 51.996937], [-0.978884, 51.989188], [-0.980444, 51.991692], [-0.983803, 51.99512], [-0.985276, 51.996957], [-0.985171, 52.001632]]}}, {"type": "Feature", "properties": {"route": "163", "route_name": "", "route_id": "84259", "agency": "Red Rose Travel", "agency_id": "OP362", "geometry_source": "GTFS stop sequence"}, "geometry": {"type": "LineString", "coordinates": [[-0.66402, 51.91598], [-0.66081, 51.91673], [-0.65711, 51.91353], [-0.65464, 51.91111], [-0.65238, 51.90807], [-0.64033, 51.8973], [-0.63645, 51.89692], [-0.60669, 51.86977], [-0.59377, 51.87787], [-0.5904, 51.87666], [-0.58758, 51.87561], [-0.58359, 51.87322], [-0.584545, 51.868651], [-0.585628, 51.867001], [-0.588152, 51.864333]]}}, {"type": "Feature", "properties": {"route": "357", "route_name": "", "route_id": "4615899", "agency": "Red Rose Travel", "agency_id": "OP362", "geometry_source": "GTFS stop sequence"}, "geometry": {"type": "LineString", "coordinates": [[-0.279709742502214, 51.65334097424334], [-0.278536816221045, 51.65453772705026], [-0.275309470970753, 51.65615392195049], [-0.270439018836593, 51.6572512724038], [-0.270807340920542, 51.658209865344375], [-0.26826811187393, 51.66110389307475], [-0.266175823414867, 51.66364477925275], [-0.266598617390854, 51.665827121767116], [-0.26767674956914, 51.66637356639752], [-0.269766291122302, 51.66542422463926], [-0.272232422299148, 51.6640757401555], [-0.274601004618934, 51.66262685762897], [-0.276029743048796, 51.66307946252188], [-0.280669924789872, 51.665404513115384], [-0.282204922238481, 51.66687470867598], [-0.282080992325441, 51.66900403157465], [-0.279022279957939, 51.6703440401855], [-0.278595722521631, 51.671677616840974], [-0.277642778835373, 51.67354300165761], [-0.274989507366586, 51.675239544522405], [-0.274543093737148, 51.67633002721421], [-0.276823138290202, 51.68103940442718], [-0.27859006344971, 51.68860969588623], [-0.280994175530121, 51.69121664389135], [-0.28342918388367, 51.693779031092504], [-0.285983707475276, 51.693951212923736], [-0.290442935253685, 51.693494650893456], [-0.292376240273664, 51.69556397340553], [-0.288331538538, 51.69921884047436], [-0.289939924213119, 51.703000952622396], [-0.294406681521082, 51.70852407036349], [-0.285566466795025, 51.71264865058221], [-0.276748785502439, 51.71575679787626], [-0.280560291149109, 51.717170440670316], [-0.286131849919328, 51.71683820874753], [-0.285522566947694, 51.71840293019344], [-0.287209870788809, 51.71895807010069], [-0.293284236985499, 51.72065603744047], [-0.296679046406913, 51.71969819021649], [-0.300954681087974, 51.71802463034973], [-0.30481672646886, 51.72198295679019], [-0.308138649664543, 51.723361655262245], [-0.314046775955594, 51.72216970770873], [-0.315109795846274, 51.72200511502965], [-0.311728990774254, 51.72298167878092], [-0.309132770687916, 51.723492861254755], [-0.305957966796111, 51.72359999731078], [-0.300738297575748, 51.72572767723878], [-0.299000615889283, 51.72688948369951], [-0.30105620092188, 51.72883452425537], [-0.30491644931925, 51.73247808906718], [-0.308997642109689, 51.73487481176976], [-0.313169549907704, 51.73756942764628], [-0.317883914074934, 51.7401008093282], [-0.323619527221512, 51.743231048729434], [-0.328603184222865, 51.74595466393328], [-0.331054379063528, 51.748228498390844], [-0.329806453321939, 51.749856300921145], [-0.326993680314893, 51.750310853854934], [-0.330388405980934, 51.750574934773134], [-0.333516254362532, 51.75100598086067], [-0.337225628139179, 51.75177787422906], [-0.337193813336664, 51.75382758983355], [-0.329841127164302, 51.76030545053905], [-0.326106459258169, 51.76333656463047], [-0.323109007434687, 51.765622756640084], [-0.318706626206152, 51.77021770203121], [-0.316309080762856, 51.77271911605591], [-0.310543662588032, 51.77651192852312], [-0.306880814234869, 51.77948951842538], [-0.304617238228155, 51.781866738541], [-0.303399080817577, 51.78380940962113], [-0.297047837783614, 51.7996243279592], [-0.291403267259433, 51.80622344562013], [-0.289028401225709, 51.80726794465309], [-0.288682972786731, 51.80872860238572], [-0.288395655628073, 51.80980345190375], [-0.291239000740313, 51.81095081164141], [-0.293908842490858, 51.812086592481215], [-0.294323833122461, 51.815311718450474], [-0.303648736139607, 51.81579728846853], [-0.309308745971139, 51.81768617079651], [-0.315910553316508, 51.81845529083866], [-0.321086101492913, 51.81934755535981], [-0.325818141634764, 51.82046706638979], [-0.334635033592996, 51.82217482172473], [-0.333923808909394, 51.82493424040627], [-0.334496160286299, 51.82594044324053], [-0.336065209283534, 51.82785993374587], [-0.339128074790791, 51.82665336060187], [-0.339285423065106, 51.82553160144117], [-0.341212144803426, 51.82483045304941], [-0.343601583054907, 51.82694124706473], [-0.346954951087532, 51.83087290178748], [-0.347650521033343, 51.83050501897156], [-0.349592113212573, 51.82939930975128], [-0.352642443676261, 51.827733626790724], [-0.354003302300609, 51.82662870149195], [-0.355203948971513, 51.82314767569969], [-0.354779468640513, 51.82205372589187], [-0.356711657942084, 51.818798719306805], [-0.357275760984321, 51.8172510118598], [-0.355967607667128, 51.81572210120872], [-0.351877372839505, 51.811717424234125], [-0.349022029308557, 51.809267551874285], [-0.345143942727679, 51.80742365758987], [-0.341098727552641, 51.80698000792833], [-0.33273611714827, 51.804433923642435], [-0.332881026645677, 51.803258041004504], [-0.336588721129259, 51.801826889656354], [-0.340267088521895, 51.801977779766844], [-0.338559606860848, 51.80423760363943]]}}, {"type": "Feature", "properties": {"route": "150", "route_name": "", "route_id": "4279893", "agency": "Red Rose Travel", "agency_id": "OP362", "geometry_source": "GTFS stop sequence"}, "geometry": {"type": "LineString", "coordinates": [[-0.66431, 51.91586], [-0.67004, 51.91627], [-0.67267, 51.91695], [-0.67508, 51.91765], [-0.67647, 51.91643], [-0.678, 51.91775], [-0.67911, 51.91598], [-0.68157, 51.9149], [-0.68096, 51.91357], [-0.68069, 51.91111], [-0.696686, 51.903952], [-0.70669, 51.898767], [-0.710081, 51.898112], [-0.715443, 51.896642], [-0.718131, 51.894108], [-0.719164, 51.893064], [-0.727258, 51.887904], [-0.756006, 51.868825], [-0.766743, 51.854256], [-0.773593, 51.843169], [-0.774393, 51.835624], [-0.778304, 51.834316], [-0.783097, 51.833098], [-0.789103, 51.829411], [-0.792976, 51.827292], [-0.798044, 51.82444], [-0.802143, 51.822504], [-0.805471, 51.820676], [-0.809986, 51.818933], [-0.812238, 51.818812], [-0.816305, 51.819176], [-0.818219, 51.817002], [-0.812807, 51.814825]]}}, {"type": "Feature", "properties": {"route": "165", "route_name": "", "route_id": "4279907", "agency": "Red Rose Travel", "agency_id": "OP362", "geometry_source": "GTFS stop sequence"}, "geometry": {"type": "LineString", "coordinates": [[-0.812807, 51.814825], [-0.809335, 51.815554], [-0.80949, 51.816806], [-0.808838, 51.819541], [-0.805804, 51.820716], [-0.802405, 51.822497], [-0.797583, 51.824867], [-0.792751, 51.827578], [-0.788082, 51.830119], [-0.782318, 51.833477], [-0.778022, 51.834538], [-0.775275, 51.835238], [-0.773893, 51.843891], [-0.768546, 51.853106], [-0.746723, 51.867226], [-0.741693, 51.86478], [-0.738543, 51.8632], [-0.742292, 51.865192], [-0.747188, 51.867222], [-0.756744, 51.868831], [-0.764667, 51.870707], [-0.769613, 51.872539], [-0.77282, 51.879603], [-0.779072, 51.892311], [-0.755216, 51.893064], [-0.716948, 51.897863], [-0.709308, 51.898229], [-0.706746, 51.898866], [-0.696713, 51.904043], [-0.68034, 51.91189], [-0.68171, 51.91398], [-0.68109, 51.91528], [-0.67925, 51.91632], [-0.67807, 51.9178], [-0.676, 51.91841], [-0.67241, 51.91695], [-0.6675, 51.91617], [-0.66254, 51.91771]]}}, {"type": "Feature", "properties": {"route": "55B", "route_name": "", "route_id": "4591332", "agency": "Red Rose Travel", "agency_id": "OP362", "geometry_source": "GTFS stop sequence"}, "geometry": {"type": "LineString", "coordinates": [[-0.612512, 51.70635], [-0.610453, 51.708825], [-0.609352, 51.710737], [-0.608086, 51.713806], [-0.60734, 51.716405], [-0.608083, 51.720028], [-0.615048, 51.721387], [-0.61825, 51.721308], [-0.620079, 51.722121], [-0.621525, 51.724071], [-0.623815, 51.726364], [-0.625116, 51.729319], [-0.629296, 51.733289], [-0.639968, 51.740561], [-0.642426, 51.742145], [-0.688665, 51.75846], [-0.681782, 51.756962], [-0.662614, 51.753499], [-0.653522, 51.754753], [-0.64698407271192, 51.7603104026025], [-0.635684556674485, 51.77032238691849], [-0.641114511705093, 51.77820799319741], [-0.640720546157635, 51.78118865812231], [-0.639476393008664, 51.78254998621362], [-0.640813241154087, 51.78341065970292], [-0.643655531398882, 51.783866087419334], [-0.651920134865739, 51.793069624860294], [-0.660600046956886, 51.79375326646536], [-0.664490818667193, 51.79310516752497], [-0.668579305315097, 51.79115539968207], [-0.671466211092907, 51.79011805375388], [-0.676102855845866, 51.78972976100297], [-0.682729352716286, 51.790712329654646], [-0.6922, 51.7927], [-0.715713, 51.7887], [-0.72716, 51.776048], [-0.729043, 51.774054], [-0.731293, 51.771866], [-0.734879, 51.766465], [-0.736954, 51.764797], [-0.74197, 51.763691], [-0.744337, 51.766108], [-0.745135, 51.767645], [-0.750503, 51.772683], [-0.754716, 51.774419], [-0.754952, 51.77532], [-0.761222, 51.783506], [-0.765576, 51.788641], [-0.774772, 51.785824], [-0.77746, 51.786122], [-0.779804, 51.791163], [-0.782472, 51.794365], [-0.785341, 51.797137], [-0.789214, 51.799281], [-0.79243, 51.797794], [-0.795146, 51.798182], [-0.79638, 51.800308], [-0.797313, 51.802844], [-0.797877, 51.806185], [-0.802239, 51.808505], [-0.804619, 51.810111], [-0.805982, 51.810125], [-0.806915, 51.810485], [-0.808104, 51.81217], [-0.815757, 51.815178], [-0.815259, 51.814256], [-0.812999, 51.814701]]}}, {"type": "Feature", "properties": {"route": "397", "route_name": "", "route_id": "11345", "agency": "Red Rose Travel", "agency_id": "OP362", "geometry_source": "GTFS stop sequence"}, "geometry": {"type": "LineString", "coordinates": [[-0.630400854109311, 51.76293275651609], [-0.635684556674485, 51.77032238691849], [-0.641114511705093, 51.77820799319741], [-0.640720546157635, 51.78118865812231], [-0.643655531398882, 51.783866087419334], [-0.653049735539599, 51.7936040818869], [-0.660600046956886, 51.79375326646536], [-0.664490818667193, 51.79310516752497], [-0.668579305315097, 51.79115539968207], [-0.671589653590426, 51.792825913821446], [-0.673217849253493, 51.79416605774871], [-0.671104655472006, 51.79748706103872], [-0.66908424460847, 51.798138579688754], [-0.668653241799123, 51.79849336379643], [-0.664880267921056, 51.79857646996559], [-0.661882543830894, 51.79941458007546], [-0.659821465058771, 51.802897823632215], [-0.657396451008525, 51.804461671483494], [-0.658155111943033, 51.806754189252835]]}}, {"type": "Feature", "properties": {"route": "150", "route_name": "", "route_id": "4279893", "agency": "Red Rose Travel", "agency_id": "OP362", "geometry_source": "GTFS stop sequence"}, "geometry": {"type": "LineString", "coordinates": [[-0.65397, 51.9515], [-0.65518, 51.94961], [-0.65698, 51.94532], [-0.65672, 51.93645], [-0.6572, 51.93358], [-0.65769, 51.93064], [-0.65831, 51.92698], [-0.65922, 51.92441], [-0.66013, 51.92091], [-0.66431, 51.91586], [-0.67004, 51.91627], [-0.67267, 51.91695], [-0.67508, 51.91765], [-0.67647, 51.91643], [-0.678, 51.91775], [-0.67911, 51.91598], [-0.68157, 51.9149], [-0.68096, 51.91357], [-0.68069, 51.91111], [-0.696686, 51.903952], [-0.70669, 51.898767], [-0.710081, 51.898112], [-0.715443, 51.896642], [-0.718131, 51.894108], [-0.719164, 51.893064], [-0.727258, 51.887904], [-0.756006, 51.868825], [-0.766743, 51.854256], [-0.773593, 51.843169], [-0.774393, 51.835624], [-0.778304, 51.834316], [-0.783097, 51.833098], [-0.789103, 51.829411], [-0.792976, 51.827292], [-0.798044, 51.82444], [-0.802143, 51.822504], [-0.805471, 51.820676], [-0.809986, 51.818933], [-0.812238, 51.818812], [-0.816305, 51.819176], [-0.818219, 51.817002], [-0.812807, 51.814825]]}}, {"type": "Feature", "properties": {"route": "16", "route_name": "", "route_id": "66005", "agency": "Red Rose Travel", "agency_id": "OP362", "geometry_source": "GTFS stop sequence"}, "geometry": {"type": "LineString", "coordinates": [[-0.987078, 51.937757], [-0.989382, 51.934605], [-1.001717, 51.916528], [-1.010787, 51.910697], [-1.014699, 51.897351], [-1.015528, 51.893986], [-1.016215, 51.891177], [-1.015246, 51.882304], [-1.011955, 51.881314], [-1.007961, 51.879932], [-1.005244, 51.878641], [-1.003608, 51.877063], [-1.000054, 51.874893], [-0.997662, 51.86553], [-0.984643, 51.858711], [-0.973853, 51.856154], [-0.960456, 51.849023], [-0.95834, 51.847602], [-0.956801, 51.846365], [-0.955153, 51.842925], [-0.957173, 51.846593], [-0.959588, 51.84826], [-0.960651, 51.852929], [-0.948592, 51.851642], [-0.93359, 51.862854], [-0.927691, 51.86602], [-0.924396, 51.867788], [-0.919959, 51.870499], [-0.918499, 51.873263], [-0.922617, 51.874785], [-0.920001, 51.875408], [-0.916608, 51.874577], [-0.918232, 51.873468], [-0.920264, 51.86989], [-0.924223, 51.867741], [-0.927489, 51.866], [-0.933606, 51.8628], [-0.92261, 51.845859], [-0.919381, 51.846135], [-0.916301, 51.845622], [-0.900088, 51.843763], [-0.890734, 51.842191], [-0.881086, 51.841417], [-0.866135, 51.833325], [-0.858151, 51.832807], [-0.849627, 51.830959], [-0.840259, 51.826252], [-0.837222, 51.825526], [-0.832736, 51.82452], [-0.829864, 51.823898], [-0.824398, 51.822638], [-0.821036, 51.821912], [-0.81834, 51.821247], [-0.81643, 51.82049], [-0.816305, 51.819176], [-0.818219, 51.817002], [-0.813005, 51.815007]]}}, {"type": "Feature", "properties": {"route": "150", "route_name": "", "route_id": "4279893", "agency": "Red Rose Travel", "agency_id": "OP362", "geometry_source": "GTFS stop sequence"}, "geometry": {"type": "LineString", "coordinates": [[-0.66411, 51.91726], [-0.67004, 51.91627], [-0.67267, 51.91695], [-0.67508, 51.91765], [-0.67647, 51.91643], [-0.678, 51.91775], [-0.67911, 51.91598], [-0.68157, 51.9149], [-0.68096, 51.91357], [-0.68069, 51.91111], [-0.696686, 51.903952], [-0.70669, 51.898767], [-0.710081, 51.898112], [-0.715443, 51.896642], [-0.718131, 51.894108], [-0.719164, 51.893064], [-0.727258, 51.887904], [-0.756006, 51.868825], [-0.766743, 51.854256], [-0.773593, 51.843169], [-0.774393, 51.835624], [-0.778304, 51.834316], [-0.783097, 51.833098], [-0.789103, 51.829411], [-0.792976, 51.827292], [-0.798044, 51.82444], [-0.802143, 51.822504], [-0.805471, 51.820676], [-0.809986, 51.818933], [-0.812238, 51.818812], [-0.816305, 51.819176], [-0.818219, 51.817002], [-0.812807, 51.814825]]}}, {"type": "Feature", "properties": {"route": "B4", "route_name": "", "route_id": "4398092", "agency": "Red Rose Travel", "agency_id": "OP362", "geometry_source": "GTFS stop sequence"}, "geometry": {"type": "LineString", "coordinates": [[-0.985171, 52.001632], [-0.986912, 52.001269], [-0.985378, 52.0047], [-0.983257, 52.006381], [-0.977796, 52.011378], [-0.977246, 52.0138], [-0.975737, 52.014156], [-0.973535, 52.012959], [-0.972008, 52.011552], [-0.976094, 52.009996], [-0.977957, 52.010732], [-0.982919, 52.006486], [-0.989887, 52.004379], [-0.988837, 52.003785], [-0.985634, 52.004333], [-0.986809, 52.001322], [-0.985171, 52.001632]]}}, {"type": "Feature", "properties": {"route": "W1", "route_name": "", "route_id": "29767", "agency": "Red Rose Travel", "agency_id": "OP362", "geometry_source": "GTFS stop sequence"}, "geometry": {"type": "LineString", "coordinates": [[-0.396123128357449, 51.663216294171114], [-0.396935282654453, 51.659459724775594], [-0.394544047519718, 51.654301603079396], [-0.396903953778616, 51.655430868535426], [-0.400931690490032, 51.65148432620514], [-0.403939795101114, 51.64979877754995], [-0.40759868007841, 51.648922269583615], [-0.411037840506603, 51.65060540259096], [-0.41548039766817, 51.650881236814094], [-0.419557423294871, 51.65127787212635], [-0.42405291233756, 51.65169796575539], [-0.430417646734305, 51.65115376409025], [-0.435945643389084, 51.64971686117029], [-0.439862605930871, 51.64761987567687], [-0.443386926095809, 51.646848372303836], [-0.449315822114933, 51.64634233198195], [-0.451880937033229, 51.64614238397218], [-0.463300836940107, 51.64353183804892], [-0.465726933322176, 51.64016459124974], [-0.469673773604267, 51.63883132748999], [-0.472803356899139, 51.64031078750084], [-0.480293155966248, 51.637170845187356], [-0.484132815154828, 51.63599756623504], [-0.487290429936866, 51.63490529771272], [-0.491759475593924, 51.636527386913045], [-0.493766216624279, 51.638765167284], [-0.49109229597517, 51.64052023924645], [-0.493191216976921, 51.64259735654393], [-0.495036964857528, 51.64403276194594], [-0.496003411495247, 51.644090103152806]]}}, {"type": "Feature", "properties": {"route": "121", "route_name": "", "route_id": "95752", "agency": "Red Rose Travel", "agency_id": "OP362", "geometry_source": "GTFS stop sequence"}, "geometry": {"type": "LineString", "coordinates": [[-0.97837, 51.7475], [-0.97557, 51.74602], [-0.96723, 51.74511], [-0.96865, 51.74215], [-0.96161, 51.73896], [-0.96219, 51.74179], [-0.96127, 51.74227], [-0.96065, 51.74454], [-0.9622, 51.74526], [-0.96271, 51.74602], [-0.96667, 51.74862], [-0.97213, 51.75055], [-0.964897, 51.762942], [-0.942589, 51.770728], [-0.941051, 51.770768], [-0.934593, 51.772391], [-0.928984, 51.773626], [-0.926142, 51.769985], [-0.927173, 51.766848], [-0.921565, 51.76804], [-0.91966, 51.770012], [-0.942589, 51.770728], [-0.965017, 51.762781], [-0.96283, 51.74585], [-0.9622, 51.74536], [-0.96055, 51.74454], [-0.96117, 51.74224], [-0.96221, 51.74174], [-0.96193, 51.73935], [-0.96444, 51.73802], [-0.96729, 51.73861], [-0.97029, 51.74043], [-0.96928, 51.74244], [-0.96732, 51.74505], [-0.96904, 51.74517], [-0.97569, 51.74588], [-0.9777, 51.74975], [-0.97837, 51.7475]]}}, {"type": "Feature", "properties": {"route": "B4", "route_name": "", "route_id": "4398092", "agency": "Red Rose Travel", "agency_id": "OP362", "geometry_source": "GTFS stop sequence"}, "geometry": {"type": "LineString", "coordinates": [[-0.985171, 52.001632], [-0.986912, 52.001269], [-0.989887, 52.004379], [-0.988837, 52.003785], [-0.985634, 52.004333], [-0.986809, 52.001322], [-0.985171, 52.001632]]}}, {"type": "Feature", "properties": {"route": "25", "route_name": "", "route_id": "70988", "agency": "Red Rose Travel", "agency_id": "OP362", "geometry_source": "GTFS stop sequence"}, "geometry": {"type": "LineString", "coordinates": [[-1.254, 51.92806], [-1.26247, 51.9288], [-1.26545, 51.92905], [-1.27553, 51.92956], [-1.28484, 51.91965], [-1.226, 51.90801], [-1.22304, 51.90734], [-1.18331, 51.90095], [-1.16661, 51.90774], [-1.164, 51.90676], [-1.16026, 51.90469], [-1.15766, 51.90296], [-1.15335, 51.898], [-1.14974, 51.89281]]}}, {"type": "Feature", "properties": {"route": "165", "route_name": "", "route_id": "4279907", "agency": "Red Rose Travel", "agency_id": "OP362", "geometry_source": "GTFS stop sequence"}, "geometry": {"type": "LineString", "coordinates": [[-0.801184, 51.802901], [-0.803371, 51.802465], [-0.805303, 51.80342], [-0.807096, 51.803096], [-0.80997, 51.806875], [-0.808576, 51.809136], [-0.806915, 51.810485], [-0.808104, 51.81217], [-0.812807, 51.814825], [-0.809335, 51.815554], [-0.80949, 51.816806], [-0.808838, 51.819541], [-0.805804, 51.820716], [-0.802405, 51.822497], [-0.797583, 51.824867], [-0.792751, 51.827578], [-0.788082, 51.830119], [-0.782318, 51.833477], [-0.778022, 51.834538], [-0.775275, 51.835238], [-0.773893, 51.843891], [-0.768546, 51.853106], [-0.746723, 51.867226], [-0.741693, 51.86478], [-0.738543, 51.8632], [-0.742292, 51.865192], [-0.747188, 51.867222], [-0.756744, 51.868831], [-0.764667, 51.870707], [-0.769613, 51.872539], [-0.77282, 51.879603], [-0.779072, 51.892311], [-0.755216, 51.893064], [-0.716948, 51.897863], [-0.709308, 51.898229], [-0.706746, 51.898866], [-0.696713, 51.904043], [-0.68034, 51.91189], [-0.68171, 51.91398], [-0.68109, 51.91528], [-0.67925, 51.91632], [-0.67807, 51.9178], [-0.676, 51.91841], [-0.67241, 51.91695], [-0.6675, 51.91617], [-0.66254, 51.91771], [-0.66009, 51.916], [-0.66431, 51.91586]]}}, {"type": "Feature", "properties": {"route": "18", "route_name": "", "route_id": "973590", "agency": "Red Rose Travel", "agency_id": "OP362", "geometry_source": "GTFS stop sequence"}, "geometry": {"type": "LineString", "coordinates": [[-1.15269, 51.89758], [-1.14099, 51.89974], [-1.13955, 51.90133], [-1.13613, 51.90333], [-1.129, 51.90509], [-1.11946, 51.89959], [-1.11675, 51.89805], [-1.11319, 51.8996], [-1.11155, 51.90098], [-1.067246, 51.90187], [-1.064415, 51.902378], [-1.060641, 51.902833], [-1.059556, 51.904695], [-1.055967, 51.924033], [-1.040907, 51.929935], [-1.035494, 51.931411], [-1.031573, 51.929778], [-1.01797, 51.933316], [-0.991883, 51.936243], [-0.989375, 51.937156], [-0.987266, 51.937794], [-0.982223, 51.936384], [-0.959894, 51.967164], [-0.966514, 51.979324], [-0.975846, 51.985106], [-0.978884, 51.989188], [-0.980444, 51.991692], [-0.983803, 51.99512], [-0.985276, 51.996957], [-0.985171, 52.001632]]}}, {"type": "Feature", "properties": {"route": "16", "route_name": "", "route_id": "66005", "agency": "Red Rose Travel", "agency_id": "OP362", "geometry_source": "GTFS stop sequence"}, "geometry": {"type": "LineString", "coordinates": [[-0.80196, 51.81521], [-0.813005, 51.815007], [-0.809335, 51.815554], [-0.80949, 51.816806], [-0.812238, 51.818812], [-0.816563, 51.820411], [-0.818977, 51.821316], [-0.824684, 51.822646], [-0.830315, 51.823848], [-0.837312, 51.825437], [-0.840412, 51.826196], [-0.860733, 51.832868], [-0.86715, 51.833362], [-0.883623, 51.841558], [-0.891767, 51.842111], [-0.902619, 51.844137], [-0.916958, 51.845484], [-0.919328, 51.845937], [-0.923285, 51.845587], [-0.93359, 51.862854], [-0.927691, 51.86602], [-0.924396, 51.867788], [-0.919959, 51.870499], [-0.918499, 51.873263], [-0.922617, 51.874785], [-0.920001, 51.875408], [-0.916608, 51.874577], [-0.924223, 51.867741], [-0.927489, 51.866], [-0.933606, 51.8628], [-0.960457, 51.852592], [-0.97546, 51.856384], [-0.985107, 51.858706], [-0.997541, 51.865089], [-0.999972, 51.874667], [-1.003092, 51.876744], [-1.006408, 51.879217], [-1.008569, 51.880027], [-1.012822, 51.881537], [-1.016789, 51.882829], [-1.017078, 51.896246], [-1.01474, 51.897495], [-1.010857, 51.910814], [-1.004077, 51.911081], [-1.001099, 51.915542], [-0.983739, 51.936155], [-0.987078, 51.937757]]}}, {"type": "Feature", "properties": {"route": "24", "route_name": "", "route_id": "4398044", "agency": "Red Rose Travel", "agency_id": "OP362", "geometry_source": "GTFS stop sequence"}, "geometry": {"type": "LineString", "coordinates": [[-1.15335, 51.898], [-1.1568, 51.89948], [-1.15903, 51.89638], [-1.16016, 51.89495], [-1.16364, 51.89086], [-1.16704, 51.88676], [-1.18573, 51.87297], [-1.22248, 51.85941], [-1.22687, 51.86519], [-1.27477, 51.87704], [-1.27507, 51.87451], [-1.27676, 51.87234], [-1.2757, 51.87049], [-1.27418, 51.86799], [-1.27256, 51.85545], [-1.27273, 51.85347], [-1.27271, 51.84704], [-1.27066, 51.83551], [-1.26778, 51.83383], [-1.27145, 51.81854], [-1.27611, 51.80932], [-1.27444, 51.80223], [-1.2713, 51.79412], [-1.2715, 51.79076], [-1.27092, 51.78963], [-1.26766, 51.78303], [-1.26492, 51.77769], [-1.26408, 51.77538], [-1.2631, 51.77299], [-1.26172, 51.76853], [-1.25987, 51.75882], [-1.25842, 51.75428]]}}, {"type": "Feature", "properties": {"route": "H10", "route_name": "", "route_id": "2414", "agency": "Red Rose Travel", "agency_id": "OP362", "geometry_source": "GTFS stop sequence"}, "geometry": {"type": "LineString", "coordinates": [[-0.471292996770726, 51.744030745079556], [-0.468637880273665, 51.74330380927176], [-0.465972270938733, 51.744599839260545], [-0.461049242675679, 51.74454447235854], [-0.456088011014155, 51.746034994416995], [-0.451689384971275, 51.748431905392266], [-0.449559358104451, 51.74929401946568], [-0.443911748017719, 51.75049622725141], [-0.441190186254108, 51.75170103978215], [-0.434387741619679, 51.752347959353095], [-0.432284757822271, 51.75283246448592], [-0.432360252629805, 51.75190731009214], [-0.433891299706786, 51.751621997146366], [-0.436185871504971, 51.75104110233726], [-0.436782466774232, 51.75054549457617], [-0.437152019243247, 51.74991198724834], [-0.439516385406253, 51.749403890738016], [-0.44459519294228, 51.74915649619775], [-0.452325794386167, 51.747613037596814], [-0.456656284561287, 51.74551193918031], [-0.459983635325089, 51.74435966951948], [-0.462832853702323, 51.7444868867962], [-0.464902088549346, 51.74540412337767], [-0.467542586656066, 51.7435682799486], [-0.471304000244552, 51.74327557435817], [-0.474467958249626, 51.74695837430083], [-0.473738050666018, 51.748414565434125], [-0.472436168114831, 51.75136495369039]]}}, {"type": "Feature", "properties": {"route": "60", "route_name": "", "route_id": "32620", "agency": "Red Rose Travel", "agency_id": "OP362", "geometry_source": "GTFS stop sequence"}, "geometry": {"type": "LineString", "coordinates": [[-0.985171, 52.001632], [-0.984935, 51.996604], [-0.983728, 51.995236], [-0.980341, 51.991727], [-0.978379, 51.988995], [-0.975728, 51.98515], [-0.966038, 51.979122], [-0.952299, 51.970783], [-0.947677, 51.968575], [-0.937891, 51.9632], [-0.930409, 51.961433], [-0.913292, 51.956664], [-0.904518, 51.9542], [-0.89643, 51.951113], [-0.890109, 51.950181], [-0.883226, 51.947284], [-0.881476, 51.944507], [-0.882814, 51.942757], [-0.886099, 51.940523], [-0.886658, 51.937956], [-0.887387, 51.923181], [-0.886577, 51.920036], [-0.885328, 51.918217], [-0.881789, 51.907942], [-0.877453, 51.899916], [-0.87525, 51.897917], [-0.874059, 51.895002], [-0.857768, 51.888668], [-0.860102, 51.884878], [-0.847106, 51.882854], [-0.840944, 51.88176], [-0.836891, 51.88065], [-0.835992, 51.879454], [-0.831907, 51.876734], [-0.833337, 51.86639], [-0.831829, 51.863507], [-0.830203, 51.85788], [-0.82838, 51.852026], [-0.818334, 51.839796], [-0.814512, 51.828357], [-0.814582, 51.826244], [-0.814543, 51.824949], [-0.815235, 51.820712], [-0.816305, 51.819176], [-0.818219, 51.817002]]}}, {"type": "Feature", "properties": {"route": "154", "route_name": "", "route_id": "14900", "agency": "Red Rose Travel", "agency_id": "OP362", "geometry_source": "GTFS stop sequence"}, "geometry": {"type": "LineString", "coordinates": [[-0.8131, 51.814702], [-0.809335, 51.815554], [-0.80949, 51.816806], [-0.812238, 51.818812], [-0.815422, 51.82075], [-0.814772, 51.826192], [-0.81481, 51.829699], [-0.818637, 51.839862], [-0.828498, 51.851389], [-0.830342, 51.858106], [-0.821064, 51.858076], [-0.819571, 51.856875], [-0.813669, 51.856572], [-0.770742, 51.873225], [-0.77282, 51.879603], [-0.779072, 51.892311], [-0.765543, 51.91722], [-0.759622, 51.919972], [-0.762474, 51.92519], [-0.762857, 51.9271], [-0.764842, 51.930574], [-0.769264, 51.93267], [-0.77457, 51.935441], [-0.774123, 51.935319], [-0.768784, 51.932656], [-0.7643, 51.929633], [-0.762797, 51.927198], [-0.760789, 51.926152], [-0.727824, 51.934244], [-0.719168, 51.936856], [-0.717494, 51.938421], [-0.705897, 51.947105], [-0.716764, 51.954822], [-0.717941, 51.955905], [-0.766467, 51.97472], [-0.770747, 51.975808], [-0.772753, 51.975371]]}}, {"type": "Feature", "properties": {"route": "55B", "route_name": "", "route_id": "4591332", "agency": "Red Rose Travel", "agency_id": "OP362", "geometry_source": "GTFS stop sequence"}, "geometry": {"type": "LineString", "coordinates": [[-0.812999, 51.814701], [-0.80845, 51.812785], [-0.805357, 51.810703], [-0.801259, 51.80827], [-0.79713, 51.805917], [-0.795224, 51.803928], [-0.797246, 51.802645], [-0.796192, 51.800279], [-0.795028, 51.798235], [-0.792176, 51.798053], [-0.789416, 51.799328], [-0.782824, 51.795313], [-0.781282, 51.793319], [-0.778403, 51.789341], [-0.775967, 51.785584], [-0.764662, 51.788649], [-0.761354, 51.783975], [-0.754777, 51.77539], [-0.748015, 51.771461], [-0.745265, 51.768195], [-0.743626, 51.765084], [-0.741357, 51.763333], [-0.737125, 51.764898], [-0.735111, 51.766458], [-0.73136, 51.772038], [-0.729187, 51.774091], [-0.72716, 51.776048], [-0.715812, 51.788773], [-0.6912, 51.7927], [-0.682494555977513, 51.7908086064248], [-0.676492100010066, 51.78980607542283], [-0.671462514041225, 51.7902438941252], [-0.667496816204631, 51.791970363592576], [-0.665947255500393, 51.7928879185978], [-0.660448699838178, 51.793967340522265], [-0.650364023715782, 51.79225152278709], [-0.643482701818861, 51.78382812715254], [-0.639167196024639, 51.78270825718668], [-0.640321982258173, 51.78142682351617], [-0.640950255802533, 51.778367943912805], [-0.6356091358795, 51.770420419712686], [-0.647224424925638, 51.76002543602058], [-0.653322, 51.754688], [-0.662428, 51.753443], [-0.681667, 51.756934], [-0.688665, 51.75846], [-0.642479, 51.74229], [-0.639751, 51.740541], [-0.633561, 51.736414], [-0.62547, 51.730043], [-0.623628, 51.726326], [-0.621168, 51.723905], [-0.619644, 51.721648], [-0.617599, 51.721291], [-0.615234, 51.721461], [-0.607868, 51.719954], [-0.607211, 51.716349], [-0.607952, 51.713454], [-0.609035, 51.710715], [-0.61031, 51.708761], [-0.612512, 51.70635]]}}, {"type": "Feature", "properties": {"route": "40", "route_name": "", "route_id": "60896", "agency": "Red Rose Travel", "agency_id": "OP362", "geometry_source": "GTFS stop sequence"}, "geometry": {"type": "LineString", "coordinates": [[-0.756222, 51.631456], [-0.757808, 51.632633], [-0.760111, 51.633494], [-0.764539, 51.634853], [-0.772134, 51.637172], [-0.778584, 51.639127], [-0.785106, 51.641119], [-0.788217, 51.642068], [-0.79431, 51.643911], [-0.800231, 51.644637], [-0.80337, 51.644544], [-0.822974, 51.63985], [-0.829124, 51.640091], [-0.833873, 51.641406], [-0.856934, 51.648476], [-0.864179, 51.65065], [-0.887512, 51.657015], [-0.889907, 51.655419], [-0.892091, 51.652985], [-0.893391, 51.653042], [-0.896843, 51.657328], [-0.898742, 51.65891], [-0.902628, 51.660232], [-0.908386, 51.661248], [-0.96377, 51.6714], [-0.95874, 51.67327], [-0.94974, 51.68095], [-0.93261, 51.68855], [-0.93166, 51.68927], [-0.9261, 51.691], [-0.91562, 51.69823], [-0.91383, 51.69905], [-0.91162, 51.69995], [-0.90811, 51.70146], [-0.90538, 51.70282], [-0.90798, 51.70569], [-0.91054, 51.70548], [-0.91372, 51.7049], [-0.93373, 51.71439], [-0.94087, 51.72329], [-0.95813, 51.74033], [-0.97569, 51.74588], [-0.97891, 51.74771]]}}, {"type": "Feature", "properties": {"route": "275", "route_name": "", "route_id": "4398053", "agency": "Red Rose Travel", "agency_id": "OP362", "geometry_source": "GTFS stop sequence"}, "geometry": {"type": "LineString", "coordinates": [[-0.90867, 51.69576], [-0.90539, 51.69788], [-0.9064, 51.69934], [-0.90811, 51.70146], [-0.90538, 51.70282], [-0.90798, 51.70569], [-0.91054, 51.70548], [-0.91474, 51.70392], [-0.9184, 51.70264], [-0.91882, 51.70165], [-0.91726, 51.699], [-0.91718, 51.69766], [-0.92593, 51.69096], [-0.9326, 51.68844], [-0.94924, 51.68106], [-0.95717, 51.67869], [-0.97391, 51.68992], [-1.00317, 51.70737], [-1.00809, 51.71104], [-1.05132, 51.72398], [-1.06332, 51.72774], [-1.08251, 51.73838], [-1.09003, 51.73853], [-1.09698, 51.73951], [-1.11151, 51.74125], [-1.11757, 51.74258], [-1.12525, 51.7453], [-1.12828, 51.74629], [-1.13535, 51.74826], [-1.13911, 51.75026], [-1.16296, 51.76168], [-1.18352, 51.76236], [-1.19231, 51.76244], [-1.19905, 51.76253], [-1.20325, 51.76197], [-1.20646, 51.76135], [-1.21185, 51.75987], [-1.21577, 51.75865], [-1.22235, 51.75663], [-1.2264, 51.75547], [-1.23857, 51.7509], [-1.24205, 51.75018], [-1.25138, 51.75264], [-1.25652, 51.75211]]}}, {"type": "Feature", "properties": {"route": "357", "route_name": "", "route_id": "4615899", "agency": "Red Rose Travel", "agency_id": "OP362", "geometry_source": "GTFS stop sequence"}, "geometry": {"type": "LineString", "coordinates": [[-0.345143942727679, 51.80742365758987], [-0.341098727552641, 51.80698000792833], [-0.33273611714827, 51.804433923642435], [-0.332881026645677, 51.803258041004504], [-0.336588721129259, 51.801826889656354], [-0.340267088521895, 51.801977779766844], [-0.338559606860848, 51.80423760363943], [-0.33655998094581, 51.80457799970212], [-0.34130598428299, 51.80686603731002], [-0.344963041165197, 51.807214298570926], [-0.349966459700036, 51.80962249865997], [-0.352457752376007, 51.81211220685872], [-0.355309534072461, 51.81466984507031], [-0.357315548720932, 51.816954836832736], [-0.356781877368433, 51.81886264338075], [-0.354923741864057, 51.82167808689916], [-0.355349306381364, 51.82314071670999], [-0.354506595023743, 51.82635699748088], [-0.352770688842552, 51.82779836588089], [-0.349618166598796, 51.82948060185077], [-0.347628121703606, 51.8307205082915], [-0.346694182450288, 51.830860244550706], [-0.3437189342248, 51.82730257350576], [-0.341175499707708, 51.825828031335], [-0.339185720037863, 51.827058807832856], [-0.336871165553038, 51.828042178833876], [-0.334300235145256, 51.826531130842135], [-0.333338124214629, 51.82468316161395], [-0.334597159934831, 51.82202142377502], [-0.334360892616071, 51.82173933002078], [-0.325382417231801, 51.82047884628535], [-0.32154113351386, 51.819596831466896], [-0.315369650979486, 51.81856443800019], [-0.308889228814395, 51.8176531629727], [-0.303123688159587, 51.81587064039939], [-0.294740263377378, 51.815425660903], [-0.293696352466823, 51.81233528303616], [-0.290330689163827, 51.81080273005268], [-0.288333037948023, 51.809541774526174], [-0.288609601309469, 51.80836785738492], [-0.288375676937211, 51.80726743706246], [-0.290548060359716, 51.805824362670286], [-0.29657112609252, 51.79995911593911], [-0.303121747380297, 51.78385935865323], [-0.304662387221455, 51.781435776082574], [-0.307310039279151, 51.77886626301112], [-0.310115460990153, 51.77672158063388], [-0.316048322788223, 51.772715380950345], [-0.305085391879361, 51.77130794095624], [-0.307876358434101, 51.769927419886905], [-0.314011465122682, 51.76669754242408], [-0.319824146106819, 51.76666387571753], [-0.323620451264408, 51.76511751049011], [-0.326382119976528, 51.7629358520655], [-0.329027327113435, 51.760761465788875], [-0.334151656387027, 51.75696766367801], [-0.336978584142782, 51.75377059297998], [-0.337911761008585, 51.752030362000646], [-0.332185443581347, 51.75095113582841], [-0.326885350186374, 51.750498143113774], [-0.330485628025874, 51.748723970761056], [-0.330813734695323, 51.747289916160334], [-0.327277968386501, 51.74536032346968], [-0.324012582960296, 51.743569358060874], [-0.31622706703448, 51.73947461868228], [-0.312492224579782, 51.737478775383124], [-0.308514572470383, 51.734625075209244], [-0.303811403119771, 51.732210367209305], [-0.300879499101499, 51.728912897586035], [-0.299050473795945, 51.72633269940701], [-0.30175635877896, 51.72522085744699], [-0.305476735136652, 51.72369197071008], [-0.308138649664543, 51.723361655262245], [-0.314046775955594, 51.72216970770873], [-0.315109795846274, 51.72200511502965], [-0.311728990774254, 51.72298167878092], [-0.309132770687916, 51.723492861254755], [-0.304097911222993, 51.721460038324174], [-0.302297922529317, 51.71965362155985], [-0.296807245429262, 51.719754000859176], [-0.293147240829758, 51.7208338883872], [-0.288066140830857, 51.71928527100782], [-0.285275234778339, 51.718435289162464], [-0.280553132685572, 51.71735916929387], [-0.276781378519842, 51.71642268920306], [-0.286112621682827, 51.7123688727193], [-0.293786752405434, 51.70807445790374], [-0.289321131051628, 51.70252435584843], [-0.288602731398607, 51.69778405814703], [-0.291796079265362, 51.69560049907536], [-0.291813779516704, 51.69320886166867], [-0.286485096571208, 51.694084416818825], [-0.282618002172495, 51.69380314319764], [-0.280939558713527, 51.69151258399119], [-0.277821193028833, 51.68828370215894], [-0.27656372043318, 51.68139528319126], [-0.274174767749404, 51.67612678889056], [-0.27571350959443, 51.674836537565454], [-0.277684301839948, 51.6732109017318], [-0.278218355150659, 51.672094715552205], [-0.279143358116468, 51.67020194015312], [-0.282452519663683, 51.66873970141775], [-0.282047304438063, 51.666836434658926], [-0.280581851600471, 51.66543919228009], [-0.275418575928371, 51.662800724919556], [-0.274582456773767, 51.662734490915305], [-0.271872249110508, 51.66442113469165], [-0.269481088295132, 51.665698779200945], [-0.266225951539192, 51.66574069144871], [-0.266003779433053, 51.66360627055777], [-0.268080939734223, 51.66108314860428], [-0.27018189856169, 51.6583085602515], [-0.276377080078208, 51.6554502239197], [-0.275178715574303, 51.65388597749088], [-0.271662106991492, 51.65170313018441], [-0.268698716974817, 51.65018476127883], [-0.265025890935124, 51.64832312571454], [-0.26328990964798, 51.64836040898184], [-0.261143942759464, 51.650801500931244]]}}, {"type": "Feature", "properties": {"route": "10", "route_name": "", "route_id": "37939", "agency": "Red Rose Travel", "agency_id": "OP362", "geometry_source": "GTFS stop sequence"}, "geometry": {"type": "LineString", "coordinates": [[-0.813005, 51.815007], [-0.815757, 51.815178], [-0.821674, 51.816371], [-0.824564, 51.813479], [-0.824693, 51.810727], [-0.822857, 51.808821], [-0.819584, 51.806963], [-0.818121, 51.804664], [-0.816104, 51.80361], [-0.819142, 51.802786], [-0.821923, 51.802364], [-0.822407, 51.80103], [-0.821613, 51.799232], [-0.818261, 51.798192], [-0.816158, 51.797091], [-0.814997, 51.79601]]}}, {"type": "Feature", "properties": {"route": "17", "route_name": "", "route_id": "4615864", "agency": "Red Rose Travel", "agency_id": "OP362", "geometry_source": "GTFS stop sequence"}, "geometry": {"type": "LineString", "coordinates": [[-1.13613, 51.90333], [-1.129, 51.90509], [-1.11675, 51.89805], [-0.984643, 51.858711], [-0.973853, 51.856154], [-0.960651, 51.852929], [-0.948592, 51.851642], [-0.92261, 51.845859], [-0.919381, 51.846135], [-0.916301, 51.845622], [-0.900088, 51.843763], [-0.890734, 51.842191], [-0.881086, 51.841417], [-0.866135, 51.833325], [-0.858151, 51.832807], [-0.849627, 51.830959], [-0.840259, 51.826252], [-0.837222, 51.825526], [-0.832736, 51.82452], [-0.829864, 51.823898], [-0.824398, 51.822638], [-0.821036, 51.821912], [-0.81834, 51.821247], [-0.81643, 51.82049], [-0.816305, 51.819176], [-0.818219, 51.817002], [-0.813119, 51.815098]]}}, {"type": "Feature", "properties": {"route": "7A", "route_name": "", "route_id": "7593675", "agency": "Red Rose Travel", "agency_id": "OP362", "geometry_source": "GTFS stop sequence"}, "geometry": {"type": "LineString", "coordinates": [[-0.813119, 51.815098], [-0.806818, 51.816356], [-0.800104, 51.815146], [-0.797377, 51.815154], [-0.793661, 51.815215], [-0.788426, 51.814612], [-0.783988, 51.813479], [-0.780196, 51.812639], [-0.777124, 51.811951], [-0.775521, 51.81063], [-0.77543, 51.809694], [-0.775641, 51.806738], [-0.777957, 51.805818], [-0.778961, 51.807321], [-0.781935, 51.806777], [-0.786379, 51.80604], [-0.782429, 51.808373], [-0.776641, 51.809455], [-0.775568, 51.812106], [-0.778337, 51.813231], [-0.780495, 51.81445], [-0.780791, 51.815316], [-0.783616, 51.81708], [-0.785728, 51.817282], [-0.787798, 51.817474], [-0.788699, 51.816315], [-0.793606, 51.815124], [-0.797438, 51.815056], [-0.80196, 51.81521], [-0.80829, 51.81611], [-0.815757, 51.815178], [-0.815259, 51.814256], [-0.813119, 51.815098]]}}, {"type": "Feature", "properties": {"route": "H10", "route_name": "", "route_id": "2414", "agency": "Red Rose Travel", "agency_id": "OP362", "geometry_source": "GTFS stop sequence"}, "geometry": {"type": "LineString", "coordinates": [[-0.434387741619679, 51.752347959353095], [-0.432284757822271, 51.75283246448592], [-0.432360252629805, 51.75190731009214], [-0.433891299706786, 51.751621997146366], [-0.436185871504971, 51.75104110233726], [-0.436782466774232, 51.75054549457617], [-0.437152019243247, 51.74991198724834], [-0.439516385406253, 51.749403890738016], [-0.44459519294228, 51.74915649619775], [-0.452325794386167, 51.747613037596814], [-0.456656284561287, 51.74551193918031], [-0.459983635325089, 51.74435966951948], [-0.462832853702323, 51.7444868867962], [-0.464902088549346, 51.74540412337767], [-0.467542586656066, 51.7435682799486], [-0.471304000244552, 51.74327557435817], [-0.474467958249626, 51.74695837430083], [-0.473738050666018, 51.748414565434125], [-0.472436168114831, 51.75136495369039]]}}, {"type": "Feature", "properties": {"route": "163", "route_name": "", "route_id": "84259", "agency": "Red Rose Travel", "agency_id": "OP362", "geometry_source": "GTFS stop sequence"}, "geometry": {"type": "LineString", "coordinates": [[-0.66254, 51.91771], [-0.65711, 51.91353], [-0.65464, 51.91111], [-0.65238, 51.90807], [-0.64033, 51.8973], [-0.63645, 51.89692], [-0.60669, 51.86977], [-0.59377, 51.87787], [-0.5904, 51.87666], [-0.58758, 51.87561], [-0.58359, 51.87322], [-0.584545, 51.868651], [-0.585628, 51.867001], [-0.588152, 51.864333], [-0.591474, 51.862125], [-0.580513, 51.850916], [-0.5596, 51.86072], [-0.561562, 51.836937], [-0.577863, 51.846091], [-0.602718, 51.844663], [-0.617291, 51.85326], [-0.644573, 51.877423], [-0.64278, 51.89368], [-0.64289, 51.89762], [-0.64088, 51.89749], [-0.65106, 51.905], [-0.65252, 51.90805], [-0.65832, 51.91451], [-0.66411, 51.91726]]}}, {"type": "Feature", "properties": {"route": "322", "route_name": "", "route_id": "86895", "agency": "Red Rose Travel", "agency_id": "OP362", "geometry_source": "GTFS stop sequence"}, "geometry": {"type": "LineString", "coordinates": [[-0.855675, 51.734011], [-0.876177, 51.720128], [-0.88294, 51.71709], [-0.89485, 51.71179], [-0.9004, 51.70933], [-0.90613, 51.70706], [-0.91054, 51.70548], [-0.91213, 51.70372], [-0.91119, 51.70001], [-0.91339, 51.69912], [-0.91572, 51.69805], [-0.92593, 51.69096], [-0.9326, 51.68844], [-0.94924, 51.68106], [-0.9594, 51.67285], [-0.96462, 51.67095], [-0.96848, 51.67179], [-0.99141, 51.65688], [-0.99872, 51.65057], [-1.0065, 51.64795]]}}, {"type": "Feature", "properties": {"route": "357", "route_name": "", "route_id": "4615899", "agency": "Red Rose Travel", "agency_id": "OP362", "geometry_source": "GTFS stop sequence"}, "geometry": {"type": "LineString", "coordinates": [[-0.326993680314893, 51.750310853854934], [-0.330388405980934, 51.750574934773134], [-0.333516254362532, 51.75100598086067], [-0.337225628139179, 51.75177787422906], [-0.337193813336664, 51.75382758983355], [-0.329841127164302, 51.76030545053905], [-0.326106459258169, 51.76333656463047], [-0.323109007434687, 51.765622756640084], [-0.318706626206152, 51.77021770203121], [-0.316309080762856, 51.77271911605591], [-0.310543662588032, 51.77651192852312], [-0.306880814234869, 51.77948951842538], [-0.304617238228155, 51.781866738541], [-0.303399080817577, 51.78380940962113], [-0.297047837783614, 51.7996243279592], [-0.291403267259433, 51.80622344562013], [-0.289028401225709, 51.80726794465309], [-0.288682972786731, 51.80872860238572], [-0.288395655628073, 51.80980345190375], [-0.291239000740313, 51.81095081164141], [-0.293908842490858, 51.812086592481215], [-0.294323833122461, 51.815311718450474], [-0.303648736139607, 51.81579728846853], [-0.309308745971139, 51.81768617079651], [-0.315910553316508, 51.81845529083866], [-0.321086101492913, 51.81934755535981], [-0.325818141634764, 51.82046706638979], [-0.334635033592996, 51.82217482172473], [-0.333923808909394, 51.82493424040627], [-0.334496160286299, 51.82594044324053], [-0.336065209283534, 51.82785993374587], [-0.339128074790791, 51.82665336060187], [-0.339285423065106, 51.82553160144117], [-0.341212144803426, 51.82483045304941], [-0.343601583054907, 51.82694124706473], [-0.346954951087532, 51.83087290178748], [-0.347650521033343, 51.83050501897156], [-0.349592113212573, 51.82939930975128], [-0.352642443676261, 51.827733626790724], [-0.354003302300609, 51.82662870149195], [-0.355203948971513, 51.82314767569969], [-0.354779468640513, 51.82205372589187], [-0.356711657942084, 51.818798719306805], [-0.357275760984321, 51.8172510118598], [-0.355967607667128, 51.81572210120872], [-0.351877372839505, 51.811717424234125], [-0.349022029308557, 51.809267551874285], [-0.345143942727679, 51.80742365758987], [-0.341098727552641, 51.80698000792833], [-0.33273611714827, 51.804433923642435], [-0.332881026645677, 51.803258041004504], [-0.336588721129259, 51.801826889656354], [-0.340267088521895, 51.801977779766844], [-0.338559606860848, 51.80423760363943]]}}, {"type": "Feature", "properties": {"route": "W30", "route_name": "", "route_id": "66403", "agency": "Red Rose Travel", "agency_id": "OP362", "geometry_source": "GTFS stop sequence"}, "geometry": {"type": "LineString", "coordinates": [[-0.396123128357449, 51.663216294171114], [-0.396935282654453, 51.659459724775594], [-0.397139905248728, 51.655299208655855], [-0.399827959097468, 51.65614514786872], [-0.400766811224815, 51.66027628291208], [-0.402094615502193, 51.65952104228732], [-0.406704487708372, 51.657110867399446], [-0.409597701109475, 51.65706016279299], [-0.417628087730766, 51.65769916399028], [-0.421603928663545, 51.65644882460007], [-0.424263547006808, 51.65354415373812], [-0.425635851973205, 51.64814936921708], [-0.42588400708446, 51.64724450248758], [-0.425149335198596, 51.643835670010006], [-0.427641903718688, 51.64197175548933], [-0.428064368345633, 51.64396464741459], [-0.425923958311229, 51.64442154506874]]}}, {"type": "Feature", "properties": {"route": "357", "route_name": "", "route_id": "4615899", "agency": "Red Rose Travel", "agency_id": "OP362", "geometry_source": "GTFS stop sequence"}, "geometry": {"type": "LineString", "coordinates": [[-0.345143942727679, 51.80742365758987], [-0.341098727552641, 51.80698000792833], [-0.33273611714827, 51.804433923642435], [-0.332881026645677, 51.803258041004504], [-0.336588721129259, 51.801826889656354], [-0.340267088521895, 51.801977779766844], [-0.338559606860848, 51.80423760363943], [-0.33655998094581, 51.80457799970212], [-0.34130598428299, 51.80686603731002], [-0.344963041165197, 51.807214298570926], [-0.349966459700036, 51.80962249865997], [-0.352457752376007, 51.81211220685872], [-0.355309534072461, 51.81466984507031], [-0.357315548720932, 51.816954836832736], [-0.356781877368433, 51.81886264338075], [-0.354923741864057, 51.82167808689916], [-0.355349306381364, 51.82314071670999], [-0.354506595023743, 51.82635699748088], [-0.352770688842552, 51.82779836588089], [-0.349618166598796, 51.82948060185077], [-0.347628121703606, 51.8307205082915], [-0.346694182450288, 51.830860244550706], [-0.3437189342248, 51.82730257350576], [-0.341175499707708, 51.825828031335], [-0.339185720037863, 51.827058807832856], [-0.336871165553038, 51.828042178833876], [-0.334300235145256, 51.826531130842135], [-0.333338124214629, 51.82468316161395], [-0.334597159934831, 51.82202142377502], [-0.334360892616071, 51.82173933002078], [-0.325382417231801, 51.82047884628535], [-0.32154113351386, 51.819596831466896], [-0.315369650979486, 51.81856443800019], [-0.308889228814395, 51.8176531629727], [-0.303123688159587, 51.81587064039939], [-0.294740263377378, 51.815425660903], [-0.293696352466823, 51.81233528303616], [-0.290330689163827, 51.81080273005268], [-0.288333037948023, 51.809541774526174], [-0.288609601309469, 51.80836785738492], [-0.288375676937211, 51.80726743706246], [-0.290548060359716, 51.805824362670286], [-0.29657112609252, 51.79995911593911], [-0.303121747380297, 51.78385935865323], [-0.304662387221455, 51.781435776082574], [-0.307310039279151, 51.77886626301112], [-0.310115460990153, 51.77672158063388], [-0.316048322788223, 51.772715380950345], [-0.318873188472289, 51.76963560745501], [-0.323620451264408, 51.76511751049011], [-0.326382119976528, 51.7629358520655], [-0.329027327113435, 51.760761465788875], [-0.334151656387027, 51.75696766367801], [-0.336978584142782, 51.75377059297998], [-0.337911761008585, 51.752030362000646], [-0.332185443581347, 51.75095113582841], [-0.326885350186374, 51.750498143113774]]}}, {"type": "Feature", "properties": {"route": "357", "route_name": "", "route_id": "4615899", "agency": "Red Rose Travel", "agency_id": "OP362", "geometry_source": "GTFS stop sequence"}, "geometry": {"type": "LineString", "coordinates": [[-0.345143942727679, 51.80742365758987], [-0.341098727552641, 51.80698000792833], [-0.33273611714827, 51.804433923642435], [-0.332881026645677, 51.803258041004504], [-0.336588721129259, 51.801826889656354], [-0.340267088521895, 51.801977779766844], [-0.338559606860848, 51.80423760363943], [-0.33655998094581, 51.80457799970212], [-0.34130598428299, 51.80686603731002], [-0.344963041165197, 51.807214298570926], [-0.349966459700036, 51.80962249865997], [-0.352457752376007, 51.81211220685872], [-0.355309534072461, 51.81466984507031], [-0.357315548720932, 51.816954836832736], [-0.356781877368433, 51.81886264338075], [-0.354923741864057, 51.82167808689916], [-0.355349306381364, 51.82314071670999], [-0.354506595023743, 51.82635699748088], [-0.352770688842552, 51.82779836588089], [-0.349618166598796, 51.82948060185077], [-0.347628121703606, 51.8307205082915], [-0.346694182450288, 51.830860244550706], [-0.3437189342248, 51.82730257350576], [-0.341175499707708, 51.825828031335], [-0.339185720037863, 51.827058807832856], [-0.336871165553038, 51.828042178833876], [-0.334300235145256, 51.826531130842135], [-0.333338124214629, 51.82468316161395], [-0.334597159934831, 51.82202142377502], [-0.334360892616071, 51.82173933002078], [-0.325382417231801, 51.82047884628535], [-0.32154113351386, 51.819596831466896], [-0.315369650979486, 51.81856443800019], [-0.308889228814395, 51.8176531629727], [-0.303123688159587, 51.81587064039939], [-0.294740263377378, 51.815425660903], [-0.293696352466823, 51.81233528303616], [-0.290330689163827, 51.81080273005268], [-0.288333037948023, 51.809541774526174], [-0.288609601309469, 51.80836785738492], [-0.288375676937211, 51.80726743706246], [-0.290548060359716, 51.805824362670286], [-0.29657112609252, 51.79995911593911], [-0.303121747380297, 51.78385935865323], [-0.304662387221455, 51.781435776082574], [-0.307310039279151, 51.77886626301112], [-0.310115460990153, 51.77672158063388], [-0.316048322788223, 51.772715380950345], [-0.318873188472289, 51.76963560745501], [-0.323620451264408, 51.76511751049011], [-0.326382119976528, 51.7629358520655], [-0.329027327113435, 51.760761465788875], [-0.334151656387027, 51.75696766367801], [-0.336978584142782, 51.75377059297998], [-0.337911761008585, 51.752030362000646], [-0.332185443581347, 51.75095113582841], [-0.326885350186374, 51.750498143113774], [-0.330485628025874, 51.748723970761056], [-0.330813734695323, 51.747289916160334], [-0.327277968386501, 51.74536032346968], [-0.324012582960296, 51.743569358060874], [-0.31622706703448, 51.73947461868228], [-0.312492224579782, 51.737478775383124], [-0.308514572470383, 51.734625075209244], [-0.303811403119771, 51.732210367209305], [-0.300879499101499, 51.728912897586035], [-0.299050473795945, 51.72633269940701], [-0.30175635877896, 51.72522085744699], [-0.305476735136652, 51.72369197071008], [-0.308138649664543, 51.723361655262245], [-0.314046775955594, 51.72216970770873], [-0.315109795846274, 51.72200511502965], [-0.311728990774254, 51.72298167878092], [-0.309132770687916, 51.723492861254755], [-0.304097911222993, 51.721460038324174], [-0.302297922529317, 51.71965362155985], [-0.296807245429262, 51.719754000859176], [-0.293147240829758, 51.7208338883872], [-0.288066140830857, 51.71928527100782], [-0.285275234778339, 51.718435289162464], [-0.280553132685572, 51.71735916929387], [-0.276781378519842, 51.71642268920306], [-0.286112621682827, 51.7123688727193], [-0.293786752405434, 51.70807445790374], [-0.289321131051628, 51.70252435584843], [-0.288602731398607, 51.69778405814703], [-0.291796079265362, 51.69560049907536], [-0.291813779516704, 51.69320886166867], [-0.286485096571208, 51.694084416818825], [-0.282618002172495, 51.69380314319764], [-0.280939558713527, 51.69151258399119], [-0.277821193028833, 51.68828370215894], [-0.27656372043318, 51.68139528319126], [-0.274174767749404, 51.67612678889056], [-0.27571350959443, 51.674836537565454], [-0.277684301839948, 51.6732109017318], [-0.278218355150659, 51.672094715552205], [-0.279143358116468, 51.67020194015312], [-0.282452519663683, 51.66873970141775], [-0.282047304438063, 51.666836434658926], [-0.280581851600471, 51.66543919228009], [-0.275418575928371, 51.662800724919556], [-0.274582456773767, 51.662734490915305], [-0.271872249110508, 51.66442113469165], [-0.269481088295132, 51.665698779200945], [-0.266225951539192, 51.66574069144871], [-0.266003779433053, 51.66360627055777], [-0.268080939734223, 51.66108314860428], [-0.27018189856169, 51.6583085602515], [-0.276377080078208, 51.6554502239197], [-0.278500621451537, 51.654348361181945], [-0.279393924260963, 51.653282394373285]]}}, {"type": "Feature", "properties": {"route": "336", "route_name": "", "route_id": "4615897", "agency": "Red Rose Travel", "agency_id": "OP362", "geometry_source": "GTFS stop sequence"}, "geometry": {"type": "LineString", "coordinates": [[-0.396123128357449, 51.663216294171114], [-0.396935282654453, 51.659459724775594], [-0.395469973266324, 51.6571467474655], [-0.394544047519718, 51.654301603079396], [-0.3959732895665, 51.65517537608306], [-0.399702974498907, 51.65599957240615], [-0.400766811224815, 51.66027628291208], [-0.402094615502193, 51.65952104228732], [-0.406704487708372, 51.657110867399446], [-0.411890912100252, 51.65514891982415], [-0.416572153318875, 51.65356659104595], [-0.421307999820113, 51.6533156284413], [-0.430417646734305, 51.65115376409025], [-0.435945643389084, 51.64971686117029], [-0.439862605930871, 51.64761987567687], [-0.443386926095809, 51.646848372303836], [-0.449315822114933, 51.64634233198195], [-0.451880937033229, 51.64614238397218], [-0.463300836940107, 51.64353183804892], [-0.471208617369325, 51.64046088422024], [-0.475174266064705, 51.644594800960746], [-0.476181844741367, 51.64687385533994], [-0.482124092504838, 51.65115005394943], [-0.48480273608823, 51.652317629745426], [-0.489717154529997, 51.65407141676655], [-0.494007600468301, 51.65503469778807], [-0.498529634358431, 51.656432394592755], [-0.502287746165437, 51.65820682913293], [-0.509869722574245, 51.660218548670706], [-0.513096091581245, 51.66412595895081], [-0.521061832523502, 51.667274783044505]]}}, {"type": "Feature", "properties": {"route": "357", "route_name": "", "route_id": "4615899", "agency": "Red Rose Travel", "agency_id": "OP362", "geometry_source": "GTFS stop sequence"}, "geometry": {"type": "LineString", "coordinates": [[-0.394648313249613, 51.797688392609174], [-0.396132006487332, 51.79960591606903], [-0.392358986929382, 51.80211706175368], [-0.389574140815733, 51.8025285455694], [-0.376605463599909, 51.802997626769844], [-0.365547778847698, 51.800749340973695], [-0.360481851083786, 51.801667917977724], [-0.357042950975462, 51.803706029875585], [-0.352451979388754, 51.804711825078535], [-0.347931034321821, 51.80617701103582], [-0.344963041165197, 51.807214298570926], [-0.349966459700036, 51.80962249865997], [-0.352457752376007, 51.81211220685872], [-0.353366910695329, 51.815029309233985], [-0.349233291754981, 51.81738117248806], [-0.344971019567838, 51.81927249682409], [-0.340964527921851, 51.820510871168416], [-0.340971955606681, 51.823073654190964], [-0.341175499707708, 51.825828031335], [-0.339185720037863, 51.827058807832856], [-0.336871165553038, 51.828042178833876], [-0.334300235145256, 51.826531130842135], [-0.333338124214629, 51.82468316161395], [-0.334597159934831, 51.82202142377502], [-0.334360892616071, 51.82173933002078], [-0.325382417231801, 51.82047884628535], [-0.32154113351386, 51.819596831466896], [-0.315369650979486, 51.81856443800019], [-0.308889228814395, 51.8176531629727], [-0.303123688159587, 51.81587064039939], [-0.293696352466823, 51.81233528303616], [-0.290330689163827, 51.81080273005268], [-0.288333037948023, 51.809541774526174], [-0.288609601309469, 51.80836785738492], [-0.288375676937211, 51.80726743706246], [-0.290548060359716, 51.805824362670286], [-0.29657112609252, 51.79995911593911], [-0.303121747380297, 51.78385935865323], [-0.304662387221455, 51.781435776082574], [-0.307310039279151, 51.77886626301112], [-0.310115460990153, 51.77672158063388], [-0.316048322788223, 51.772715380950345], [-0.318873188472289, 51.76963560745501], [-0.323620451264408, 51.76511751049011], [-0.326382119976528, 51.7629358520655], [-0.329027327113435, 51.760761465788875], [-0.334151656387027, 51.75696766367801], [-0.336842975879528, 51.75391254540744], [-0.337911761008585, 51.752030362000646], [-0.332185443581347, 51.75095113582841], [-0.326885350186374, 51.750498143113774]]}}, {"type": "Feature", "properties": {"route": "501", "route_name": "", "route_id": "5456", "agency": "Red Rose Travel", "agency_id": "OP362", "geometry_source": "GTFS stop sequence"}, "geometry": {"type": "LineString", "coordinates": [[-0.660600046956886, 51.79375326646536], [-0.664490818667193, 51.79310516752497], [-0.668579305315097, 51.79115539968207], [-0.671466211092907, 51.79011805375388], [-0.676102855845866, 51.78972976100297], [-0.682729352716286, 51.790712329654646], [-0.6922, 51.7927], [-0.705349, 51.79569], [-0.707391, 51.79627], [-0.714139, 51.797648], [-0.720609, 51.799094], [-0.725019, 51.800077], [-0.731347, 51.801458], [-0.742199, 51.803931], [-0.749751, 51.805648], [-0.755618, 51.806969], [-0.7616, 51.808354], [-0.768521, 51.809874], [-0.77635, 51.811628], [-0.780012, 51.812466], [-0.785982, 51.813787], [-0.788516, 51.814497], [-0.793606, 51.815124], [-0.797438, 51.815056], [-0.80196, 51.81521], [-0.80829, 51.81611], [-0.815259, 51.814256], [-0.8131, 51.814702]]}}, {"type": "Feature", "properties": {"route": "336", "route_name": "", "route_id": "4615897", "agency": "Red Rose Travel", "agency_id": "OP362", "geometry_source": "GTFS stop sequence"}, "geometry": {"type": "LineString", "coordinates": [[-0.518326248277171, 51.6544987767733], [-0.517024706114476, 51.655399524794554], [-0.509607522342105, 51.6602781651584], [-0.502396838644544, 51.658406042573965], [-0.500283772489998, 51.65497113858433], [-0.499695896796106, 51.65701379022154], [-0.492735978583609, 51.655018384857364], [-0.489338767310579, 51.65414747769787], [-0.483732232530568, 51.651908167669234], [-0.478857115731583, 51.65028951567655], [-0.476500237661821, 51.6485864594314], [-0.474851941503681, 51.64429388024173], [-0.471208617369325, 51.64046088422024], [-0.466439065642248, 51.64218809768765], [-0.463318487372057, 51.64386477236277], [-0.451675309065667, 51.646238584900956], [-0.449544217781674, 51.64642627559828], [-0.441690428575675, 51.64700571253513], [-0.434890827205464, 51.65012543209239], [-0.428385359557114, 51.65181896882815], [-0.424326758826942, 51.649219845352825], [-0.421772201740185, 51.6516043936467], [-0.41635611251583, 51.651054905520134], [-0.412520990835729, 51.65076933328571], [-0.408701999848253, 51.64961162746485], [-0.398522741184934, 51.652980145833325], [-0.39775370677081, 51.654291484923846], [-0.399702974498907, 51.65599957240615], [-0.395469973266324, 51.6571467474655], [-0.384967725855991, 51.668710418204036], [-0.386245979917765, 51.66977106248333], [-0.388433755669455, 51.671284784057924], [-0.385381629428219, 51.67333800741543], [-0.383353446701594, 51.67140380114985], [-0.37323495904564, 51.666426378959855], [-0.372092140493551, 51.66401866122846]]}}, {"type": "Feature", "properties": {"route": "336", "route_name": "", "route_id": "4615897", "agency": "Red Rose Travel", "agency_id": "OP362", "geometry_source": "GTFS stop sequence"}, "geometry": {"type": "LineString", "coordinates": [[-0.372092140493551, 51.66401866122846], [-0.374426722475664, 51.6630259042958], [-0.378356407208604, 51.66392548086241], [-0.38225447751627, 51.67058837970823], [-0.383970323557546, 51.672356452382104], [-0.385657558933743, 51.67330583207952], [-0.38823011384599, 51.671317957841346], [-0.387856971147407, 51.67042262701735], [-0.385085098067964, 51.6694763540786], [-0.384781104390727, 51.66867188381392], [-0.394544047519718, 51.654301603079396], [-0.3959732895665, 51.65517537608306], [-0.400931690490032, 51.65148432620514], [-0.40759868007841, 51.648922269583615], [-0.411037840506603, 51.65060540259096], [-0.41548039766817, 51.650881236814094], [-0.419557423294871, 51.65127787212635], [-0.42405291233756, 51.65169796575539], [-0.424326758826942, 51.649219845352825], [-0.430417646734305, 51.65115376409025], [-0.435945643389084, 51.64971686117029], [-0.439862605930871, 51.64761987567687], [-0.443386926095809, 51.646848372303836], [-0.449315822114933, 51.64634233198195], [-0.451880937033229, 51.64614238397218], [-0.463300836940107, 51.64353183804892], [-0.471208617369325, 51.64046088422024], [-0.475174266064705, 51.644594800960746], [-0.476181844741367, 51.64687385533994], [-0.482124092504838, 51.65115005394943], [-0.48480273608823, 51.652317629745426], [-0.489717154529997, 51.65407141676655], [-0.494007600468301, 51.65503469778807], [-0.498529634358431, 51.656432394592755], [-0.502287746165437, 51.65820682913293], [-0.509869722574245, 51.660218548670706], [-0.513096091581245, 51.66412595895081], [-0.521061832523502, 51.667274783044505]]}}, {"type": "Feature", "properties": {"route": "387", "route_name": "", "route_id": "78084", "agency": "Red Rose Travel", "agency_id": "OP362", "geometry_source": "GTFS stop sequence"}, "geometry": {"type": "LineString", "coordinates": [[-0.658155111943033, 51.806754189252835], [-0.657355276935905, 51.803894732294204], [-0.658474170202263, 51.80284649569627], [-0.661038499033118, 51.799512871657974], [-0.664400002596222, 51.798633957326054], [-0.667557477258458, 51.7987686834312], [-0.668855732513268, 51.798019102782504], [-0.67272063352676, 51.798260603315825], [-0.673155909398214, 51.794300232479806], [-0.671057816366772, 51.79266704764851], [-0.667496816204631, 51.791970363592576], [-0.665947255500393, 51.7928879185978], [-0.660448699838178, 51.793967340522265], [-0.655718162274382, 51.79700646276953], [-0.650736217323667, 51.7992152857226], [-0.647260961343459, 51.79806939447658], [-0.635073801156241, 51.79921436702821], [-0.623454450285792, 51.800742374054764], [-0.601755774590637, 51.80269831148977]]}}, {"type": "Feature", "properties": {"route": "16", "route_name": "", "route_id": "66005", "agency": "Red Rose Travel", "agency_id": "OP362", "geometry_source": "GTFS stop sequence"}, "geometry": {"type": "LineString", "coordinates": [[-1.03596, 51.931361], [-1.040894, 51.929863], [-1.055522, 51.924443], [-1.059442, 51.904559], [-1.012445, 51.916627], [-1.010787, 51.910697], [-1.014699, 51.897351], [-1.015528, 51.893986], [-1.016215, 51.891177], [-1.015246, 51.882304], [-1.011955, 51.881314], [-1.007961, 51.879932], [-1.005244, 51.878641], [-1.003608, 51.877063], [-1.000054, 51.874893], [-0.997662, 51.86553], [-0.984643, 51.858711], [-0.973853, 51.856154], [-0.960651, 51.852929], [-0.948592, 51.851642], [-0.92261, 51.845859], [-0.919381, 51.846135], [-0.916301, 51.845622], [-0.900088, 51.843763], [-0.890734, 51.842191], [-0.881086, 51.841417], [-0.866135, 51.833325], [-0.858151, 51.832807], [-0.849627, 51.830959], [-0.840259, 51.826252], [-0.837222, 51.825526], [-0.832736, 51.82452], [-0.829864, 51.823898], [-0.824398, 51.822638], [-0.821036, 51.821912], [-0.81834, 51.821247], [-0.81643, 51.82049], [-0.816305, 51.819176], [-0.818219, 51.817002], [-0.813005, 51.815007]]}}, {"type": "Feature", "properties": {"route": "55A", "route_name": "", "route_id": "4591307", "agency": "Red Rose Travel", "agency_id": "OP362", "geometry_source": "GTFS stop sequence"}, "geometry": {"type": "LineString", "coordinates": [[-0.612512, 51.70635], [-0.610453, 51.708825], [-0.609352, 51.710737], [-0.608086, 51.713806], [-0.60734, 51.716405], [-0.608083, 51.720028], [-0.628321, 51.746369], [-0.650536, 51.754827], [-0.64698407271192, 51.7603104026025], [-0.635684556674485, 51.77032238691849], [-0.641114511705093, 51.77820799319741], [-0.640720546157635, 51.78118865812231], [-0.639476393008664, 51.78254998621362], [-0.640813241154087, 51.78341065970292], [-0.643655531398882, 51.783866087419334], [-0.651920134865739, 51.793069624860294], [-0.660600046956886, 51.79375326646536], [-0.664490818667193, 51.79310516752497], [-0.668579305315097, 51.79115539968207], [-0.671466211092907, 51.79011805375388], [-0.676102855845866, 51.78972976100297], [-0.682729352716286, 51.790712329654646], [-0.6922, 51.7927], [-0.715713, 51.7887], [-0.72716, 51.776048], [-0.729043, 51.774054], [-0.731293, 51.771866], [-0.734879, 51.766465], [-0.736954, 51.764797], [-0.74197, 51.763691], [-0.744337, 51.766108], [-0.745135, 51.767645], [-0.750503, 51.772683], [-0.754716, 51.774419], [-0.754952, 51.77532], [-0.761222, 51.783506], [-0.765576, 51.788641], [-0.774772, 51.785824], [-0.77746, 51.786122], [-0.779804, 51.791163], [-0.782472, 51.794365], [-0.785341, 51.797137], [-0.789214, 51.799281], [-0.79243, 51.797794], [-0.795146, 51.798182], [-0.79638, 51.800308], [-0.797313, 51.802844], [-0.797877, 51.806185], [-0.802239, 51.808505], [-0.804619, 51.810111], [-0.805982, 51.810125], [-0.806915, 51.810485], [-0.808104, 51.81217], [-0.815757, 51.815178], [-0.815259, 51.814256], [-0.812999, 51.814701]]}}, {"type": "Feature", "properties": {"route": "165", "route_name": "", "route_id": "4279907", "agency": "Red Rose Travel", "agency_id": "OP362", "geometry_source": "GTFS stop sequence"}, "geometry": {"type": "LineString", "coordinates": [[-0.66431, 51.91586], [-0.67004, 51.91627], [-0.67267, 51.91695], [-0.67508, 51.91765], [-0.678, 51.91775], [-0.67911, 51.91598], [-0.68157, 51.9149], [-0.68096, 51.91357], [-0.68069, 51.91111], [-0.696686, 51.903952], [-0.70669, 51.898767], [-0.710081, 51.898112], [-0.717314, 51.897768], [-0.75518, 51.892982], [-0.778893, 51.892453], [-0.772574, 51.879574], [-0.769353, 51.8725], [-0.764886, 51.871203], [-0.756623, 51.868843], [-0.746723, 51.867226], [-0.741693, 51.86478], [-0.738543, 51.8632], [-0.742292, 51.865192], [-0.747188, 51.867222], [-0.756006, 51.868825], [-0.766743, 51.854256], [-0.773593, 51.843169], [-0.774393, 51.835624], [-0.778304, 51.834316], [-0.783097, 51.833098], [-0.789103, 51.829411], [-0.792976, 51.827292], [-0.798044, 51.82444], [-0.802143, 51.822504], [-0.805471, 51.820676], [-0.809986, 51.818933], [-0.812238, 51.818812], [-0.816305, 51.819176], [-0.818219, 51.817002], [-0.812807, 51.814825]]}}, {"type": "Feature", "properties": {"route": "W30", "route_name": "", "route_id": "66403", "agency": "Red Rose Travel", "agency_id": "OP362", "geometry_source": "GTFS stop sequence"}, "geometry": {"type": "LineString", "coordinates": [[-0.396123128357449, 51.663216294171114], [-0.396935282654453, 51.659459724775594], [-0.397139905248728, 51.655299208655855], [-0.399827959097468, 51.65614514786872], [-0.400766811224815, 51.66027628291208], [-0.402094615502193, 51.65952104228732], [-0.406704487708372, 51.657110867399446], [-0.421603928663545, 51.65644882460007], [-0.416572153318875, 51.65356659104595], [-0.421307999820113, 51.6533156284413], [-0.425635851973205, 51.64814936921708], [-0.427629646007157, 51.64733982473207], [-0.429823127397847, 51.64576859582048], [-0.431317757177168, 51.64434085705329]]}}, {"type": "Feature", "properties": {"route": "55", "route_name": "", "route_id": "4591326", "agency": "Red Rose Travel", "agency_id": "OP362", "geometry_source": "GTFS stop sequence"}, "geometry": {"type": "LineString", "coordinates": [[-0.812999, 51.814701], [-0.80845, 51.812785], [-0.805357, 51.810703], [-0.801259, 51.80827], [-0.79713, 51.805917], [-0.795224, 51.803928], [-0.797246, 51.802645], [-0.782824, 51.795313], [-0.781282, 51.793319], [-0.778403, 51.789341], [-0.775967, 51.785584], [-0.764662, 51.788649], [-0.761354, 51.783975], [-0.754777, 51.77539], [-0.748015, 51.771461], [-0.745265, 51.768195], [-0.743626, 51.765084], [-0.741357, 51.763333], [-0.737125, 51.764898], [-0.735111, 51.766458], [-0.73136, 51.772038], [-0.729187, 51.774091], [-0.72716, 51.776048], [-0.729043, 51.774054], [-0.731293, 51.771866], [-0.734879, 51.766465], [-0.736954, 51.764797], [-0.734243, 51.74513], [-0.727862, 51.732014], [-0.711893, 51.708452], [-0.707028, 51.704461], [-0.668062, 51.702263], [-0.620286, 51.701496], [-0.615475, 51.704092], [-0.612512, 51.70635]]}}, {"type": "Feature", "properties": {"route": "357", "route_name": "", "route_id": "4615899", "agency": "Red Rose Travel", "agency_id": "OP362", "geometry_source": "GTFS stop sequence"}, "geometry": {"type": "LineString", "coordinates": [[-0.345143942727679, 51.80742365758987], [-0.341098727552641, 51.80698000792833], [-0.33273611714827, 51.804433923642435], [-0.332881026645677, 51.803258041004504], [-0.336588721129259, 51.801826889656354], [-0.340267088521895, 51.801977779766844], [-0.338559606860848, 51.80423760363943], [-0.33655998094581, 51.80457799970212], [-0.34130598428299, 51.80686603731002], [-0.344963041165197, 51.807214298570926], [-0.349966459700036, 51.80962249865997], [-0.352457752376007, 51.81211220685872], [-0.355309534072461, 51.81466984507031], [-0.357315548720932, 51.816954836832736], [-0.356781877368433, 51.81886264338075], [-0.354923741864057, 51.82167808689916], [-0.355349306381364, 51.82314071670999], [-0.354506595023743, 51.82635699748088], [-0.352770688842552, 51.82779836588089], [-0.349618166598796, 51.82948060185077], [-0.347628121703606, 51.8307205082915], [-0.346694182450288, 51.830860244550706], [-0.3437189342248, 51.82730257350576], [-0.341175499707708, 51.825828031335], [-0.339185720037863, 51.827058807832856], [-0.336871165553038, 51.828042178833876], [-0.334300235145256, 51.826531130842135], [-0.333338124214629, 51.82468316161395], [-0.334597159934831, 51.82202142377502], [-0.334360892616071, 51.82173933002078], [-0.325382417231801, 51.82047884628535], [-0.32154113351386, 51.819596831466896], [-0.315369650979486, 51.81856443800019], [-0.308889228814395, 51.8176531629727], [-0.303123688159587, 51.81587064039939], [-0.294740263377378, 51.815425660903], [-0.293696352466823, 51.81233528303616], [-0.290330689163827, 51.81080273005268], [-0.288333037948023, 51.809541774526174], [-0.288609601309469, 51.80836785738492], [-0.288375676937211, 51.80726743706246], [-0.290548060359716, 51.805824362670286], [-0.29657112609252, 51.79995911593911], [-0.303121747380297, 51.78385935865323], [-0.304662387221455, 51.781435776082574], [-0.307310039279151, 51.77886626301112], [-0.310115460990153, 51.77672158063388], [-0.316048322788223, 51.772715380950345], [-0.318873188472289, 51.76963560745501], [-0.323620451264408, 51.76511751049011], [-0.326382119976528, 51.7629358520655], [-0.329027327113435, 51.760761465788875], [-0.334151656387027, 51.75696766367801], [-0.336978584142782, 51.75377059297998], [-0.337911761008585, 51.752030362000646], [-0.332185443581347, 51.75095113582841], [-0.326885350186374, 51.750498143113774], [-0.330485628025874, 51.748723970761056], [-0.330813734695323, 51.747289916160334], [-0.327277968386501, 51.74536032346968], [-0.324012582960296, 51.743569358060874], [-0.31622706703448, 51.73947461868228], [-0.312492224579782, 51.737478775383124], [-0.308514572470383, 51.734625075209244], [-0.303811403119771, 51.732210367209305], [-0.300879499101499, 51.728912897586035], [-0.299050473795945, 51.72633269940701], [-0.30175635877896, 51.72522085744699], [-0.305476735136652, 51.72369197071008], [-0.308138649664543, 51.723361655262245], [-0.314046775955594, 51.72216970770873], [-0.315109795846274, 51.72200511502965], [-0.311728990774254, 51.72298167878092], [-0.309132770687916, 51.723492861254755], [-0.304097911222993, 51.721460038324174], [-0.302297922529317, 51.71965362155985], [-0.296807245429262, 51.719754000859176], [-0.293147240829758, 51.7208338883872], [-0.288066140830857, 51.71928527100782], [-0.285275234778339, 51.718435289162464], [-0.280553132685572, 51.71735916929387], [-0.276781378519842, 51.71642268920306], [-0.286112621682827, 51.7123688727193], [-0.293786752405434, 51.70807445790374], [-0.289321131051628, 51.70252435584843], [-0.288602731398607, 51.69778405814703], [-0.291796079265362, 51.69560049907536], [-0.291813779516704, 51.69320886166867], [-0.286485096571208, 51.694084416818825], [-0.282618002172495, 51.69380314319764], [-0.280939558713527, 51.69151258399119], [-0.277821193028833, 51.68828370215894], [-0.27656372043318, 51.68139528319126], [-0.274174767749404, 51.67612678889056], [-0.27571350959443, 51.674836537565454], [-0.277684301839948, 51.6732109017318], [-0.278218355150659, 51.672094715552205], [-0.279143358116468, 51.67020194015312], [-0.282452519663683, 51.66873970141775], [-0.282047304438063, 51.666836434658926], [-0.280581851600471, 51.66543919228009], [-0.275418575928371, 51.662800724919556], [-0.274582456773767, 51.662734490915305], [-0.271872249110508, 51.66442113469165], [-0.269481088295132, 51.665698779200945], [-0.266225951539192, 51.66574069144871], [-0.266003779433053, 51.66360627055777], [-0.268080939734223, 51.66108314860428], [-0.27018189856169, 51.6583085602515], [-0.276377080078208, 51.6554502239197], [-0.275178715574303, 51.65388597749088], [-0.271662106991492, 51.65170313018441], [-0.268698716974817, 51.65018476127883], [-0.265025890935124, 51.64832312571454], [-0.26328990964798, 51.64836040898184], [-0.261143942759464, 51.650801500931244]]}}, {"type": "Feature", "properties": {"route": "357", "route_name": "", "route_id": "4615899", "agency": "Red Rose Travel", "agency_id": "OP362", "geometry_source": "GTFS stop sequence"}, "geometry": {"type": "LineString", "coordinates": [[-0.261143942759464, 51.650801500931244], [-0.261625178610136, 51.651069399190405], [-0.265419571441016, 51.65012737722976], [-0.269185126357072, 51.65031782205155], [-0.27141128097039, 51.651456649714575], [-0.276037558092205, 51.65449207136822], [-0.275309470970753, 51.65615392195049], [-0.270439018836593, 51.6572512724038], [-0.270807340920542, 51.658209865344375], [-0.26826811187393, 51.66110389307475], [-0.266175823414867, 51.66364477925275], [-0.266598617390854, 51.665827121767116], [-0.26767674956914, 51.66637356639752], [-0.269766291122302, 51.66542422463926], [-0.272232422299148, 51.6640757401555], [-0.274601004618934, 51.66262685762897], [-0.276029743048796, 51.66307946252188], [-0.280669924789872, 51.665404513115384], [-0.282204922238481, 51.66687470867598], [-0.282080992325441, 51.66900403157465], [-0.279022279957939, 51.6703440401855], [-0.278595722521631, 51.671677616840974], [-0.277642778835373, 51.67354300165761], [-0.274989507366586, 51.675239544522405], [-0.274543093737148, 51.67633002721421], [-0.276823138290202, 51.68103940442718], [-0.27859006344971, 51.68860969588623], [-0.280994175530121, 51.69121664389135], [-0.28342918388367, 51.693779031092504], [-0.285983707475276, 51.693951212923736], [-0.290442935253685, 51.693494650893456], [-0.292376240273664, 51.69556397340553], [-0.288331538538, 51.69921884047436], [-0.289939924213119, 51.703000952622396], [-0.294406681521082, 51.70852407036349], [-0.285566466795025, 51.71264865058221], [-0.276748785502439, 51.71575679787626], [-0.280560291149109, 51.717170440670316], [-0.286131849919328, 51.71683820874753], [-0.285522566947694, 51.71840293019344], [-0.287209870788809, 51.71895807010069], [-0.293284236985499, 51.72065603744047], [-0.296679046406913, 51.71969819021649], [-0.300954681087974, 51.71802463034973], [-0.30481672646886, 51.72198295679019], [-0.308138649664543, 51.723361655262245], [-0.314046775955594, 51.72216970770873], [-0.315109795846274, 51.72200511502965], [-0.311728990774254, 51.72298167878092], [-0.309132770687916, 51.723492861254755], [-0.305957966796111, 51.72359999731078], [-0.300738297575748, 51.72572767723878], [-0.299000615889283, 51.72688948369951], [-0.30105620092188, 51.72883452425537], [-0.30491644931925, 51.73247808906718], [-0.308997642109689, 51.73487481176976], [-0.313169549907704, 51.73756942764628], [-0.317883914074934, 51.7401008093282], [-0.323619527221512, 51.743231048729434], [-0.328603184222865, 51.74595466393328], [-0.331054379063528, 51.748228498390844], [-0.329806453321939, 51.749856300921145], [-0.326993680314893, 51.750310853854934], [-0.330388405980934, 51.750574934773134], [-0.333516254362532, 51.75100598086067], [-0.337225628139179, 51.75177787422906], [-0.337193813336664, 51.75382758983355]]}}, {"type": "Feature", "properties": {"route": "108", "route_name": "", "route_id": "4279888", "agency": "Red Rose Travel", "agency_id": "OP362", "geometry_source": "GTFS stop sequence"}, "geometry": {"type": "LineString", "coordinates": [[-1.1509, 51.76567], [-1.15443, 51.76733], [-1.16234, 51.77528], [-1.16308, 51.77838], [-1.16865, 51.78138], [-1.16934, 51.79036], [-1.17848, 51.78464], [-1.18981, 51.77269], [-1.19461, 51.76396], [-1.19905, 51.76253], [-1.20325, 51.76197], [-1.20646, 51.76135], [-1.21185, 51.75987], [-1.21577, 51.75865], [-1.22235, 51.75663], [-1.2264, 51.75547], [-1.23857, 51.7509], [-1.24205, 51.75018], [-1.25138, 51.75264], [-1.25652, 51.75211]]}}, {"type": "Feature", "properties": {"route": "357", "route_name": "", "route_id": "4615899", "agency": "Red Rose Travel", "agency_id": "OP362", "geometry_source": "GTFS stop sequence"}, "geometry": {"type": "LineString", "coordinates": [[-0.279709742502214, 51.65334097424334], [-0.278536816221045, 51.65453772705026], [-0.275309470970753, 51.65615392195049], [-0.270439018836593, 51.6572512724038], [-0.270807340920542, 51.658209865344375], [-0.26826811187393, 51.66110389307475], [-0.266175823414867, 51.66364477925275], [-0.266598617390854, 51.665827121767116], [-0.26767674956914, 51.66637356639752], [-0.269766291122302, 51.66542422463926], [-0.272232422299148, 51.6640757401555], [-0.274601004618934, 51.66262685762897], [-0.276029743048796, 51.66307946252188], [-0.280669924789872, 51.665404513115384], [-0.282204922238481, 51.66687470867598], [-0.282080992325441, 51.66900403157465], [-0.279022279957939, 51.6703440401855], [-0.278595722521631, 51.671677616840974], [-0.277642778835373, 51.67354300165761], [-0.274989507366586, 51.675239544522405], [-0.274543093737148, 51.67633002721421], [-0.276823138290202, 51.68103940442718], [-0.27859006344971, 51.68860969588623], [-0.280994175530121, 51.69121664389135], [-0.28342918388367, 51.693779031092504], [-0.285983707475276, 51.693951212923736], [-0.290442935253685, 51.693494650893456], [-0.292376240273664, 51.69556397340553], [-0.288331538538, 51.69921884047436], [-0.289939924213119, 51.703000952622396], [-0.294406681521082, 51.70852407036349], [-0.285566466795025, 51.71264865058221], [-0.276748785502439, 51.71575679787626], [-0.280560291149109, 51.717170440670316], [-0.286131849919328, 51.71683820874753], [-0.285522566947694, 51.71840293019344], [-0.287209870788809, 51.71895807010069], [-0.293284236985499, 51.72065603744047], [-0.296679046406913, 51.71969819021649], [-0.300954681087974, 51.71802463034973], [-0.30481672646886, 51.72198295679019], [-0.308138649664543, 51.723361655262245], [-0.314046775955594, 51.72216970770873], [-0.315109795846274, 51.72200511502965], [-0.311728990774254, 51.72298167878092], [-0.309132770687916, 51.723492861254755], [-0.305957966796111, 51.72359999731078], [-0.300738297575748, 51.72572767723878], [-0.299000615889283, 51.72688948369951], [-0.30105620092188, 51.72883452425537], [-0.30491644931925, 51.73247808906718], [-0.308997642109689, 51.73487481176976], [-0.313169549907704, 51.73756942764628], [-0.317883914074934, 51.7401008093282], [-0.323619527221512, 51.743231048729434], [-0.328603184222865, 51.74595466393328], [-0.331054379063528, 51.748228498390844], [-0.329806453321939, 51.749856300921145], [-0.326993680314893, 51.750310853854934], [-0.330388405980934, 51.750574934773134], [-0.333516254362532, 51.75100598086067], [-0.337225628139179, 51.75177787422906], [-0.337193813336664, 51.75382758983355], [-0.329841127164302, 51.76030545053905], [-0.326106459258169, 51.76333656463047], [-0.323109007434687, 51.765622756640084], [-0.318706626206152, 51.77021770203121], [-0.316309080762856, 51.77271911605591], [-0.310543662588032, 51.77651192852312], [-0.306880814234869, 51.77948951842538], [-0.304617238228155, 51.781866738541], [-0.303399080817577, 51.78380940962113], [-0.297047837783614, 51.7996243279592], [-0.291403267259433, 51.80622344562013], [-0.289028401225709, 51.80726794465309], [-0.288682972786731, 51.80872860238572], [-0.288395655628073, 51.80980345190375], [-0.291239000740313, 51.81095081164141], [-0.293908842490858, 51.812086592481215]]}}, {"type": "Feature", "properties": {"route": "16", "route_name": "", "route_id": "66005", "agency": "Red Rose Travel", "agency_id": "OP362", "geometry_source": "GTFS stop sequence"}, "geometry": {"type": "LineString", "coordinates": [[-0.955153, 51.842925], [-0.957173, 51.846593], [-0.959588, 51.84826], [-0.960651, 51.852929], [-0.948592, 51.851642], [-0.93359, 51.862854], [-0.927691, 51.86602], [-0.924396, 51.867788], [-0.919959, 51.870499], [-0.918499, 51.873263], [-0.922617, 51.874785], [-0.920001, 51.875408], [-0.916608, 51.874577], [-0.918232, 51.873468], [-0.920264, 51.86989], [-0.924223, 51.867741], [-0.927489, 51.866], [-0.933606, 51.8628], [-0.92261, 51.845859], [-0.919381, 51.846135], [-0.916301, 51.845622], [-0.900088, 51.843763], [-0.890734, 51.842191], [-0.881086, 51.841417], [-0.866135, 51.833325], [-0.858151, 51.832807], [-0.849627, 51.830959], [-0.840259, 51.826252], [-0.837222, 51.825526], [-0.832736, 51.82452], [-0.829864, 51.823898], [-0.824398, 51.822638], [-0.821036, 51.821912], [-0.81834, 51.821247], [-0.81643, 51.82049], [-0.816305, 51.819176], [-0.818219, 51.817002], [-0.813005, 51.815007]]}}, {"type": "Feature", "properties": {"route": "W30", "route_name": "", "route_id": "66403", "agency": "Red Rose Travel", "agency_id": "OP362", "geometry_source": "GTFS stop sequence"}, "geometry": {"type": "LineString", "coordinates": [[-0.396123128357449, 51.663216294171114], [-0.396935282654453, 51.659459724775594], [-0.397139905248728, 51.655299208655855], [-0.399827959097468, 51.65614514786872], [-0.400766811224815, 51.66027628291208], [-0.402094615502193, 51.65952104228732], [-0.406704487708372, 51.657110867399446], [-0.411890912100252, 51.65514891982415], [-0.416572153318875, 51.65356659104595], [-0.421307999820113, 51.6533156284413], [-0.425635851973205, 51.64814936921708], [-0.427629646007157, 51.64733982473207], [-0.429823127397847, 51.64576859582048], [-0.431317757177168, 51.64434085705329]]}}, {"type": "Feature", "properties": {"route": "B3", "route_name": "", "route_id": "4398089", "agency": "Red Rose Travel", "agency_id": "OP362", "geometry_source": "GTFS stop sequence"}, "geometry": {"type": "LineString", "coordinates": [[-0.985171, 52.001632], [-0.975695, 52.005137], [-0.975513, 51.999687], [-0.976348, 51.991836], [-0.979064, 51.996625], [-0.982562, 51.995909], [-0.980341, 51.991727], [-0.99513, 51.992735], [-0.989879, 51.990469], [-0.978884, 51.989188]]}}, {"type": "Feature", "properties": {"route": "21", "route_name": "", "route_id": "3660", "agency": "Red Rose Travel", "agency_id": "OP362", "geometry_source": "GTFS stop sequence"}, "geometry": {"type": "LineString", "coordinates": [[-0.7726291, 52.0343174], [-0.7675917, 52.0372589], [-0.7622209, 52.0395763], [-0.7556991, 52.0407933], [-0.7513898, 52.0442273], [-0.7446353, 52.0490288], [-0.7385545, 52.0505733], [-0.7413111, 52.0552332], [-0.7434993, 52.0572975], [-0.7468994, 52.0608852], [-0.7487759, 52.0647264], [-0.7503919, 52.0679803], [-0.7538976, 52.070445], [-0.7550487, 52.073649], [-0.754782, 52.0764155], [-0.7536376, 52.0776891], [-0.7477066, 52.0794874], [-0.7450243, 52.0804299], [-0.7409577, 52.0823286], [-0.7351629, 52.0844334], [-0.7312247, 52.0853801], [-0.725082, 52.0863479], [-0.7207211, 52.0872627], [-0.7055003, 52.1093765], [-0.7059135, 52.1364621], [-0.70634, 52.1373749], [-0.7052934, 52.1402136], [-0.7020341, 52.1528011], [-0.7054397, 52.1608676], [-0.7087843, 52.1619921]]}}, {"type": "Feature", "properties": {"route": "108", "route_name": "", "route_id": "4279888", "agency": "Red Rose Travel", "agency_id": "OP362", "geometry_source": "GTFS stop sequence"}, "geometry": {"type": "LineString", "coordinates": [[-1.15388, 51.8986], [-1.14784, 51.89248], [-1.14318, 51.88772], [-1.13518, 51.89194], [-1.13773, 51.89179], [-1.14024, 51.88885], [-1.094173, 51.822624], [-1.13118, 51.80656], [-1.13954, 51.80752], [-1.17599, 51.79395], [-1.18209, 51.79668], [-1.17839, 51.78474], [-1.16589, 51.7785], [-1.16266, 51.7757], [-1.1509, 51.76567], [-1.15443, 51.76733], [-1.16234, 51.77528], [-1.16308, 51.77838], [-1.16865, 51.78138], [-1.17848, 51.78464], [-1.18981, 51.77269], [-1.19461, 51.76396], [-1.19905, 51.76253], [-1.20325, 51.76197], [-1.20646, 51.76135], [-1.21185, 51.75987], [-1.21577, 51.75865], [-1.22235, 51.75663], [-1.2264, 51.75547], [-1.23857, 51.7509], [-1.24205, 51.75018], [-1.25138, 51.75264], [-1.25652, 51.75211]]}}, {"type": "Feature", "properties": {"route": "162", "route_name": "", "route_id": "8929", "agency": "Red Rose Travel", "agency_id": "OP362", "geometry_source": "GTFS stop sequence"}, "geometry": {"type": "LineString", "coordinates": [[-0.7338566, 51.9954159], [-0.7266602, 52.0021267], [-0.7151893, 51.9982708], [-0.702153, 51.980539], [-0.694796, 51.973642], [-0.683784, 51.965886], [-0.685388, 51.963297], [-0.703875, 51.946094], [-0.69622, 51.938115], [-0.67274, 51.92195], [-0.67265, 51.91853]]}}, {"type": "Feature", "properties": {"route": "40", "route_name": "", "route_id": "60896", "agency": "Red Rose Travel", "agency_id": "OP362", "geometry_source": "GTFS stop sequence"}, "geometry": {"type": "LineString", "coordinates": [[-0.90808, 51.70591], [-0.9051, 51.70268], [-0.90819, 51.70132], [-0.91119, 51.70001], [-0.91339, 51.69912], [-0.91572, 51.69805], [-0.92593, 51.69096], [-0.9326, 51.68844], [-0.94924, 51.68106], [-0.95206, 51.67601], [-0.922881, 51.667037], [-0.915148, 51.662057], [-0.909319, 51.661535], [-0.901487, 51.660168], [-0.898582, 51.658962], [-0.896487, 51.657091], [-0.893751, 51.653711], [-0.892236, 51.652968], [-0.889621, 51.655875], [-0.888088, 51.65711], [-0.864577, 51.650906], [-0.860843, 51.649944], [-0.85779, 51.648907], [-0.833756, 51.641468], [-0.829436, 51.64031], [-0.822754, 51.639965], [-0.801313, 51.64472], [-0.794121, 51.643972], [-0.788516, 51.64226], [-0.785247, 51.641282], [-0.781477, 51.640128], [-0.778409, 51.639215], [-0.770654, 51.636868], [-0.765997, 51.635426], [-0.759964, 51.633555], [-0.75609, 51.631527]]}}, {"type": "Feature", "properties": {"route": "16", "route_name": "", "route_id": "66005", "agency": "Red Rose Travel", "agency_id": "OP362", "geometry_source": "GTFS stop sequence"}, "geometry": {"type": "LineString", "coordinates": [[-1.059556, 51.904695], [-1.024347, 51.917598], [-1.012445, 51.916627], [-0.983739, 51.936155], [-0.987078, 51.937757], [-0.989382, 51.934605], [-1.001717, 51.916528], [-1.001099, 51.915542], [-1.004077, 51.911081], [-1.010787, 51.910697], [-1.014699, 51.897351], [-1.015528, 51.893986], [-1.016215, 51.891177], [-1.015246, 51.882304], [-1.011955, 51.881314], [-1.007961, 51.879932], [-1.005244, 51.878641], [-1.003608, 51.877063], [-1.000054, 51.874893], [-0.997662, 51.86553], [-0.984643, 51.858711], [-0.973853, 51.856154], [-0.960651, 51.852929], [-0.948592, 51.851642], [-0.92261, 51.845859], [-0.919381, 51.846135], [-0.916301, 51.845622], [-0.900088, 51.843763], [-0.890734, 51.842191], [-0.881086, 51.841417], [-0.866135, 51.833325], [-0.858151, 51.832807], [-0.849627, 51.830959], [-0.840259, 51.826252], [-0.837222, 51.825526], [-0.832736, 51.82452], [-0.829864, 51.823898], [-0.824398, 51.822638], [-0.821036, 51.821912], [-0.81834, 51.821247], [-0.81643, 51.82049], [-0.816305, 51.819176], [-0.818219, 51.817002], [-0.813005, 51.815007]]}}, {"type": "Feature", "properties": {"route": "163", "route_name": "", "route_id": "84259", "agency": "Red Rose Travel", "agency_id": "OP362", "geometry_source": "GTFS stop sequence"}, "geometry": {"type": "LineString", "coordinates": [[-0.587566, 51.864947], [-0.585832, 51.866967], [-0.584439, 51.869702], [-0.58364, 51.8735], [-0.58638, 51.87521], [-0.59052, 51.87663], [-0.59367, 51.87783], [-0.606778, 51.869726], [-0.63691, 51.89699], [-0.64088, 51.89749], [-0.65106, 51.905], [-0.65252, 51.90805], [-0.65832, 51.91451], [-0.66411, 51.91726]]}}, {"type": "Feature", "properties": {"route": "165", "route_name": "", "route_id": "4279907", "agency": "Red Rose Travel", "agency_id": "OP362", "geometry_source": "GTFS stop sequence"}, "geometry": {"type": "LineString", "coordinates": [[-0.66411, 51.91726], [-0.67004, 51.91627], [-0.67267, 51.91695], [-0.67508, 51.91765], [-0.678, 51.91775], [-0.67911, 51.91598], [-0.68157, 51.9149], [-0.68096, 51.91357], [-0.68069, 51.91111], [-0.696686, 51.903952], [-0.70669, 51.898767], [-0.710081, 51.898112], [-0.717314, 51.897768], [-0.75518, 51.892982], [-0.778893, 51.892453], [-0.772574, 51.879574], [-0.769353, 51.8725], [-0.764886, 51.871203], [-0.756623, 51.868843], [-0.746723, 51.867226], [-0.741693, 51.86478], [-0.738543, 51.8632], [-0.742292, 51.865192], [-0.747188, 51.867222], [-0.756006, 51.868825], [-0.766743, 51.854256], [-0.773593, 51.843169], [-0.774393, 51.835624], [-0.778304, 51.834316], [-0.783097, 51.833098], [-0.789103, 51.829411], [-0.792976, 51.827292], [-0.798044, 51.82444], [-0.802143, 51.822504], [-0.805471, 51.820676], [-0.809986, 51.818933], [-0.812238, 51.818812], [-0.816305, 51.819176], [-0.818219, 51.817002], [-0.812807, 51.814825], [-0.80845, 51.812785], [-0.805982, 51.810125], [-0.808726, 51.80893], [-0.809823, 51.80583], [-0.807181, 51.803169], [-0.804707, 51.803495], [-0.803148, 51.803748], [-0.801184, 51.802901]]}}, {"type": "Feature", "properties": {"route": "16", "route_name": "", "route_id": "66005", "agency": "Red Rose Travel", "agency_id": "OP362", "geometry_source": "GTFS stop sequence"}, "geometry": {"type": "LineString", "coordinates": [[-0.987078, 51.937757], [-0.989382, 51.934605], [-1.001717, 51.916528], [-1.010787, 51.910697], [-1.014699, 51.897351], [-1.015528, 51.893986], [-1.016215, 51.891177], [-1.015246, 51.882304], [-1.011955, 51.881314], [-1.007961, 51.879932], [-1.005244, 51.878641], [-1.003608, 51.877063], [-1.000054, 51.874893], [-0.997662, 51.86553], [-0.984643, 51.858711], [-0.973853, 51.856154], [-0.960651, 51.852929], [-0.948592, 51.851642], [-0.93359, 51.862854], [-0.927691, 51.86602], [-0.924396, 51.867788], [-0.919959, 51.870499], [-0.918499, 51.873263], [-0.922617, 51.874785], [-0.920001, 51.875408], [-0.916608, 51.874577], [-0.918232, 51.873468], [-0.920264, 51.86989], [-0.924223, 51.867741], [-0.927489, 51.866], [-0.933606, 51.8628], [-0.92261, 51.845859], [-0.919381, 51.846135], [-0.916301, 51.845622], [-0.900088, 51.843763], [-0.890734, 51.842191], [-0.881086, 51.841417], [-0.866135, 51.833325], [-0.858151, 51.832807], [-0.849627, 51.830959], [-0.840259, 51.826252], [-0.837222, 51.825526], [-0.832736, 51.82452], [-0.829864, 51.823898], [-0.824398, 51.822638], [-0.821036, 51.821912], [-0.81834, 51.821247], [-0.81643, 51.82049], [-0.816305, 51.819176], [-0.818219, 51.817002], [-0.813005, 51.815007]]}}, {"type": "Feature", "properties": {"route": "304", "route_name": "", "route_id": "4591270", "agency": "Red Rose Travel", "agency_id": "OP362", "geometry_source": "GTFS stop sequence"}, "geometry": {"type": "LineString", "coordinates": [[-0.326885350186374, 51.750498143113774], [-0.330388405980934, 51.750574934773134], [-0.333516254362532, 51.75100598086067], [-0.337225628139179, 51.75177787422906], [-0.337193813336664, 51.75382758983355], [-0.334473228619451, 51.75689129329041], [-0.329841127164302, 51.76030545053905], [-0.326106459258169, 51.76333656463047], [-0.323109007434687, 51.765622756640084], [-0.318706626206152, 51.77021770203121], [-0.316309080762856, 51.77271911605591], [-0.310543662588032, 51.77651192852312], [-0.306880814234869, 51.77948951842538], [-0.304617238228155, 51.781866738541], [-0.303399080817577, 51.78380940962113], [-0.297047837783614, 51.7996243279592], [-0.291403267259433, 51.80622344562013], [-0.29426103203762, 51.80852190944667], [-0.293989084631967, 51.81072997689942], [-0.293908842490858, 51.812086592481215]]}}, {"type": "Feature", "properties": {"route": "357", "route_name": "", "route_id": "4615899", "agency": "Red Rose Travel", "agency_id": "OP362", "geometry_source": "GTFS stop sequence"}, "geometry": {"type": "LineString", "coordinates": [[-0.261143942759464, 51.650801500931244], [-0.261625178610136, 51.651069399190405], [-0.265419571441016, 51.65012737722976], [-0.269185126357072, 51.65031782205155], [-0.27141128097039, 51.651456649714575], [-0.276037558092205, 51.65449207136822], [-0.275309470970753, 51.65615392195049], [-0.270439018836593, 51.6572512724038], [-0.270807340920542, 51.658209865344375], [-0.26826811187393, 51.66110389307475], [-0.266175823414867, 51.66364477925275], [-0.266598617390854, 51.665827121767116], [-0.26767674956914, 51.66637356639752], [-0.269766291122302, 51.66542422463926], [-0.272232422299148, 51.6640757401555], [-0.274601004618934, 51.66262685762897], [-0.276029743048796, 51.66307946252188], [-0.280669924789872, 51.665404513115384], [-0.282204922238481, 51.66687470867598], [-0.282080992325441, 51.66900403157465], [-0.279022279957939, 51.6703440401855], [-0.278595722521631, 51.671677616840974], [-0.277642778835373, 51.67354300165761], [-0.274989507366586, 51.675239544522405], [-0.274543093737148, 51.67633002721421], [-0.276823138290202, 51.68103940442718], [-0.27859006344971, 51.68860969588623], [-0.280994175530121, 51.69121664389135], [-0.28342918388367, 51.693779031092504], [-0.285983707475276, 51.693951212923736], [-0.290442935253685, 51.693494650893456], [-0.292376240273664, 51.69556397340553], [-0.288331538538, 51.69921884047436], [-0.289939924213119, 51.703000952622396], [-0.294406681521082, 51.70852407036349], [-0.285566466795025, 51.71264865058221], [-0.276748785502439, 51.71575679787626], [-0.280560291149109, 51.717170440670316], [-0.286131849919328, 51.71683820874753], [-0.285522566947694, 51.71840293019344], [-0.287209870788809, 51.71895807010069], [-0.293284236985499, 51.72065603744047], [-0.296679046406913, 51.71969819021649], [-0.300954681087974, 51.71802463034973], [-0.30481672646886, 51.72198295679019], [-0.308138649664543, 51.723361655262245], [-0.314046775955594, 51.72216970770873], [-0.315109795846274, 51.72200511502965], [-0.311728990774254, 51.72298167878092], [-0.309132770687916, 51.723492861254755], [-0.305957966796111, 51.72359999731078], [-0.300738297575748, 51.72572767723878], [-0.299000615889283, 51.72688948369951], [-0.30105620092188, 51.72883452425537], [-0.30491644931925, 51.73247808906718], [-0.308997642109689, 51.73487481176976], [-0.313169549907704, 51.73756942764628], [-0.317883914074934, 51.7401008093282], [-0.323619527221512, 51.743231048729434], [-0.328603184222865, 51.74595466393328], [-0.331054379063528, 51.748228498390844], [-0.329806453321939, 51.749856300921145], [-0.326993680314893, 51.750310853854934], [-0.330388405980934, 51.750574934773134], [-0.333516254362532, 51.75100598086067], [-0.337225628139179, 51.75177787422906], [-0.337193813336664, 51.75382758983355], [-0.329841127164302, 51.76030545053905], [-0.326106459258169, 51.76333656463047], [-0.323109007434687, 51.765622756640084], [-0.318706626206152, 51.77021770203121], [-0.316309080762856, 51.77271911605591], [-0.310543662588032, 51.77651192852312], [-0.306880814234869, 51.77948951842538], [-0.304617238228155, 51.781866738541], [-0.303399080817577, 51.78380940962113], [-0.297047837783614, 51.7996243279592], [-0.291403267259433, 51.80622344562013], [-0.289028401225709, 51.80726794465309], [-0.288682972786731, 51.80872860238572], [-0.288395655628073, 51.80980345190375], [-0.291239000740313, 51.81095081164141], [-0.293908842490858, 51.812086592481215], [-0.294323833122461, 51.815311718450474], [-0.303648736139607, 51.81579728846853], [-0.309308745971139, 51.81768617079651], [-0.315910553316508, 51.81845529083866], [-0.321086101492913, 51.81934755535981], [-0.325818141634764, 51.82046706638979], [-0.334635033592996, 51.82217482172473], [-0.333923808909394, 51.82493424040627], [-0.334496160286299, 51.82594044324053], [-0.336065209283534, 51.82785993374587], [-0.339128074790791, 51.82665336060187], [-0.339285423065106, 51.82553160144117], [-0.341212144803426, 51.82483045304941], [-0.343601583054907, 51.82694124706473], [-0.346954951087532, 51.83087290178748], [-0.347650521033343, 51.83050501897156], [-0.349592113212573, 51.82939930975128], [-0.352642443676261, 51.827733626790724], [-0.354003302300609, 51.82662870149195], [-0.355203948971513, 51.82314767569969], [-0.354779468640513, 51.82205372589187], [-0.356711657942084, 51.818798719306805], [-0.357275760984321, 51.8172510118598], [-0.355967607667128, 51.81572210120872], [-0.351877372839505, 51.811717424234125], [-0.349022029308557, 51.809267551874285], [-0.345143942727679, 51.80742365758987], [-0.341098727552641, 51.80698000792833], [-0.33273611714827, 51.804433923642435], [-0.332881026645677, 51.803258041004504], [-0.336588721129259, 51.801826889656354], [-0.340267088521895, 51.801977779766844], [-0.338559606860848, 51.80423760363943]]}}, {"type": "Feature", "properties": {"route": "165", "route_name": "", "route_id": "4279907", "agency": "Red Rose Travel", "agency_id": "OP362", "geometry_source": "GTFS stop sequence"}, "geometry": {"type": "LineString", "coordinates": [[-0.812807, 51.814825], [-0.809335, 51.815554], [-0.80949, 51.816806], [-0.808838, 51.819541], [-0.805804, 51.820716], [-0.802405, 51.822497], [-0.797583, 51.824867], [-0.792751, 51.827578], [-0.788082, 51.830119], [-0.782318, 51.833477], [-0.778022, 51.834538], [-0.775275, 51.835238], [-0.773893, 51.843891], [-0.768546, 51.853106], [-0.746723, 51.867226], [-0.741693, 51.86478], [-0.738543, 51.8632], [-0.742292, 51.865192], [-0.747188, 51.867222], [-0.756744, 51.868831], [-0.764667, 51.870707], [-0.769613, 51.872539], [-0.77282, 51.879603], [-0.779072, 51.892311], [-0.755216, 51.893064], [-0.716948, 51.897863], [-0.709308, 51.898229], [-0.706746, 51.898866], [-0.696713, 51.904043], [-0.68034, 51.91189], [-0.68171, 51.91398], [-0.68109, 51.91528], [-0.67925, 51.91632], [-0.67807, 51.9178], [-0.676, 51.91841], [-0.67241, 51.91695], [-0.6675, 51.91617], [-0.66254, 51.91771], [-0.66009, 51.916], [-0.66431, 51.91586]]}}, {"type": "Feature", "properties": {"route": "21", "route_name": "", "route_id": "3660", "agency": "Red Rose Travel", "agency_id": "OP362", "geometry_source": "GTFS stop sequence"}, "geometry": {"type": "LineString", "coordinates": [[-0.6610172, 52.1728423], [-0.6661792, 52.1694212], [-0.7087843, 52.1619921], [-0.711582, 52.1597839], [-0.7133316, 52.1563954], [-0.7135429, 52.152109], [-0.7100202, 52.1510995], [-0.7018134, 52.1528527], [-0.7052068, 52.1401766], [-0.7063304, 52.1372039], [-0.7054886, 52.1365024], [-0.7053497, 52.1095367], [-0.72032, 52.087733], [-0.7256042, 52.0859489], [-0.7309073, 52.0852509], [-0.7402444, 52.0822671], [-0.7455155, 52.0800845], [-0.7475197, 52.0793865], [-0.7546653, 52.0764142], [-0.7539437, 52.0724595], [-0.7536595, 52.0706133], [-0.7499148, 52.0673009], [-0.7487415, 52.0649148], [-0.7463031, 52.0603034], [-0.7439482, 52.0579317], [-0.7416964, 52.0560555], [-0.7389266, 52.0503075], [-0.7444624, 52.048955], [-0.7512204, 52.0440277], [-0.7554921, 52.040899], [-0.7620515, 52.0393767], [-0.7674368, 52.0370595], [-0.7726291, 52.0343174]]}}, {"type": "Feature", "properties": {"route": "60", "route_name": "", "route_id": "32620", "agency": "Red Rose Travel", "agency_id": "OP362", "geometry_source": "GTFS stop sequence"}, "geometry": {"type": "LineString", "coordinates": [[-0.985171, 52.001632], [-0.984935, 51.996604], [-0.983728, 51.995236], [-0.980341, 51.991727], [-0.978379, 51.988995], [-0.975728, 51.98515], [-0.966038, 51.979122], [-0.952299, 51.970783], [-0.947677, 51.968575], [-0.937891, 51.9632], [-0.930409, 51.961433], [-0.913292, 51.956664], [-0.904518, 51.9542], [-0.89643, 51.951113], [-0.883226, 51.947284], [-0.881476, 51.944507], [-0.882814, 51.942757], [-0.886099, 51.940523], [-0.886658, 51.937956], [-0.887387, 51.923181], [-0.886577, 51.920036], [-0.885328, 51.918217], [-0.881789, 51.907942], [-0.877453, 51.899916], [-0.87525, 51.897917], [-0.874059, 51.895002], [-0.857768, 51.888668], [-0.860102, 51.884878], [-0.847106, 51.882854], [-0.840944, 51.88176], [-0.836891, 51.88065], [-0.835992, 51.879454], [-0.831907, 51.876734], [-0.833337, 51.86639], [-0.831829, 51.863507], [-0.830203, 51.85788], [-0.82838, 51.852026], [-0.818334, 51.839796], [-0.814512, 51.828357], [-0.814582, 51.826244], [-0.814543, 51.824949], [-0.815235, 51.820712], [-0.816305, 51.819176], [-0.824564, 51.813479], [-0.818219, 51.817002], [-0.809736, 51.815208], [-0.806818, 51.816356], [-0.80196, 51.81521]]}}, {"type": "Feature", "properties": {"route": "336", "route_name": "", "route_id": "4615897", "agency": "Red Rose Travel", "agency_id": "OP362", "geometry_source": "GTFS stop sequence"}, "geometry": {"type": "LineString", "coordinates": [[-0.372092140493551, 51.66401866122846], [-0.374426722475664, 51.6630259042958], [-0.378356407208604, 51.66392548086241], [-0.38225447751627, 51.67058837970823], [-0.383970323557546, 51.672356452382104], [-0.385657558933743, 51.67330583207952], [-0.38823011384599, 51.671317957841346], [-0.387856971147407, 51.67042262701735], [-0.385085098067964, 51.6694763540786], [-0.384781104390727, 51.66867188381392], [-0.394544047519718, 51.654301603079396], [-0.3959732895665, 51.65517537608306], [-0.400931690490032, 51.65148432620514], [-0.40759868007841, 51.648922269583615], [-0.411037840506603, 51.65060540259096], [-0.41548039766817, 51.650881236814094], [-0.419557423294871, 51.65127787212635], [-0.42405291233756, 51.65169796575539], [-0.424326758826942, 51.649219845352825]]}}, {"type": "Feature", "properties": {"route": "357", "route_name": "", "route_id": "4615899", "agency": "Red Rose Travel", "agency_id": "OP362", "geometry_source": "GTFS stop sequence"}, "geometry": {"type": "LineString", "coordinates": [[-0.279709742502214, 51.65334097424334], [-0.278536816221045, 51.65453772705026], [-0.275309470970753, 51.65615392195049], [-0.270439018836593, 51.6572512724038], [-0.270807340920542, 51.658209865344375], [-0.26826811187393, 51.66110389307475], [-0.266175823414867, 51.66364477925275], [-0.266598617390854, 51.665827121767116], [-0.26767674956914, 51.66637356639752], [-0.269766291122302, 51.66542422463926], [-0.272232422299148, 51.6640757401555], [-0.274601004618934, 51.66262685762897], [-0.276029743048796, 51.66307946252188], [-0.280669924789872, 51.665404513115384], [-0.282204922238481, 51.66687470867598], [-0.282080992325441, 51.66900403157465], [-0.279022279957939, 51.6703440401855], [-0.278595722521631, 51.671677616840974], [-0.277642778835373, 51.67354300165761], [-0.274989507366586, 51.675239544522405], [-0.274543093737148, 51.67633002721421], [-0.276823138290202, 51.68103940442718], [-0.27859006344971, 51.68860969588623], [-0.280994175530121, 51.69121664389135], [-0.28342918388367, 51.693779031092504], [-0.285983707475276, 51.693951212923736], [-0.290442935253685, 51.693494650893456], [-0.292376240273664, 51.69556397340553], [-0.288331538538, 51.69921884047436], [-0.289939924213119, 51.703000952622396], [-0.294406681521082, 51.70852407036349], [-0.285566466795025, 51.71264865058221], [-0.276748785502439, 51.71575679787626], [-0.280560291149109, 51.717170440670316], [-0.286131849919328, 51.71683820874753], [-0.285522566947694, 51.71840293019344], [-0.287209870788809, 51.71895807010069], [-0.293284236985499, 51.72065603744047], [-0.296679046406913, 51.71969819021649], [-0.300954681087974, 51.71802463034973], [-0.30481672646886, 51.72198295679019], [-0.308138649664543, 51.723361655262245], [-0.314046775955594, 51.72216970770873], [-0.315109795846274, 51.72200511502965], [-0.311728990774254, 51.72298167878092], [-0.309132770687916, 51.723492861254755], [-0.305957966796111, 51.72359999731078], [-0.300738297575748, 51.72572767723878], [-0.299000615889283, 51.72688948369951], [-0.30105620092188, 51.72883452425537], [-0.30491644931925, 51.73247808906718], [-0.308997642109689, 51.73487481176976], [-0.313169549907704, 51.73756942764628], [-0.317883914074934, 51.7401008093282], [-0.323619527221512, 51.743231048729434], [-0.328603184222865, 51.74595466393328], [-0.331054379063528, 51.748228498390844], [-0.329806453321939, 51.749856300921145], [-0.326993680314893, 51.750310853854934], [-0.330388405980934, 51.750574934773134], [-0.333516254362532, 51.75100598086067], [-0.337225628139179, 51.75177787422906], [-0.337193813336664, 51.75382758983355]]}}, {"type": "Feature", "properties": {"route": "389", "route_name": "", "route_id": "9468", "agency": "Red Rose Travel", "agency_id": "OP362", "geometry_source": "GTFS stop sequence"}, "geometry": {"type": "LineString", "coordinates": [[-0.658155111943033, 51.806754189252835], [-0.657355276935905, 51.803894732294204], [-0.658474170202263, 51.80284649569627], [-0.660009775741278, 51.800948797879165], [-0.661038499033118, 51.799512871657974], [-0.664400002596222, 51.798633957326054], [-0.667557477258458, 51.7987686834312], [-0.668855732513268, 51.798019102782504], [-0.67272063352676, 51.798260603315825], [-0.673155909398214, 51.794300232479806], [-0.671057816366772, 51.79266704764851], [-0.667496816204631, 51.791970363592576], [-0.665947255500393, 51.7928879185978], [-0.660448699838178, 51.793967340522265], [-0.653694174773401, 51.79582339311787], [-0.650617242715586, 51.79688509928628], [-0.647260961343459, 51.79806939447658], [-0.635073801156241, 51.79921436702821], [-0.623454450285792, 51.800742374054764], [-0.601755774590637, 51.80269831148977]]}}, {"type": "Feature", "properties": {"route": "B4", "route_name": "", "route_id": "4398092", "agency": "Red Rose Travel", "agency_id": "OP362", "geometry_source": "GTFS stop sequence"}, "geometry": {"type": "LineString", "coordinates": [[-0.985171, 52.001632], [-0.986912, 52.001269], [-0.989887, 52.004379], [-0.988837, 52.003785], [-0.985378, 52.0047], [-0.983257, 52.006381], [-0.977796, 52.011378], [-0.977246, 52.0138], [-0.971761, 52.031861], [-0.9692, 52.033556], [-0.969574, 52.03123], [-0.975737, 52.014156], [-0.973535, 52.012959], [-0.972008, 52.011552], [-0.976094, 52.009996], [-0.977957, 52.010732], [-0.982919, 52.006486], [-0.989887, 52.004379], [-0.988837, 52.003785], [-0.985634, 52.004333], [-0.986809, 52.001322], [-0.985171, 52.001632]]}}, {"type": "Feature", "properties": {"route": "H10", "route_name": "", "route_id": "2414", "agency": "Red Rose Travel", "agency_id": "OP362", "geometry_source": "GTFS stop sequence"}, "geometry": {"type": "LineString", "coordinates": [[-0.473683402411396, 51.74874655320307], [-0.473816383834508, 51.74694991541759], [-0.471292996770726, 51.744030745079556], [-0.468637880273665, 51.74330380927176], [-0.465972270938733, 51.744599839260545], [-0.461049242675679, 51.74454447235854], [-0.456088011014155, 51.746034994416995], [-0.451689384971275, 51.748431905392266], [-0.449559358104451, 51.74929401946568], [-0.443911748017719, 51.75049622725141], [-0.441190186254108, 51.75170103978215], [-0.434387741619679, 51.752347959353095], [-0.432284757822271, 51.75283246448592], [-0.432360252629805, 51.75190731009214], [-0.433891299706786, 51.751621997146366], [-0.436185871504971, 51.75104110233726], [-0.436782466774232, 51.75054549457617], [-0.437152019243247, 51.74991198724834], [-0.439516385406253, 51.749403890738016], [-0.44459519294228, 51.74915649619775], [-0.452325794386167, 51.747613037596814], [-0.456656284561287, 51.74551193918031], [-0.459983635325089, 51.74435966951948], [-0.462832853702323, 51.7444868867962], [-0.464902088549346, 51.74540412337767], [-0.467542586656066, 51.7435682799486], [-0.471304000244552, 51.74327557435817], [-0.474467958249626, 51.74695837430083], [-0.473738050666018, 51.748414565434125], [-0.472436168114831, 51.75136495369039]]}}, {"type": "Feature", "properties": {"route": "16", "route_name": "", "route_id": "66005", "agency": "Red Rose Travel", "agency_id": "OP362", "geometry_source": "GTFS stop sequence"}, "geometry": {"type": "LineString", "coordinates": [[-0.813005, 51.815007], [-0.809335, 51.815554], [-0.80949, 51.816806], [-0.812238, 51.818812], [-0.816563, 51.820411], [-0.818977, 51.821316], [-0.824684, 51.822646], [-0.830315, 51.823848], [-0.837312, 51.825437], [-0.840412, 51.826196], [-0.860733, 51.832868], [-0.86715, 51.833362], [-0.883623, 51.841558], [-0.891767, 51.842111], [-0.902619, 51.844137], [-0.916958, 51.845484], [-0.919328, 51.845937], [-0.923285, 51.845587], [-0.960457, 51.852592], [-0.97546, 51.856384], [-0.985107, 51.858706], [-0.997541, 51.865089], [-0.999972, 51.874667], [-1.003092, 51.876744], [-1.006408, 51.879217], [-1.008569, 51.880027], [-1.012822, 51.881537], [-1.016789, 51.882829], [-1.017078, 51.896246], [-1.059556, 51.904695]]}}, {"type": "Feature", "properties": {"route": "B2", "route_name": "", "route_id": "7482437", "agency": "Red Rose Travel", "agency_id": "OP362", "geometry_source": "GTFS stop sequence"}, "geometry": {"type": "LineString", "coordinates": [[-0.985171, 52.001632], [-0.984935, 51.996604], [-0.983728, 51.995236], [-0.980341, 51.991727], [-0.978884, 51.989188], [-1.001088, 51.996937], [-1.007732, 51.981369], [-1.011522, 51.981176], [-1.043636, 51.990351], [-1.047367, 51.990247], [-1.049898, 51.990393], [-1.06834, 51.988751]]}}, {"type": "Feature", "properties": {"route": "X60", "route_name": "", "route_id": "1957", "agency": "Red Rose Travel", "agency_id": "OP362", "geometry_source": "GTFS stop sequence"}, "geometry": {"type": "LineString", "coordinates": [[-0.8131, 51.814702], [-0.809335, 51.815554], [-0.80949, 51.816806], [-0.812238, 51.818812], [-0.815422, 51.82075], [-0.814772, 51.826192], [-0.81481, 51.829699], [-0.818637, 51.839862], [-0.828498, 51.851389], [-0.830342, 51.858106], [-0.83216, 51.863609], [-0.833674, 51.865701], [-0.833375, 51.877261], [-0.836238, 51.879492], [-0.837136, 51.880724], [-0.87609, 51.940553], [-0.880163, 51.94115], [-0.881846, 51.945409], [-0.884378, 51.947744], [-0.88725, 51.948901], [-0.890923, 51.950198], [-0.897128, 51.951137], [-0.904925, 51.95424], [-0.913482, 51.956603], [-0.931599, 51.961552], [-0.938009, 51.963139], [-0.947824, 51.96854], [-0.952391, 51.970568], [-0.966514, 51.979324], [-0.975846, 51.985106], [-0.978884, 51.989188], [-0.980444, 51.991692], [-0.983803, 51.99512], [-0.985276, 51.996957], [-0.985171, 52.001632]]}}, {"type": "Feature", "properties": {"route": "336", "route_name": "", "route_id": "4615897", "agency": "Red Rose Travel", "agency_id": "OP362", "geometry_source": "GTFS stop sequence"}, "geometry": {"type": "LineString", "coordinates": [[-0.521061832523502, 51.667274783044505], [-0.52190242130384, 51.65832943235783], [-0.520192222636861, 51.65623975797789], [-0.518326248277171, 51.6544987767733], [-0.517024706114476, 51.655399524794554], [-0.509607522342105, 51.6602781651584], [-0.502396838644544, 51.658406042573965], [-0.499695896796106, 51.65701379022154], [-0.492735978583609, 51.655018384857364], [-0.489338767310579, 51.65414747769787], [-0.483732232530568, 51.651908167669234], [-0.478857115731583, 51.65028951567655], [-0.476500237661821, 51.6485864594314], [-0.474851941503681, 51.64429388024173], [-0.471208617369325, 51.64046088422024], [-0.466439065642248, 51.64218809768765], [-0.463318487372057, 51.64386477236277], [-0.451675309065667, 51.646238584900956], [-0.449544217781674, 51.64642627559828], [-0.441690428575675, 51.64700571253513], [-0.434890827205464, 51.65012543209239], [-0.428385359557114, 51.65181896882815], [-0.424326758826942, 51.649219845352825], [-0.421772201740185, 51.6516043936467], [-0.41635611251583, 51.651054905520134], [-0.412520990835729, 51.65076933328571], [-0.408701999848253, 51.64961162746485], [-0.398522741184934, 51.652980145833325], [-0.39775370677081, 51.654291484923846], [-0.399702974498907, 51.65599957240615], [-0.397083373432707, 51.65813092621136], [-0.397068873435468, 51.66018091013155], [-0.396123128357449, 51.663216294171114]]}}, {"type": "Feature", "properties": {"route": "W30", "route_name": "", "route_id": "66403", "agency": "Red Rose Travel", "agency_id": "OP362", "geometry_source": "GTFS stop sequence"}, "geometry": {"type": "LineString", "coordinates": [[-0.431317757177168, 51.64434085705329], [-0.429907014349594, 51.64585064554395], [-0.42753301097603, 51.64762627517859], [-0.425672033917846, 51.64835667056697], [-0.424639344468778, 51.6539628276374], [-0.421463506644212, 51.65341663086508], [-0.416572153318875, 51.65356659104595], [-0.410624027166737, 51.655824166623894], [-0.406972425853997, 51.65730333450278], [-0.400190421308135, 51.66350555952784], [-0.396123128357449, 51.663216294171114], [-0.396935282654453, 51.659459724775594], [-0.397139905248728, 51.655299208655855]]}}, {"type": "Feature", "properties": {"route": "16", "route_name": "", "route_id": "66005", "agency": "Red Rose Travel", "agency_id": "OP362", "geometry_source": "GTFS stop sequence"}, "geometry": {"type": "LineString", "coordinates": [[-0.813005, 51.815007], [-0.809335, 51.815554], [-0.80949, 51.816806], [-0.812238, 51.818812], [-0.816563, 51.820411], [-0.818977, 51.821316], [-0.824684, 51.822646], [-0.830315, 51.823848], [-0.837312, 51.825437], [-0.840412, 51.826196], [-0.860733, 51.832868], [-0.86715, 51.833362], [-0.883623, 51.841558], [-0.891767, 51.842111], [-0.902619, 51.844137], [-0.916958, 51.845484], [-0.919328, 51.845937], [-0.923285, 51.845587], [-0.93359, 51.862854], [-0.927691, 51.86602], [-0.924396, 51.867788], [-0.919959, 51.870499], [-0.918499, 51.873263], [-0.922617, 51.874785], [-0.920001, 51.875408], [-0.916608, 51.874577], [-0.924223, 51.867741], [-0.927489, 51.866], [-0.933606, 51.8628], [-0.960457, 51.852592], [-0.97546, 51.856384], [-0.985107, 51.858706], [-0.997541, 51.865089], [-0.999972, 51.874667], [-1.003092, 51.876744], [-1.006408, 51.879217], [-1.008569, 51.880027], [-1.012822, 51.881537], [-1.016789, 51.882829], [-1.017078, 51.896246], [-1.01474, 51.897495], [-1.010857, 51.910814], [-1.004077, 51.911081], [-1.001099, 51.915542], [-0.983739, 51.936155], [-0.987078, 51.937757], [-1.031979, 51.929808], [-1.03596, 51.931361], [-1.040894, 51.929863], [-1.055522, 51.924443], [-1.059442, 51.904559]]}}, {"type": "Feature", "properties": {"route": "100", "route_name": "", "route_id": "66003", "agency": "Red Rose Travel", "agency_id": "OP362", "geometry_source": "GTFS stop sequence"}, "geometry": {"type": "LineString", "coordinates": [[-0.755994, 52.042253], [-0.7540325, 52.0362352], [-0.7514647, 52.0347335], [-0.7448659, 52.0309051], [-0.7426037, 52.0278869], [-0.7407924, 52.023354], [-0.7379828, 52.021166], [-0.7348842, 52.0194155], [-0.7325362, 52.0168997], [-0.731709, 52.014633], [-0.7301881, 52.0087284], [-0.7151893, 51.9982708], [-0.7173108, 51.9964147], [-0.7182222, 51.995103], [-0.7207177, 51.9918663], [-0.7217881, 51.9900796], [-0.7210569, 51.9886511], [-0.7197794, 51.9844203], [-0.7190284, 51.9811393], [-0.720893, 51.975916], [-0.7331675, 51.9733799], [-0.7342782, 51.971162], [-0.696686, 51.903952], [-0.70669, 51.898767], [-0.710081, 51.898112], [-0.715443, 51.896642], [-0.718131, 51.894108], [-0.719164, 51.893064], [-0.727258, 51.887904], [-0.756006, 51.868825], [-0.766743, 51.854256], [-0.773593, 51.843169], [-0.774393, 51.835624], [-0.778304, 51.834316], [-0.783097, 51.833098], [-0.789103, 51.829411], [-0.792976, 51.827292], [-0.798044, 51.82444], [-0.802143, 51.822504], [-0.805471, 51.820676], [-0.809986, 51.818933], [-0.812238, 51.818812], [-0.816305, 51.819176], [-0.818219, 51.817002]]}}, {"type": "Feature", "properties": {"route": "108", "route_name": "", "route_id": "4279888", "agency": "Red Rose Travel", "agency_id": "OP362", "geometry_source": "GTFS stop sequence"}, "geometry": {"type": "LineString", "coordinates": [[-1.1509, 51.76567], [-1.15443, 51.76733], [-1.16234, 51.77528], [-1.16308, 51.77838], [-1.16934, 51.79036], [-1.17848, 51.78464], [-1.18981, 51.77269], [-1.19461, 51.76396], [-1.19905, 51.76253], [-1.20325, 51.76197], [-1.20646, 51.76135], [-1.21185, 51.75987], [-1.21577, 51.75865], [-1.22235, 51.75663], [-1.2264, 51.75547], [-1.23857, 51.7509], [-1.24205, 51.75018], [-1.25138, 51.75264], [-1.25652, 51.75211]]}}, {"type": "Feature", "properties": {"route": "100", "route_name": "", "route_id": "66003", "agency": "Red Rose Travel", "agency_id": "OP362", "geometry_source": "GTFS stop sequence"}, "geometry": {"type": "LineString", "coordinates": [[-0.813271, 51.81483], [-0.809335, 51.815554], [-0.80949, 51.816806], [-0.808838, 51.819541], [-0.805804, 51.820716], [-0.802405, 51.822497], [-0.797583, 51.824867], [-0.792751, 51.827578], [-0.788082, 51.830119], [-0.782318, 51.833477], [-0.778022, 51.834538], [-0.775275, 51.835238], [-0.773893, 51.843891], [-0.768546, 51.853106], [-0.755719, 51.869226], [-0.727371, 51.88804], [-0.719204, 51.893149], [-0.718603, 51.894374], [-0.714934, 51.897131], [-0.709308, 51.898229], [-0.706746, 51.898866], [-0.696713, 51.904043], [-0.7331675, 51.9733799], [-0.7342782, 51.971162], [-0.7265634, 51.9742168], [-0.7202166, 51.976234], [-0.7196249, 51.9816673], [-0.7198322, 51.9851222], [-0.7220197, 51.9901271], [-0.720476, 51.9921693], [-0.71889, 51.9946696], [-0.7176654, 51.9962388], [-0.7304938, 52.0087407], [-0.7320863, 52.0152854], [-0.7327426, 52.016812], [-0.7350905, 52.0193368], [-0.7381893, 52.0210783], [-0.7401635, 52.0223942], [-0.7427695, 52.0276908], [-0.7468159, 52.0320677], [-0.749845, 52.0337453], [-0.7544013, 52.0360773], [-0.755994, 52.042253]]}}, {"type": "Feature", "properties": {"route": "H10", "route_name": "", "route_id": "2414", "agency": "Red Rose Travel", "agency_id": "OP362", "geometry_source": "GTFS stop sequence"}, "geometry": {"type": "LineString", "coordinates": [[-0.472281355561308, 51.75337710883868], [-0.472245794577067, 51.751425422128406]]}}, {"type": "Feature", "properties": {"route": "108", "route_name": "", "route_id": "4279888", "agency": "Red Rose Travel", "agency_id": "OP362", "geometry_source": "GTFS stop sequence"}, "geometry": {"type": "LineString", "coordinates": [[-1.15388, 51.8986], [-1.14784, 51.89248], [-1.14318, 51.88772], [-1.13518, 51.89194], [-1.13773, 51.89179], [-1.14024, 51.88885], [-1.09959, 51.86968], [-1.07317, 51.85189], [-1.094173, 51.822624], [-1.13118, 51.80656], [-1.13954, 51.80752], [-1.17599, 51.79395], [-1.18209, 51.79668], [-1.17839, 51.78474], [-1.16589, 51.7785], [-1.16266, 51.7757], [-1.1509, 51.76567], [-1.15443, 51.76733], [-1.16234, 51.77528], [-1.16308, 51.77838], [-1.16865, 51.78138], [-1.17848, 51.78464], [-1.18981, 51.77269], [-1.19461, 51.76396], [-1.19905, 51.76253], [-1.20325, 51.76197], [-1.20646, 51.76135], [-1.21185, 51.75987], [-1.21577, 51.75865], [-1.22235, 51.75663], [-1.2264, 51.75547], [-1.23857, 51.7509], [-1.24205, 51.75018], [-1.25138, 51.75264], [-1.25652, 51.75211]]}}, {"type": "Feature", "properties": {"route": "16", "route_name": "", "route_id": "66005", "agency": "Red Rose Travel", "agency_id": "OP362", "geometry_source": "GTFS stop sequence"}, "geometry": {"type": "LineString", "coordinates": [[-1.059556, 51.904695], [-1.055967, 51.924033], [-1.040907, 51.929935], [-1.035494, 51.931411], [-1.031573, 51.929778], [-1.023466, 51.918643], [-1.012445, 51.916627], [-0.983739, 51.936155], [-0.987078, 51.937757], [-0.989382, 51.934605], [-1.001717, 51.916528], [-1.001099, 51.915542], [-1.004077, 51.911081], [-1.010787, 51.910697], [-1.014699, 51.897351], [-1.015528, 51.893986], [-1.016215, 51.891177], [-1.015246, 51.882304], [-1.011955, 51.881314], [-1.007961, 51.879932], [-1.005244, 51.878641], [-1.003608, 51.877063], [-1.000054, 51.874893], [-0.997662, 51.86553], [-0.984643, 51.858711], [-0.973853, 51.856154], [-0.960651, 51.852929], [-0.948592, 51.851642], [-0.93359, 51.862854], [-0.927691, 51.86602], [-0.924396, 51.867788], [-0.919959, 51.870499], [-0.918499, 51.873263], [-0.922617, 51.874785], [-0.920001, 51.875408], [-0.916608, 51.874577], [-0.918232, 51.873468], [-0.920264, 51.86989], [-0.924223, 51.867741], [-0.927489, 51.866], [-0.933606, 51.8628], [-0.92261, 51.845859], [-0.919381, 51.846135], [-0.916301, 51.845622], [-0.900088, 51.843763], [-0.890734, 51.842191], [-0.881086, 51.841417], [-0.866135, 51.833325], [-0.859249, 51.83128], [-0.858151, 51.832807], [-0.849627, 51.830959], [-0.840259, 51.826252], [-0.837222, 51.825526], [-0.832736, 51.82452], [-0.829864, 51.823898], [-0.824398, 51.822638], [-0.821036, 51.821912], [-0.81834, 51.821247], [-0.81643, 51.82049], [-0.816305, 51.819176], [-0.818219, 51.817002], [-0.813005, 51.815007]]}}, {"type": "Feature", "properties": {"route": "7B", "route_name": "", "route_id": "7482425", "agency": "Red Rose Travel", "agency_id": "OP362", "geometry_source": "GTFS stop sequence"}, "geometry": {"type": "LineString", "coordinates": [[-0.813119, 51.815098], [-0.806818, 51.816356], [-0.800104, 51.815146], [-0.797377, 51.815154], [-0.793661, 51.815215], [-0.788891, 51.816218], [-0.787694, 51.817563], [-0.785465, 51.817351], [-0.782514, 51.81706], [-0.780707, 51.815711], [-0.780363, 51.814484], [-0.778393, 51.813331], [-0.775436, 51.812176], [-0.775521, 51.81063], [-0.77543, 51.809694], [-0.775641, 51.806738], [-0.777957, 51.805818], [-0.778961, 51.807321], [-0.786379, 51.80604]]}}, {"type": "Feature", "properties": {"route": "501", "route_name": "", "route_id": "5456", "agency": "Red Rose Travel", "agency_id": "OP362", "geometry_source": "GTFS stop sequence"}, "geometry": {"type": "LineString", "coordinates": [[-0.8131, 51.814702], [-0.809736, 51.815208], [-0.806818, 51.816356], [-0.800104, 51.815146], [-0.797377, 51.815154], [-0.793661, 51.815215], [-0.788426, 51.814612], [-0.783988, 51.813479], [-0.780196, 51.812639], [-0.777124, 51.811951], [-0.768646, 51.810064], [-0.761235, 51.808422], [-0.755689, 51.807196], [-0.749144, 51.805587], [-0.741893, 51.80399], [-0.733664, 51.802086], [-0.725839, 51.800329], [-0.722566, 51.799637], [-0.715501, 51.798202], [-0.707303, 51.796323], [-0.703833, 51.795449], [-0.6912, 51.7927], [-0.682494555977513, 51.7908086064248], [-0.676492100010066, 51.78980607542283], [-0.671462514041225, 51.7902438941252], [-0.667496816204631, 51.791970363592576], [-0.665947255500393, 51.7928879185978], [-0.660448699838178, 51.793967340522265]]}}, {"type": "Feature", "properties": {"route": "24", "route_name": "", "route_id": "4398044", "agency": "Red Rose Travel", "agency_id": "OP362", "geometry_source": "GTFS stop sequence"}, "geometry": {"type": "LineString", "coordinates": [[-1.22687, 51.86519], [-1.27477, 51.87704], [-1.27507, 51.87451], [-1.27676, 51.87234], [-1.2757, 51.87049], [-1.27418, 51.86799], [-1.27256, 51.85545], [-1.27273, 51.85347], [-1.27271, 51.84704], [-1.27066, 51.83551], [-1.26778, 51.83383], [-1.27145, 51.81854], [-1.27611, 51.80932], [-1.27444, 51.80223], [-1.2713, 51.79412], [-1.2715, 51.79076], [-1.27092, 51.78963], [-1.26766, 51.78303], [-1.26492, 51.77769], [-1.26408, 51.77538], [-1.2631, 51.77299], [-1.26172, 51.76853], [-1.25987, 51.75882], [-1.25842, 51.75428]]}}, {"type": "Feature", "properties": {"route": "336", "route_name": "", "route_id": "4615897", "agency": "Red Rose Travel", "agency_id": "OP362", "geometry_source": "GTFS stop sequence"}, "geometry": {"type": "LineString", "coordinates": [[-0.518326248277171, 51.6544987767733], [-0.517024706114476, 51.655399524794554], [-0.509607522342105, 51.6602781651584], [-0.502396838644544, 51.658406042573965], [-0.499695896796106, 51.65701379022154], [-0.492735978583609, 51.655018384857364], [-0.489338767310579, 51.65414747769787], [-0.483732232530568, 51.651908167669234], [-0.478857115731583, 51.65028951567655], [-0.476500237661821, 51.6485864594314], [-0.474851941503681, 51.64429388024173], [-0.471208617369325, 51.64046088422024], [-0.466439065642248, 51.64218809768765], [-0.463318487372057, 51.64386477236277], [-0.451675309065667, 51.646238584900956], [-0.449544217781674, 51.64642627559828], [-0.441690428575675, 51.64700571253513], [-0.434890827205464, 51.65012543209239], [-0.428385359557114, 51.65181896882815], [-0.424326758826942, 51.649219845352825], [-0.421772201740185, 51.6516043936467], [-0.41635611251583, 51.651054905520134], [-0.412520990835729, 51.65076933328571], [-0.408701999848253, 51.64961162746485], [-0.398522741184934, 51.652980145833325], [-0.39775370677081, 51.654291484923846], [-0.399702974498907, 51.65599957240615], [-0.395469973266324, 51.6571467474655], [-0.384967725855991, 51.668710418204036], [-0.386245979917765, 51.66977106248333], [-0.388433755669455, 51.671284784057924], [-0.385381629428219, 51.67333800741543], [-0.383353446701594, 51.67140380114985], [-0.37323495904564, 51.666426378959855], [-0.372092140493551, 51.66401866122846]]}}, {"type": "Feature", "properties": {"route": "B2", "route_name": "", "route_id": "7482437", "agency": "Red Rose Travel", "agency_id": "OP362", "geometry_source": "GTFS stop sequence"}, "geometry": {"type": "LineString", "coordinates": [[-1.148552016, 52.027949704], [-1.144675445, 52.031742763], [-1.141935046, 52.03707242], [-1.124738, 52.035272], [-1.094577, 52.018635], [-1.093447, 52.016873], [-1.05222, 52.003863], [-1.050433, 51.99127], [-1.050173, 51.990476], [-1.045325, 51.990401], [-1.042464, 51.990666], [-1.001088, 51.996937], [-0.980444, 51.991692], [-0.983803, 51.99512], [-0.985276, 51.996957], [-0.985171, 52.001632]]}}, {"type": "Feature", "properties": {"route": "357", "route_name": "", "route_id": "4615899", "agency": "Red Rose Travel", "agency_id": "OP362", "geometry_source": "GTFS stop sequence"}, "geometry": {"type": "LineString", "coordinates": [[-0.299050473795945, 51.72633269940701], [-0.30175635877896, 51.72522085744699], [-0.305476735136652, 51.72369197071008], [-0.308138649664543, 51.723361655262245], [-0.314046775955594, 51.72216970770873], [-0.315109795846274, 51.72200511502965], [-0.311728990774254, 51.72298167878092], [-0.309132770687916, 51.723492861254755], [-0.304097911222993, 51.721460038324174], [-0.302297922529317, 51.71965362155985], [-0.296807245429262, 51.719754000859176], [-0.293147240829758, 51.7208338883872], [-0.288066140830857, 51.71928527100782], [-0.285275234778339, 51.718435289162464], [-0.280553132685572, 51.71735916929387], [-0.276781378519842, 51.71642268920306], [-0.286112621682827, 51.7123688727193], [-0.293786752405434, 51.70807445790374], [-0.289321131051628, 51.70252435584843], [-0.288602731398607, 51.69778405814703], [-0.291796079265362, 51.69560049907536], [-0.291813779516704, 51.69320886166867], [-0.286485096571208, 51.694084416818825], [-0.282618002172495, 51.69380314319764], [-0.280939558713527, 51.69151258399119], [-0.277821193028833, 51.68828370215894], [-0.27656372043318, 51.68139528319126], [-0.274174767749404, 51.67612678889056], [-0.27571350959443, 51.674836537565454], [-0.277684301839948, 51.6732109017318], [-0.278218355150659, 51.672094715552205], [-0.279143358116468, 51.67020194015312], [-0.282452519663683, 51.66873970141775], [-0.282047304438063, 51.666836434658926], [-0.280581851600471, 51.66543919228009], [-0.275418575928371, 51.662800724919556], [-0.274582456773767, 51.662734490915305], [-0.271872249110508, 51.66442113469165], [-0.269481088295132, 51.665698779200945], [-0.266225951539192, 51.66574069144871], [-0.266003779433053, 51.66360627055777], [-0.268080939734223, 51.66108314860428], [-0.27018189856169, 51.6583085602515], [-0.276377080078208, 51.6554502239197], [-0.278500621451537, 51.654348361181945], [-0.279393924260963, 51.653282394373285]]}}, {"type": "Feature", "properties": {"route": "346", "route_name": "", "route_id": "114980", "agency": "Red Rose Travel", "agency_id": "OP362", "geometry_source": "GTFS stop sequence"}, "geometry": {"type": "LineString", "coordinates": [[-0.395469973266324, 51.6571467474655], [-0.392027365333755, 51.65352083239743], [-0.390841526821033, 51.65230864834255], [-0.388567880579641, 51.65079378455915], [-0.387172824201991, 51.64937187386171], [-0.384939200413824, 51.64755175753495], [-0.383446302464085, 51.64522924918549], [-0.382720379922834, 51.6400398251479], [-0.382390761490513, 51.637931140698825], [-0.377690531511378, 51.63317243092005], [-0.381449747653137, 51.633107413399586], [-0.384685699078462, 51.630688146058205], [-0.383301720260625, 51.627755663507216]]}}, {"type": "Feature", "properties": {"route": "336", "route_name": "", "route_id": "4615897", "agency": "Red Rose Travel", "agency_id": "OP362", "geometry_source": "GTFS stop sequence"}, "geometry": {"type": "LineString", "coordinates": [[-0.518326248277171, 51.6544987767733], [-0.517024706114476, 51.655399524794554], [-0.509607522342105, 51.6602781651584], [-0.502396838644544, 51.658406042573965], [-0.499695896796106, 51.65701379022154], [-0.492735978583609, 51.655018384857364], [-0.489338767310579, 51.65414747769787], [-0.483732232530568, 51.651908167669234], [-0.478857115731583, 51.65028951567655], [-0.476500237661821, 51.6485864594314], [-0.474851941503681, 51.64429388024173], [-0.471208617369325, 51.64046088422024], [-0.466439065642248, 51.64218809768765], [-0.463318487372057, 51.64386477236277], [-0.451675309065667, 51.646238584900956], [-0.449544217781674, 51.64642627559828], [-0.441690428575675, 51.64700571253513], [-0.434890827205464, 51.65012543209239], [-0.428385359557114, 51.65181896882815], [-0.424326758826942, 51.649219845352825], [-0.421772201740185, 51.6516043936467], [-0.41635611251583, 51.651054905520134], [-0.412520990835729, 51.65076933328571], [-0.408701999848253, 51.64961162746485], [-0.398522741184934, 51.652980145833325], [-0.39775370677081, 51.654291484923846], [-0.399702974498907, 51.65599957240615], [-0.397083373432707, 51.65813092621136], [-0.397068873435468, 51.66018091013155], [-0.396123128357449, 51.663216294171114]]}}, {"type": "Feature", "properties": {"route": "60", "route_name": "", "route_id": "32620", "agency": "Red Rose Travel", "agency_id": "OP362", "geometry_source": "GTFS stop sequence"}, "geometry": {"type": "LineString", "coordinates": [[-0.80949, 51.816806], [-0.812238, 51.818812], [-0.815422, 51.82075], [-0.814772, 51.826192], [-0.81481, 51.829699], [-0.818637, 51.839862], [-0.828498, 51.851389], [-0.830342, 51.858106], [-0.83216, 51.863609], [-0.833674, 51.865701], [-0.833375, 51.877261], [-0.836238, 51.879492], [-0.837136, 51.880724], [-0.840556, 51.881612], [-0.847764, 51.882681], [-0.860304, 51.884916], [-0.857824, 51.888174], [-0.874446, 51.895185], [-0.875697, 51.898056], [-0.877755, 51.900063], [-0.881887, 51.90806], [-0.885772, 51.918509], [-0.886835, 51.920191], [-0.887819, 51.923347], [-0.886624, 51.938154], [-0.886253, 51.941378], [-0.882943, 51.942839], [-0.881846, 51.945409], [-0.884378, 51.947744], [-0.890923, 51.950198], [-0.897128, 51.951137], [-0.904925, 51.95424], [-0.913482, 51.956603], [-0.931599, 51.961552], [-0.938009, 51.963139], [-0.947824, 51.96854], [-0.952391, 51.970568], [-0.966514, 51.979324], [-0.975846, 51.985106], [-0.978884, 51.989188], [-0.980444, 51.991692], [-0.983803, 51.99512], [-0.985276, 51.996957], [-0.985171, 52.001632]]}}, {"type": "Feature", "properties": {"route": "H10", "route_name": "", "route_id": "2414", "agency": "Red Rose Travel", "agency_id": "OP362", "geometry_source": "GTFS stop sequence"}, "geometry": {"type": "LineString", "coordinates": [[-0.482379285010367, 51.74905697526659], [-0.484719835149537, 51.75097545275828], [-0.488656134086751, 51.75066646031097], [-0.491373206142909, 51.74999101328077], [-0.491289981149459, 51.7477060266592], [-0.489386867181413, 51.74656659827206], [-0.486974813434383, 51.74635573639316], [-0.483386622145922, 51.74579695713862], [-0.477263227991907, 51.744818601064395], [-0.474467958249626, 51.74695837430083], [-0.473738050666018, 51.748414565434125], [-0.472281355561308, 51.75337710883868], [-0.472245794577067, 51.751425422128406]]}}, {"type": "Feature", "properties": {"route": "163", "route_name": "", "route_id": "84259", "agency": "Red Rose Travel", "agency_id": "OP362", "geometry_source": "GTFS stop sequence"}, "geometry": {"type": "LineString", "coordinates": [[-0.587566, 51.864947], [-0.585832, 51.866967], [-0.584439, 51.869702], [-0.58364, 51.8735], [-0.58638, 51.87521], [-0.59052, 51.87663], [-0.59367, 51.87783], [-0.606778, 51.869726], [-0.63691, 51.89699], [-0.64088, 51.89749], [-0.65106, 51.905], [-0.65252, 51.90805], [-0.65832, 51.91451], [-0.66009, 51.916], [-0.66431, 51.91586]]}}, {"type": "Feature", "properties": {"route": "163", "route_name": "", "route_id": "84259", "agency": "Red Rose Travel", "agency_id": "OP362", "geometry_source": "GTFS stop sequence"}, "geometry": {"type": "LineString", "coordinates": [[-0.66402, 51.91598], [-0.66081, 51.91673], [-0.65711, 51.91353], [-0.65464, 51.91111], [-0.65238, 51.90807], [-0.64033, 51.8973], [-0.63645, 51.89692], [-0.60669, 51.86977], [-0.59377, 51.87787], [-0.5904, 51.87666], [-0.58758, 51.87561], [-0.58359, 51.87322], [-0.584545, 51.868651], [-0.585628, 51.867001], [-0.588152, 51.864333], [-0.591474, 51.862125], [-0.580513, 51.850916], [-0.5596, 51.86072], [-0.561562, 51.836937], [-0.577863, 51.846091], [-0.602718, 51.844663], [-0.617291, 51.85326], [-0.644573, 51.877423], [-0.64278, 51.89368], [-0.64289, 51.89762], [-0.64088, 51.89749], [-0.65106, 51.905], [-0.65252, 51.90805], [-0.65832, 51.91451], [-0.66009, 51.916], [-0.66431, 51.91586]]}}, {"type": "Feature", "properties": {"route": "322", "route_name": "", "route_id": "86895", "agency": "Red Rose Travel", "agency_id": "OP362", "geometry_source": "GTFS stop sequence"}, "geometry": {"type": "LineString", "coordinates": [[-1.00667, 51.64801], [-0.99868, 51.65079], [-0.99119, 51.65714], [-0.96848, 51.67179], [-0.96377, 51.6714], [-0.95874, 51.67327], [-0.94974, 51.68095], [-0.93261, 51.68855], [-0.9261, 51.691], [-0.91562, 51.69823], [-0.91383, 51.69905], [-0.91162, 51.69995], [-0.91096, 51.70269], [-0.91099, 51.70543], [-0.90561, 51.70739], [-0.89955, 51.70983], [-0.89479, 51.71194], [-0.883114, 51.71711], [-0.874783, 51.720915], [-0.855849, 51.734004]]}}, {"type": "Feature", "properties": {"route": "165", "route_name": "", "route_id": "4279907", "agency": "Red Rose Travel", "agency_id": "OP362", "geometry_source": "GTFS stop sequence"}, "geometry": {"type": "LineString", "coordinates": [[-0.66431, 51.91586], [-0.67004, 51.91627], [-0.67267, 51.91695], [-0.67508, 51.91765], [-0.678, 51.91775], [-0.67911, 51.91598], [-0.68157, 51.9149], [-0.68096, 51.91357], [-0.68069, 51.91111], [-0.696686, 51.903952], [-0.70669, 51.898767], [-0.710081, 51.898112], [-0.717314, 51.897768], [-0.75518, 51.892982], [-0.778893, 51.892453], [-0.772574, 51.879574], [-0.769353, 51.8725], [-0.764886, 51.871203], [-0.756623, 51.868843], [-0.746723, 51.867226], [-0.741693, 51.86478], [-0.738543, 51.8632], [-0.742292, 51.865192], [-0.747188, 51.867222], [-0.756006, 51.868825], [-0.766743, 51.854256], [-0.773593, 51.843169], [-0.774393, 51.835624], [-0.778304, 51.834316], [-0.783097, 51.833098], [-0.789103, 51.829411], [-0.792976, 51.827292], [-0.798044, 51.82444], [-0.802143, 51.822504], [-0.805471, 51.820676], [-0.809986, 51.818933], [-0.812238, 51.818812], [-0.816305, 51.819176], [-0.818219, 51.817002], [-0.812807, 51.814825], [-0.80845, 51.812785], [-0.805982, 51.810125], [-0.808726, 51.80893], [-0.809823, 51.80583], [-0.807181, 51.803169], [-0.804707, 51.803495], [-0.803148, 51.803748], [-0.801184, 51.802901]]}}, {"type": "Feature", "properties": {"route": "389", "route_name": "", "route_id": "9468", "agency": "Red Rose Travel", "agency_id": "OP362", "geometry_source": "GTFS stop sequence"}, "geometry": {"type": "LineString", "coordinates": [[-0.658155111943033, 51.806754189252835], [-0.649445129000446, 51.802140713340066], [-0.635073801156241, 51.79921436702821], [-0.623454450285792, 51.800742374054764]]}}, {"type": "Feature", "properties": {"route": "B4", "route_name": "", "route_id": "4398092", "agency": "Red Rose Travel", "agency_id": "OP362", "geometry_source": "GTFS stop sequence"}, "geometry": {"type": "LineString", "coordinates": [[-0.985171, 52.001632], [-0.986912, 52.001269], [-0.985378, 52.0047], [-0.983257, 52.006381], [-0.977796, 52.011378], [-0.977246, 52.0138], [-0.971761, 52.031861], [-0.9692, 52.033556], [-0.969574, 52.03123], [-0.975737, 52.014156], [-0.973535, 52.012959], [-0.972008, 52.011552], [-0.976094, 52.009996], [-0.977957, 52.010732], [-0.982919, 52.006486], [-0.989887, 52.004379], [-0.988837, 52.003785], [-0.985634, 52.004333], [-0.986809, 52.001322], [-0.985171, 52.001632]]}}, {"type": "Feature", "properties": {"route": "108", "route_name": "", "route_id": "4279888", "agency": "Red Rose Travel", "agency_id": "OP362", "geometry_source": "GTFS stop sequence"}, "geometry": {"type": "LineString", "coordinates": [[-1.15388, 51.8986], [-1.14784, 51.89248], [-1.14318, 51.88772], [-1.13518, 51.89194], [-1.13773, 51.89179], [-1.14024, 51.88885], [-1.094173, 51.822624], [-1.13118, 51.80656], [-1.13954, 51.80752], [-1.17599, 51.79395], [-1.18209, 51.79668], [-1.17839, 51.78474], [-1.16589, 51.7785], [-1.16266, 51.7757], [-1.1509, 51.76567], [-1.15443, 51.76733], [-1.16234, 51.77528], [-1.16308, 51.77838], [-1.17848, 51.78464], [-1.18981, 51.77269], [-1.19461, 51.76396], [-1.19905, 51.76253], [-1.20325, 51.76197], [-1.20646, 51.76135], [-1.21185, 51.75987], [-1.21577, 51.75865], [-1.22235, 51.75663], [-1.2264, 51.75547], [-1.23857, 51.7509], [-1.24205, 51.75018], [-1.25138, 51.75264], [-1.25652, 51.75211]]}}, {"type": "Feature", "properties": {"route": "167", "route_name": "", "route_id": "85313", "agency": "Red Rose Travel", "agency_id": "OP362", "geometry_source": "GTFS stop sequence"}, "geometry": {"type": "LineString", "coordinates": [[-0.629692, 51.835997], [-0.633758, 51.835451], [-0.639201, 51.833527], [-0.644322, 51.83168], [-0.662144, 51.820375], [-0.668155, 51.81779], [-0.67790325379274, 51.812453707005325], [-0.688281547990286, 51.81623845980517], [-0.689716698427953, 51.81827755031241], [-0.689113399954061, 51.82756805832875], [-0.697357221248314, 51.83154397168819], [-0.693389447523945, 51.83475488861148], [-0.6679, 51.846111], [-0.66439, 51.847465], [-0.684331, 51.868613], [-0.686102, 51.889583], [-0.67966, 51.91151], [-0.67527, 51.91357], [-0.67164, 51.91592], [-0.6675, 51.91617], [-0.66254, 51.91771]]}}, {"type": "Feature", "properties": {"route": "154", "route_name": "", "route_id": "14900", "agency": "Red Rose Travel", "agency_id": "OP362", "geometry_source": "GTFS stop sequence"}, "geometry": {"type": "LineString", "coordinates": [[-0.772854, 51.975956], [-0.716756, 51.95511], [-0.705851, 51.947177], [-0.717355, 51.938203], [-0.719185, 51.936767], [-0.727621, 51.934232], [-0.760211, 51.926011], [-0.762857, 51.9271], [-0.764842, 51.930574], [-0.769264, 51.93267], [-0.77457, 51.935441], [-0.774123, 51.935319], [-0.768784, 51.932656], [-0.7643, 51.929633], [-0.762797, 51.927198], [-0.761859, 51.924284], [-0.759448, 51.919925], [-0.765545, 51.917121], [-0.778893, 51.892453], [-0.772574, 51.879574], [-0.770674, 51.873053], [-0.813715, 51.856474], [-0.819758, 51.856939], [-0.821038, 51.857941], [-0.830203, 51.85788], [-0.82838, 51.852026], [-0.818334, 51.839796], [-0.814512, 51.828357], [-0.814582, 51.826244], [-0.814543, 51.824949], [-0.815235, 51.820712], [-0.816305, 51.819176], [-0.818219, 51.817002], [-0.8131, 51.814702]]}}, {"type": "Feature", "properties": {"route": "60", "route_name": "", "route_id": "32620", "agency": "Red Rose Travel", "agency_id": "OP362", "geometry_source": "GTFS stop sequence"}, "geometry": {"type": "LineString", "coordinates": [[-0.80196, 51.81521], [-0.80829, 51.81611], [-0.824564, 51.813479], [-0.815422, 51.82075], [-0.814772, 51.826192], [-0.81481, 51.829699], [-0.818637, 51.839862], [-0.828498, 51.851389], [-0.830342, 51.858106], [-0.83216, 51.863609], [-0.833674, 51.865701], [-0.833375, 51.877261], [-0.836238, 51.879492], [-0.837136, 51.880724], [-0.840556, 51.881612], [-0.847764, 51.882681], [-0.860304, 51.884916], [-0.857824, 51.888174], [-0.874446, 51.895185], [-0.875697, 51.898056], [-0.877755, 51.900063], [-0.881887, 51.90806], [-0.885772, 51.918509], [-0.886835, 51.920191], [-0.887819, 51.923347], [-0.886624, 51.938154], [-0.886253, 51.941378], [-0.882943, 51.942839], [-0.881846, 51.945409], [-0.884378, 51.947744], [-0.897128, 51.951137], [-0.904925, 51.95424], [-0.913482, 51.956603], [-0.931599, 51.961552], [-0.938009, 51.963139], [-0.947824, 51.96854], [-0.952391, 51.970568], [-0.966514, 51.979324], [-0.975846, 51.985106], [-0.978884, 51.989188], [-0.980444, 51.991692], [-0.983803, 51.99512], [-0.985276, 51.996957], [-0.985171, 52.001632]]}}, {"type": "Feature", "properties": {"route": "502", "route_name": "", "route_id": "97028", "agency": "Red Rose Travel", "agency_id": "OP362", "geometry_source": "GTFS stop sequence"}, "geometry": {"type": "LineString", "coordinates": [[-0.812999, 51.814701], [-0.805357, 51.810703], [-0.80845, 51.812785], [-0.801259, 51.80827], [-0.79713, 51.805917], [-0.790774, 51.801689], [-0.782824, 51.795313], [-0.781282, 51.793319], [-0.778403, 51.789341], [-0.775967, 51.785584], [-0.764662, 51.788649], [-0.761354, 51.783975], [-0.754777, 51.77539], [-0.748015, 51.771461], [-0.745265, 51.768195], [-0.743626, 51.765084], [-0.741357, 51.763333], [-0.737125, 51.764898], [-0.735111, 51.766458], [-0.73136, 51.772038], [-0.729187, 51.774091], [-0.72716, 51.776048], [-0.715812, 51.788773], [-0.713433, 51.796471], [-0.707303, 51.796323], [-0.703833, 51.795449], [-0.6912, 51.7927], [-0.682494555977513, 51.7908086064248], [-0.676492100010066, 51.78980607542283], [-0.671462514041225, 51.7902438941252], [-0.667496816204631, 51.791970363592576], [-0.665947255500393, 51.7928879185978], [-0.660448699838178, 51.793967340522265], [-0.658737170110065, 51.79544942576498], [-0.658226264343823, 51.79947182609463], [-0.657396451008525, 51.804461671483494], [-0.658179219150864, 51.806430767826505], [-0.650052466363948, 51.81191253761686], [-0.644392, 51.81581], [-0.629692, 51.835997], [-0.633758, 51.835451], [-0.639201, 51.833527], [-0.644322, 51.83168], [-0.662144, 51.820375]]}}, {"type": "Feature", "properties": {"route": "397", "route_name": "", "route_id": "11345", "agency": "Red Rose Travel", "agency_id": "OP362", "geometry_source": "GTFS stop sequence"}, "geometry": {"type": "LineString", "coordinates": [[-0.658155111943033, 51.806754189252835], [-0.657355276935905, 51.803894732294204], [-0.658474170202263, 51.80284649569627], [-0.660009775741278, 51.800948797879165], [-0.661038499033118, 51.799512871657974], [-0.664400002596222, 51.798633957326054], [-0.668855732513268, 51.798019102782504], [-0.67272063352676, 51.798260603315825], [-0.673155909398214, 51.794300232479806], [-0.671057816366772, 51.79266704764851], [-0.667496816204631, 51.791970363592576], [-0.665947255500393, 51.7928879185978], [-0.660448699838178, 51.793967340522265], [-0.653049735539599, 51.7936040818869], [-0.640321982258173, 51.78142682351617], [-0.640950255802533, 51.778367943912805], [-0.6356091358795, 51.770420419712686], [-0.630400854109311, 51.76293275651609]]}}, {"type": "Feature", "properties": {"route": "W30", "route_name": "", "route_id": "66403", "agency": "Red Rose Travel", "agency_id": "OP362", "geometry_source": "GTFS stop sequence"}, "geometry": {"type": "LineString", "coordinates": [[-0.425923958311229, 51.64442154506874], [-0.42587783656569, 51.64658800273853], [-0.425672033917846, 51.64835667056697], [-0.424639344468778, 51.6539628276374], [-0.421039827827979, 51.65687285810148], [-0.417078026246369, 51.65771872746465], [-0.406972425853997, 51.65730333450278], [-0.400190421308135, 51.66350555952784], [-0.396123128357449, 51.663216294171114], [-0.396935282654453, 51.659459724775594], [-0.397139905248728, 51.655299208655855]]}}, {"type": "Feature", "properties": {"route": "387", "route_name": "", "route_id": "78084", "agency": "Red Rose Travel", "agency_id": "OP362", "geometry_source": "GTFS stop sequence"}, "geometry": {"type": "LineString", "coordinates": [[-0.658155111943033, 51.806754189252835], [-0.657355276935905, 51.803894732294204], [-0.658474170202263, 51.80284649569627], [-0.661038499033118, 51.799512871657974], [-0.664400002596222, 51.798633957326054], [-0.667557477258458, 51.7987686834312], [-0.668855732513268, 51.798019102782504], [-0.67272063352676, 51.798260603315825], [-0.673155909398214, 51.794300232479806], [-0.671057816366772, 51.79266704764851], [-0.667496816204631, 51.791970363592576], [-0.665947255500393, 51.7928879185978], [-0.660448699838178, 51.793967340522265], [-0.650736217323667, 51.7992152857226], [-0.647260961343459, 51.79806939447658], [-0.635073801156241, 51.79921436702821], [-0.623454450285792, 51.800742374054764], [-0.601755774590637, 51.80269831148977]]}}, {"type": "Feature", "properties": {"route": "55", "route_name": "", "route_id": "4591326", "agency": "Red Rose Travel", "agency_id": "OP362", "geometry_source": "GTFS stop sequence"}, "geometry": {"type": "LineString", "coordinates": [[-0.812999, 51.814701], [-0.80845, 51.812785], [-0.805357, 51.810703], [-0.801259, 51.80827], [-0.79713, 51.805917], [-0.790774, 51.801689], [-0.782824, 51.795313], [-0.781282, 51.793319], [-0.778403, 51.789341], [-0.775967, 51.785584], [-0.764662, 51.788649], [-0.761354, 51.783975], [-0.754777, 51.77539], [-0.748015, 51.771461], [-0.745265, 51.768195], [-0.743626, 51.765084], [-0.741357, 51.763333], [-0.737125, 51.764898], [-0.735111, 51.766458], [-0.73136, 51.772038], [-0.729187, 51.774091], [-0.72716, 51.776048], [-0.729043, 51.774054], [-0.731293, 51.771866], [-0.734879, 51.766465], [-0.736954, 51.764797], [-0.734243, 51.74513], [-0.727862, 51.732014], [-0.711893, 51.708452], [-0.707028, 51.704461], [-0.668062, 51.702263], [-0.620286, 51.701496], [-0.615475, 51.704092], [-0.612512, 51.70635]]}}, {"type": "Feature", "properties": {"route": "40", "route_name": "", "route_id": "60896", "agency": "Red Rose Travel", "agency_id": "OP362", "geometry_source": "GTFS stop sequence"}, "geometry": {"type": "LineString", "coordinates": [[-0.757808, 51.632633], [-0.760111, 51.633494], [-0.764539, 51.634853], [-0.772134, 51.637172], [-0.778584, 51.639127], [-0.785106, 51.641119], [-0.788217, 51.642068], [-0.79431, 51.643911], [-0.800231, 51.644637], [-0.80337, 51.644544], [-0.822974, 51.63985], [-0.829124, 51.640091], [-0.833873, 51.641406], [-0.856934, 51.648476], [-0.864179, 51.65065], [-0.887512, 51.657015], [-0.889907, 51.655419], [-0.892091, 51.652985], [-0.893391, 51.653042], [-0.896843, 51.657328], [-0.898742, 51.65891], [-0.902628, 51.660232], [-0.908386, 51.661248], [-0.96377, 51.6714], [-0.95874, 51.67327], [-0.94974, 51.68095], [-0.93261, 51.68855], [-0.93166, 51.68927], [-0.9261, 51.691], [-0.91562, 51.69823], [-0.91383, 51.69905], [-0.91162, 51.69995], [-0.90811, 51.70146], [-0.90538, 51.70282], [-0.90798, 51.70569], [-0.91054, 51.70548], [-0.91372, 51.7049], [-0.93373, 51.71439], [-0.94087, 51.72329], [-0.95813, 51.74033], [-0.9635, 51.74617], [-0.96904, 51.74517], [-0.97569, 51.74588], [-0.9777, 51.74975], [-0.97891, 51.74771]]}}, {"type": "Feature", "properties": {"route": "108", "route_name": "", "route_id": "4279888", "agency": "Red Rose Travel", "agency_id": "OP362", "geometry_source": "GTFS stop sequence"}, "geometry": {"type": "LineString", "coordinates": [[-1.25524, 51.75238], [-1.2507, 51.75272], [-1.24071, 51.75048], [-1.23611, 51.7524], [-1.22501, 51.75593], [-1.22092, 51.75712], [-1.21609, 51.75868], [-1.20974, 51.76055], [-1.20559, 51.76165], [-1.20175, 51.76227], [-1.19906, 51.76263], [-1.19085, 51.76252], [-1.18054, 51.76315], [-1.16083, 51.76137], [-1.1509, 51.76567], [-1.15443, 51.76733], [-1.16234, 51.77528], [-1.16308, 51.77838], [-1.17848, 51.78464], [-1.18213, 51.79674], [-1.17583, 51.79397], [-1.13905, 51.80758], [-1.13125, 51.80663]]}}, {"type": "Feature", "properties": {"route": "162", "route_name": "", "route_id": "8929", "agency": "Red Rose Travel", "agency_id": "OP362", "geometry_source": "GTFS stop sequence"}, "geometry": {"type": "LineString", "coordinates": [[-0.66411, 51.91726], [-0.67004, 51.91627], [-0.67267, 51.91695], [-0.67508, 51.91765], [-0.67936, 51.9197], [-0.68374, 51.9218], [-0.68724, 51.92342], [-0.71779, 51.933658], [-0.719185, 51.936767], [-0.727621, 51.934232], [-0.760211, 51.926011], [-0.761859, 51.924284], [-0.759622, 51.919972], [-0.762474, 51.92519], [-0.762857, 51.9271], [-0.764842, 51.930574], [-0.769264, 51.93267], [-0.77457, 51.935441]]}}, {"type": "Feature", "properties": {"route": "W1", "route_name": "", "route_id": "29767", "agency": "Red Rose Travel", "agency_id": "OP362", "geometry_source": "GTFS stop sequence"}, "geometry": {"type": "LineString", "coordinates": [[-0.496003411495247, 51.644090103152806], [-0.493252425458639, 51.64293084424845], [-0.490919545231837, 51.64050003545079], [-0.493356690803632, 51.638912776981584], [-0.495469767270779, 51.63706954173552], [-0.492355409642784, 51.63685875040045], [-0.48817568659289, 51.634790811028765], [-0.484496315312526, 51.635930322389086], [-0.479940778991934, 51.63733713179855], [-0.473172730850477, 51.63920957739036], [-0.471208617369325, 51.64046088422024], [-0.466439065642248, 51.64218809768765], [-0.463318487372057, 51.64386477236277], [-0.451675309065667, 51.646238584900956], [-0.449544217781674, 51.64642627559828], [-0.441690428575675, 51.64700571253513], [-0.434890827205464, 51.65012543209239], [-0.428385359557114, 51.65181896882815], [-0.421772201740185, 51.6516043936467], [-0.41635611251583, 51.651054905520134], [-0.412520990835729, 51.65076933328571], [-0.408701999848253, 51.64961162746485], [-0.403875374118263, 51.64998673465342], [-0.398522741184934, 51.652980145833325], [-0.39775370677081, 51.654291484923846], [-0.397404754625258, 51.65516794265392]]}}, {"type": "Feature", "properties": {"route": "163", "route_name": "", "route_id": "84259", "agency": "Red Rose Travel", "agency_id": "OP362", "geometry_source": "GTFS stop sequence"}, "geometry": {"type": "LineString", "coordinates": [[-0.66254, 51.91771], [-0.65711, 51.91353], [-0.65464, 51.91111], [-0.65238, 51.90807], [-0.64033, 51.8973], [-0.63645, 51.89692], [-0.60669, 51.86977], [-0.59377, 51.87787], [-0.5904, 51.87666], [-0.58758, 51.87561], [-0.58359, 51.87322], [-0.584545, 51.868651], [-0.585628, 51.867001], [-0.588152, 51.864333]]}}, {"type": "Feature", "properties": {"route": "16", "route_name": "", "route_id": "66005", "agency": "Red Rose Travel", "agency_id": "OP362", "geometry_source": "GTFS stop sequence"}, "geometry": {"type": "LineString", "coordinates": [[-1.059556, 51.904695], [-1.055967, 51.924033], [-1.040907, 51.929935], [-1.035494, 51.931411], [-1.031573, 51.929778], [-1.023466, 51.918643], [-1.012445, 51.916627], [-0.983739, 51.936155], [-0.987078, 51.937757], [-0.989382, 51.934605], [-1.001717, 51.916528], [-1.001099, 51.915542], [-1.004077, 51.911081], [-1.010787, 51.910697], [-1.014699, 51.897351], [-1.015528, 51.893986], [-1.016215, 51.891177], [-1.015246, 51.882304], [-1.011955, 51.881314], [-1.007961, 51.879932], [-1.005244, 51.878641], [-1.003608, 51.877063], [-1.000054, 51.874893], [-0.997662, 51.86553], [-0.984643, 51.858711], [-0.973853, 51.856154], [-0.960651, 51.852929], [-0.948592, 51.851642], [-0.93359, 51.862854], [-0.927691, 51.86602], [-0.924396, 51.867788], [-0.919959, 51.870499], [-0.918499, 51.873263], [-0.922617, 51.874785], [-0.920001, 51.875408], [-0.916608, 51.874577], [-0.918232, 51.873468], [-0.920264, 51.86989], [-0.924223, 51.867741], [-0.927489, 51.866], [-0.933606, 51.8628], [-0.92261, 51.845859], [-0.919381, 51.846135], [-0.916301, 51.845622], [-0.900088, 51.843763], [-0.890734, 51.842191], [-0.881086, 51.841417], [-0.866135, 51.833325], [-0.859249, 51.83128], [-0.858151, 51.832807], [-0.849627, 51.830959], [-0.840259, 51.826252], [-0.837222, 51.825526], [-0.832736, 51.82452], [-0.829864, 51.823898], [-0.824398, 51.822638], [-0.821036, 51.821912], [-0.81834, 51.821247], [-0.81643, 51.82049], [-0.816305, 51.819176], [-0.818219, 51.817002], [-0.813623, 51.815229], [-0.80196, 51.81521]]}}, {"type": "Feature", "properties": {"route": "357", "route_name": "", "route_id": "4615899", "agency": "Red Rose Travel", "agency_id": "OP362", "geometry_source": "GTFS stop sequence"}, "geometry": {"type": "LineString", "coordinates": [[-0.336978584142782, 51.75377059297998], [-0.337911761008585, 51.752030362000646], [-0.332185443581347, 51.75095113582841], [-0.330485628025874, 51.748723970761056], [-0.330813734695323, 51.747289916160334], [-0.327277968386501, 51.74536032346968], [-0.324012582960296, 51.743569358060874], [-0.31622706703448, 51.73947461868228], [-0.312492224579782, 51.737478775383124], [-0.308514572470383, 51.734625075209244], [-0.303811403119771, 51.732210367209305], [-0.300879499101499, 51.728912897586035], [-0.299050473795945, 51.72633269940701], [-0.30175635877896, 51.72522085744699], [-0.305476735136652, 51.72369197071008], [-0.308138649664543, 51.723361655262245], [-0.314046775955594, 51.72216970770873], [-0.315109795846274, 51.72200511502965], [-0.311728990774254, 51.72298167878092], [-0.309132770687916, 51.723492861254755], [-0.304097911222993, 51.721460038324174], [-0.302297922529317, 51.71965362155985], [-0.296807245429262, 51.719754000859176], [-0.293147240829758, 51.7208338883872], [-0.288066140830857, 51.71928527100782], [-0.285275234778339, 51.718435289162464], [-0.280553132685572, 51.71735916929387], [-0.276781378519842, 51.71642268920306], [-0.286112621682827, 51.7123688727193], [-0.293786752405434, 51.70807445790374], [-0.289321131051628, 51.70252435584843], [-0.288602731398607, 51.69778405814703], [-0.291796079265362, 51.69560049907536], [-0.291813779516704, 51.69320886166867], [-0.286485096571208, 51.694084416818825], [-0.282618002172495, 51.69380314319764], [-0.280939558713527, 51.69151258399119], [-0.277821193028833, 51.68828370215894], [-0.27656372043318, 51.68139528319126], [-0.274174767749404, 51.67612678889056], [-0.27571350959443, 51.674836537565454], [-0.277684301839948, 51.6732109017318], [-0.278218355150659, 51.672094715552205], [-0.279143358116468, 51.67020194015312], [-0.282452519663683, 51.66873970141775], [-0.282047304438063, 51.666836434658926], [-0.280581851600471, 51.66543919228009], [-0.275418575928371, 51.662800724919556], [-0.274582456773767, 51.662734490915305], [-0.271872249110508, 51.66442113469165], [-0.269481088295132, 51.665698779200945], [-0.266225951539192, 51.66574069144871], [-0.266003779433053, 51.66360627055777], [-0.268080939734223, 51.66108314860428], [-0.27018189856169, 51.6583085602515], [-0.276377080078208, 51.6554502239197], [-0.275178715574303, 51.65388597749088], [-0.271662106991492, 51.65170313018441], [-0.268698716974817, 51.65018476127883], [-0.265025890935124, 51.64832312571454], [-0.26328990964798, 51.64836040898184], [-0.261143942759464, 51.650801500931244]]}}, {"type": "Feature", "properties": {"route": "357", "route_name": "", "route_id": "4615899", "agency": "Red Rose Travel", "agency_id": "OP362", "geometry_source": "GTFS stop sequence"}, "geometry": {"type": "LineString", "coordinates": [[-0.261143942759464, 51.650801500931244], [-0.261625178610136, 51.651069399190405], [-0.265419571441016, 51.65012737722976], [-0.269185126357072, 51.65031782205155], [-0.27141128097039, 51.651456649714575], [-0.276037558092205, 51.65449207136822], [-0.275309470970753, 51.65615392195049], [-0.270439018836593, 51.6572512724038], [-0.270807340920542, 51.658209865344375], [-0.26826811187393, 51.66110389307475], [-0.266175823414867, 51.66364477925275], [-0.266598617390854, 51.665827121767116], [-0.26767674956914, 51.66637356639752], [-0.269766291122302, 51.66542422463926], [-0.272232422299148, 51.6640757401555], [-0.274601004618934, 51.66262685762897], [-0.276029743048796, 51.66307946252188], [-0.280669924789872, 51.665404513115384], [-0.282204922238481, 51.66687470867598], [-0.282080992325441, 51.66900403157465], [-0.279022279957939, 51.6703440401855], [-0.278595722521631, 51.671677616840974], [-0.277642778835373, 51.67354300165761], [-0.274989507366586, 51.675239544522405], [-0.274543093737148, 51.67633002721421], [-0.276823138290202, 51.68103940442718], [-0.27859006344971, 51.68860969588623], [-0.280994175530121, 51.69121664389135], [-0.28342918388367, 51.693779031092504], [-0.285983707475276, 51.693951212923736], [-0.290442935253685, 51.693494650893456], [-0.292376240273664, 51.69556397340553], [-0.288331538538, 51.69921884047436], [-0.289939924213119, 51.703000952622396], [-0.294406681521082, 51.70852407036349], [-0.285566466795025, 51.71264865058221], [-0.276748785502439, 51.71575679787626], [-0.280560291149109, 51.717170440670316], [-0.286131849919328, 51.71683820874753], [-0.285522566947694, 51.71840293019344], [-0.287209870788809, 51.71895807010069], [-0.293284236985499, 51.72065603744047], [-0.296679046406913, 51.71969819021649], [-0.300954681087974, 51.71802463034973], [-0.30481672646886, 51.72198295679019], [-0.308138649664543, 51.723361655262245], [-0.314046775955594, 51.72216970770873], [-0.315109795846274, 51.72200511502965], [-0.311728990774254, 51.72298167878092], [-0.309132770687916, 51.723492861254755], [-0.305957966796111, 51.72359999731078], [-0.300738297575748, 51.72572767723878], [-0.299000615889283, 51.72688948369951], [-0.30105620092188, 51.72883452425537], [-0.30491644931925, 51.73247808906718], [-0.308997642109689, 51.73487481176976], [-0.313169549907704, 51.73756942764628], [-0.317883914074934, 51.7401008093282], [-0.323619527221512, 51.743231048729434], [-0.328603184222865, 51.74595466393328], [-0.331054379063528, 51.748228498390844], [-0.329806453321939, 51.749856300921145], [-0.326993680314893, 51.750310853854934], [-0.330388405980934, 51.750574934773134], [-0.333516254362532, 51.75100598086067], [-0.337225628139179, 51.75177787422906], [-0.337193813336664, 51.75382758983355], [-0.329841127164302, 51.76030545053905], [-0.326106459258169, 51.76333656463047], [-0.323109007434687, 51.765622756640084], [-0.318706626206152, 51.77021770203121], [-0.316309080762856, 51.77271911605591], [-0.310543662588032, 51.77651192852312], [-0.306880814234869, 51.77948951842538], [-0.304617238228155, 51.781866738541], [-0.303399080817577, 51.78380940962113], [-0.297047837783614, 51.7996243279592], [-0.291403267259433, 51.80622344562013], [-0.289028401225709, 51.80726794465309], [-0.288682972786731, 51.80872860238572], [-0.288395655628073, 51.80980345190375], [-0.291239000740313, 51.81095081164141], [-0.293908842490858, 51.812086592481215], [-0.294323833122461, 51.815311718450474], [-0.303648736139607, 51.81579728846853], [-0.309308745971139, 51.81768617079651], [-0.315910553316508, 51.81845529083866], [-0.321086101492913, 51.81934755535981], [-0.325818141634764, 51.82046706638979], [-0.334635033592996, 51.82217482172473], [-0.333923808909394, 51.82493424040627], [-0.334496160286299, 51.82594044324053], [-0.336065209283534, 51.82785993374587], [-0.339128074790791, 51.82665336060187], [-0.339285423065106, 51.82553160144117], [-0.341212144803426, 51.82483045304941], [-0.343601583054907, 51.82694124706473], [-0.346954951087532, 51.83087290178748], [-0.347650521033343, 51.83050501897156], [-0.349592113212573, 51.82939930975128], [-0.352642443676261, 51.827733626790724], [-0.354003302300609, 51.82662870149195], [-0.355203948971513, 51.82314767569969], [-0.354779468640513, 51.82205372589187], [-0.356711657942084, 51.818798719306805], [-0.357275760984321, 51.8172510118598], [-0.355967607667128, 51.81572210120872]]}}, {"type": "Feature", "properties": {"route": "16", "route_name": "", "route_id": "66005", "agency": "Red Rose Travel", "agency_id": "OP362", "geometry_source": "GTFS stop sequence"}, "geometry": {"type": "LineString", "coordinates": [[-0.813005, 51.815007], [-0.809335, 51.815554], [-0.80949, 51.816806], [-0.812238, 51.818812], [-0.816563, 51.820411], [-0.818977, 51.821316], [-0.824684, 51.822646], [-0.830315, 51.823848], [-0.837312, 51.825437], [-0.840412, 51.826196], [-0.860733, 51.832868], [-0.86715, 51.833362], [-0.883623, 51.841558], [-0.891767, 51.842111], [-0.902619, 51.844137], [-0.916958, 51.845484], [-0.919328, 51.845937], [-0.923285, 51.845587], [-0.93359, 51.862854], [-0.927691, 51.86602], [-0.924396, 51.867788], [-0.919959, 51.870499], [-0.918499, 51.873263], [-0.922617, 51.874785], [-0.920001, 51.875408], [-0.916608, 51.874577], [-0.924223, 51.867741], [-0.927489, 51.866], [-0.933606, 51.8628], [-0.960457, 51.852592], [-0.960456, 51.849023], [-0.95834, 51.847602], [-0.956801, 51.846365], [-0.955153, 51.842925], [-0.957173, 51.846593], [-0.959588, 51.84826], [-0.97546, 51.856384], [-0.985107, 51.858706], [-0.997541, 51.865089], [-0.999972, 51.874667], [-1.003092, 51.876744], [-1.006408, 51.879217], [-1.008569, 51.880027], [-1.012822, 51.881537], [-1.016789, 51.882829], [-1.017078, 51.896246], [-1.01474, 51.897495], [-1.010857, 51.910814], [-1.004077, 51.911081], [-1.001099, 51.915542], [-0.983739, 51.936155], [-0.987078, 51.937757], [-1.031979, 51.929808], [-1.03596, 51.931361], [-1.040894, 51.929863], [-1.055522, 51.924443], [-1.059442, 51.904559]]}}, {"type": "Feature", "properties": {"route": "16", "route_name": "", "route_id": "66005", "agency": "Red Rose Travel", "agency_id": "OP362", "geometry_source": "GTFS stop sequence"}, "geometry": {"type": "LineString", "coordinates": [[-0.813005, 51.815007], [-0.809335, 51.815554], [-0.80949, 51.816806], [-0.812238, 51.818812], [-0.816563, 51.820411], [-0.818977, 51.821316], [-0.824684, 51.822646], [-0.830315, 51.823848], [-0.837312, 51.825437], [-0.840412, 51.826196], [-0.860733, 51.832868], [-0.86715, 51.833362], [-0.883623, 51.841558], [-0.891767, 51.842111], [-0.902619, 51.844137], [-0.916958, 51.845484], [-0.919328, 51.845937], [-0.923285, 51.845587], [-0.93359, 51.862854], [-0.927691, 51.86602], [-0.924396, 51.867788], [-0.919959, 51.870499], [-0.918499, 51.873263], [-0.922617, 51.874785], [-0.920001, 51.875408], [-0.916608, 51.874577], [-0.924223, 51.867741], [-0.927489, 51.866], [-0.933606, 51.8628], [-0.960457, 51.852592], [-0.960456, 51.849023], [-0.95834, 51.847602], [-0.956801, 51.846365], [-0.955153, 51.842925], [-0.957173, 51.846593], [-0.959588, 51.84826], [-0.97546, 51.856384], [-0.985107, 51.858706], [-0.997541, 51.865089], [-0.999972, 51.874667], [-1.003092, 51.876744], [-1.006408, 51.879217], [-1.008569, 51.880027], [-1.012822, 51.881537], [-1.016789, 51.882829], [-1.017078, 51.896246], [-1.01474, 51.897495], [-1.010857, 51.910814], [-1.004077, 51.911081], [-1.001099, 51.915542], [-0.983739, 51.936155], [-0.987078, 51.937757]]}}, {"type": "Feature", "properties": {"route": "55", "route_name": "", "route_id": "4591326", "agency": "Red Rose Travel", "agency_id": "OP362", "geometry_source": "GTFS stop sequence"}, "geometry": {"type": "LineString", "coordinates": [[-0.612512, 51.70635], [-0.616213, 51.703615], [-0.620289, 51.701424], [-0.66805, 51.702164], [-0.70731, 51.704221], [-0.712064, 51.708544], [-0.728175, 51.732215], [-0.73457, 51.744333], [-0.737125, 51.764898], [-0.735111, 51.766458], [-0.73136, 51.772038], [-0.729187, 51.774091], [-0.72716, 51.776048], [-0.729043, 51.774054], [-0.731293, 51.771866], [-0.734879, 51.766465], [-0.736954, 51.764797], [-0.74197, 51.763691], [-0.744337, 51.766108], [-0.745135, 51.767645], [-0.750503, 51.772683], [-0.754716, 51.774419], [-0.754952, 51.77532], [-0.761222, 51.783506], [-0.765576, 51.788641], [-0.774772, 51.785824], [-0.77746, 51.786122], [-0.779804, 51.791163], [-0.782472, 51.794365], [-0.785341, 51.797137], [-0.789564, 51.800283], [-0.792419, 51.802533], [-0.797877, 51.806185], [-0.802239, 51.808505], [-0.804619, 51.810111], [-0.805982, 51.810125], [-0.806915, 51.810485], [-0.808104, 51.81217], [-0.815757, 51.815178], [-0.815259, 51.814256], [-0.812999, 51.814701]]}}, {"type": "Feature", "properties": {"route": "K2", "route_name": "", "route_id": "5600207", "agency": "Red Rose Travel", "agency_id": "OP362", "geometry_source": "GTFS stop sequence"}, "geometry": {"type": "LineString", "coordinates": [[-0.815259, 51.814256], [-0.813169, 51.815395], [-0.809736, 51.815208], [-0.80184, 51.819399], [-0.795358, 51.820607], [-0.774053, 51.82411], [-0.771962, 51.824783], [-0.772451, 51.826072]]}}, {"type": "Feature", "properties": {"route": "617", "route_name": "", "route_id": "72188", "agency": "Red Rose Travel", "agency_id": "OP362", "geometry_source": "GTFS stop sequence"}, "geometry": {"type": "LineString", "coordinates": [[-0.921715, 51.843837], [-0.92261, 51.845859], [-0.916301, 51.845622], [-0.900088, 51.843763], [-0.890734, 51.842191], [-0.881086, 51.841417], [-0.866135, 51.833325], [-0.858151, 51.832807], [-0.849627, 51.830959], [-0.840259, 51.826252], [-0.837222, 51.825526], [-0.832736, 51.82452], [-0.829864, 51.823898], [-0.824398, 51.822638], [-0.821036, 51.821912], [-0.81834, 51.821247], [-0.81643, 51.82049], [-0.816305, 51.819176], [-0.818219, 51.817002], [-0.815259, 51.814256], [-0.813271, 51.81483]]}}, {"type": "Feature", "properties": {"route": "X60", "route_name": "", "route_id": "1957", "agency": "Red Rose Travel", "agency_id": "OP362", "geometry_source": "GTFS stop sequence"}, "geometry": {"type": "LineString", "coordinates": [[-0.8131, 51.814702], [-0.809335, 51.815554], [-0.80949, 51.816806], [-0.812238, 51.818812], [-0.815422, 51.82075], [-0.814772, 51.826192], [-0.81481, 51.829699], [-0.818637, 51.839862], [-0.828498, 51.851389], [-0.830342, 51.858106], [-0.83216, 51.863609], [-0.833674, 51.865701], [-0.833375, 51.877261], [-0.836238, 51.879492], [-0.837136, 51.880724], [-0.87609, 51.940553], [-0.880163, 51.94115], [-0.881846, 51.945409]]}}, {"type": "Feature", "properties": {"route": "108", "route_name": "", "route_id": "4279888", "agency": "Red Rose Travel", "agency_id": "OP362", "geometry_source": "GTFS stop sequence"}, "geometry": {"type": "LineString", "coordinates": [[-1.25524, 51.75238], [-1.2507, 51.75272], [-1.24071, 51.75048], [-1.23611, 51.7524], [-1.22501, 51.75593], [-1.22092, 51.75712], [-1.21609, 51.75868], [-1.20974, 51.76055], [-1.20559, 51.76165], [-1.20175, 51.76227], [-1.19906, 51.76263], [-1.19085, 51.76252], [-1.18054, 51.76315], [-1.16083, 51.76137], [-1.1509, 51.76567], [-1.15443, 51.76733], [-1.16234, 51.77528], [-1.16308, 51.77838], [-1.18213, 51.79674]]}}, {"type": "Feature", "properties": {"route": "18", "route_name": "", "route_id": "973590", "agency": "Red Rose Travel", "agency_id": "OP362", "geometry_source": "GTFS stop sequence"}, "geometry": {"type": "LineString", "coordinates": [[-0.987078, 51.937757], [-0.991943, 51.936153], [-1.018044, 51.933227], [-1.031979, 51.929808], [-1.03596, 51.931361], [-1.040894, 51.929863], [-1.055522, 51.924443], [-1.059442, 51.904559], [-1.060702, 51.902726], [-1.063691, 51.902282], [-1.067116, 51.901815], [-1.11161, 51.90079], [-1.11328, 51.8994], [-1.11659, 51.89772], [-1.11957, 51.89952], [-1.12943, 51.90517], [-1.13547, 51.90335], [-1.13924, 51.90148], [-1.14083, 51.89973], [-1.15269, 51.89758]]}}, {"type": "Feature", "properties": {"route": "40", "route_name": "", "route_id": "60896", "agency": "Red Rose Travel", "agency_id": "OP362", "geometry_source": "GTFS stop sequence"}, "geometry": {"type": "LineString", "coordinates": [[-0.902628, 51.660232], [-0.908386, 51.661248], [-0.96377, 51.6714], [-0.95874, 51.67327], [-0.94974, 51.68095], [-0.93261, 51.68855], [-0.93166, 51.68927], [-0.9261, 51.691], [-0.91562, 51.69823], [-0.91383, 51.69905], [-0.91162, 51.69995], [-0.90811, 51.70146], [-0.90538, 51.70282], [-0.90798, 51.70569], [-0.91054, 51.70548], [-0.91372, 51.7049], [-0.93373, 51.71439], [-0.94087, 51.72329], [-0.95813, 51.74033], [-0.9635, 51.74617], [-0.96904, 51.74517], [-0.97569, 51.74588], [-0.9777, 51.74975], [-0.97891, 51.74771]]}}, {"type": "Feature", "properties": {"route": "H10", "route_name": "", "route_id": "2414", "agency": "Red Rose Travel", "agency_id": "OP362", "geometry_source": "GTFS stop sequence"}, "geometry": {"type": "LineString", "coordinates": [[-0.449559358104451, 51.74929401946568], [-0.443911748017719, 51.75049622725141], [-0.441190186254108, 51.75170103978215], [-0.434387741619679, 51.752347959353095], [-0.432284757822271, 51.75283246448592], [-0.432360252629805, 51.75190731009214], [-0.433891299706786, 51.751621997146366], [-0.436185871504971, 51.75104110233726], [-0.436782466774232, 51.75054549457617], [-0.437152019243247, 51.74991198724834], [-0.439516385406253, 51.749403890738016], [-0.44459519294228, 51.74915649619775], [-0.452325794386167, 51.747613037596814], [-0.456656284561287, 51.74551193918031], [-0.459983635325089, 51.74435966951948], [-0.462832853702323, 51.7444868867962], [-0.464902088549346, 51.74540412337767], [-0.467542586656066, 51.7435682799486], [-0.471304000244552, 51.74327557435817], [-0.474467958249626, 51.74695837430083], [-0.473738050666018, 51.748414565434125], [-0.472436168114831, 51.75136495369039]]}}, {"type": "Feature", "properties": {"route": "328", "route_name": "", "route_id": "4591282", "agency": "Red Rose Travel", "agency_id": "OP362", "geometry_source": "GTFS stop sequence"}, "geometry": {"type": "LineString", "coordinates": [[-0.397201561229166, 51.6223981235251], [-0.398674421574546, 51.62446841418384], [-0.397034032950225, 51.62510245123148], [-0.394465133849838, 51.62543602582386], [-0.392418271244429, 51.62571374867733], [-0.390328381523586, 51.625981853981195], [-0.387931715839744, 51.626344623397934], [-0.388206195955795, 51.62797595819791], [-0.392091941249977, 51.627588624166165], [-0.394288860072376, 51.628383015558185], [-0.398253128591342, 51.62781671009402], [-0.402331564682582, 51.62728779299539], [-0.4049124338411, 51.627026145187536], [-0.408016822387513, 51.627904539816484], [-0.406250418330332, 51.62966100402871], [-0.401687514725579, 51.62958099598245], [-0.396707412591896, 51.62945015400463], [-0.392565407977281, 51.62972622852157], [-0.388280111565508, 51.63078250079814], [-0.393933046381895, 51.63682169940788], [-0.397736646010527, 51.638375335867096], [-0.399136225114084, 51.64048957305651], [-0.396456515468183, 51.641891738157746], [-0.392500465117837, 51.64382489257516], [-0.386126481782933, 51.64627322468148], [-0.385256398583665, 51.647574103706766], [-0.388852265944309, 51.64929601471217], [-0.390456701600882, 51.651745868068865], [-0.394544047519718, 51.654301603079396], [-0.396199724899809, 51.6553133490685]]}}, {"type": "Feature", "properties": {"route": "108", "route_name": "", "route_id": "4279888", "agency": "Red Rose Travel", "agency_id": "OP362", "geometry_source": "GTFS stop sequence"}, "geometry": {"type": "LineString", "coordinates": [[-1.15388, 51.8986], [-1.14784, 51.89248], [-1.14318, 51.88772], [-1.13518, 51.89194], [-1.13773, 51.89179], [-1.14024, 51.88885], [-1.09959, 51.86968], [-1.07317, 51.85189], [-1.094173, 51.822624], [-1.13118, 51.80656], [-1.13954, 51.80752], [-1.17599, 51.79395], [-1.18209, 51.79668], [-1.17839, 51.78474], [-1.16589, 51.7785], [-1.16266, 51.7757], [-1.1509, 51.76567], [-1.15443, 51.76733], [-1.16234, 51.77528], [-1.16308, 51.77838], [-1.17848, 51.78464], [-1.18981, 51.77269], [-1.19461, 51.76396], [-1.19905, 51.76253], [-1.20325, 51.76197], [-1.20646, 51.76135], [-1.21185, 51.75987], [-1.21577, 51.75865], [-1.22235, 51.75663], [-1.2264, 51.75547], [-1.23857, 51.7509], [-1.24205, 51.75018], [-1.25138, 51.75264], [-1.25652, 51.75211]]}}, {"type": "Feature", "properties": {"route": "W30", "route_name": "", "route_id": "66403", "agency": "Red Rose Travel", "agency_id": "OP362", "geometry_source": "GTFS stop sequence"}, "geometry": {"type": "LineString", "coordinates": [[-0.396123128357449, 51.663216294171114], [-0.396935282654453, 51.659459724775594], [-0.397139905248728, 51.655299208655855], [-0.399827959097468, 51.65614514786872], [-0.400766811224815, 51.66027628291208], [-0.402094615502193, 51.65952104228732], [-0.406704487708372, 51.657110867399446], [-0.409597701109475, 51.65706016279299], [-0.417628087730766, 51.65769916399028], [-0.421603928663545, 51.65644882460007], [-0.424263547006808, 51.65354415373812], [-0.425635851973205, 51.64814936921708], [-0.427629646007157, 51.64733982473207], [-0.429823127397847, 51.64576859582048], [-0.431317757177168, 51.64434085705329]]}}, {"type": "Feature", "properties": {"route": "108", "route_name": "", "route_id": "4279888", "agency": "Red Rose Travel", "agency_id": "OP362", "geometry_source": "GTFS stop sequence"}, "geometry": {"type": "LineString", "coordinates": [[-1.25524, 51.75238], [-1.2507, 51.75272], [-1.24071, 51.75048], [-1.23611, 51.7524], [-1.22501, 51.75593], [-1.22092, 51.75712], [-1.21609, 51.75868], [-1.20974, 51.76055], [-1.20559, 51.76165], [-1.20175, 51.76227], [-1.19906, 51.76263], [-1.19085, 51.76252], [-1.18054, 51.76315], [-1.16083, 51.76137], [-1.1509, 51.76567], [-1.15443, 51.76733], [-1.16234, 51.77528], [-1.16308, 51.77838], [-1.17848, 51.78464], [-1.18213, 51.79674], [-1.17583, 51.79397], [-1.13905, 51.80758], [-1.13125, 51.80663], [-1.094274, 51.822642], [-1.1327, 51.88115], [-1.13518, 51.89194], [-1.13773, 51.89179], [-1.14024, 51.88885], [-1.14467, 51.88797], [-1.148, 51.89278], [-1.15388, 51.8986]]}}, {"type": "Feature", "properties": {"route": "336", "route_name": "", "route_id": "4615897", "agency": "Red Rose Travel", "agency_id": "OP362", "geometry_source": "GTFS stop sequence"}, "geometry": {"type": "LineString", "coordinates": [[-0.396123128357449, 51.663216294171114], [-0.396935282654453, 51.659459724775594], [-0.395469973266324, 51.6571467474655], [-0.394544047519718, 51.654301603079396], [-0.3959732895665, 51.65517537608306], [-0.400931690490032, 51.65148432620514], [-0.40759868007841, 51.648922269583615], [-0.411037840506603, 51.65060540259096], [-0.41548039766817, 51.650881236814094], [-0.419557423294871, 51.65127787212635], [-0.42405291233756, 51.65169796575539], [-0.424326758826942, 51.649219845352825], [-0.430417646734305, 51.65115376409025], [-0.435945643389084, 51.64971686117029], [-0.439862605930871, 51.64761987567687], [-0.443386926095809, 51.646848372303836], [-0.449315822114933, 51.64634233198195], [-0.451880937033229, 51.64614238397218], [-0.463300836940107, 51.64353183804892], [-0.471208617369325, 51.64046088422024], [-0.475174266064705, 51.644594800960746], [-0.476181844741367, 51.64687385533994], [-0.482124092504838, 51.65115005394943], [-0.48480273608823, 51.652317629745426], [-0.489717154529997, 51.65407141676655], [-0.494007600468301, 51.65503469778807], [-0.498529634358431, 51.656432394592755], [-0.502287746165437, 51.65820682913293], [-0.509869722574245, 51.660218548670706], [-0.513096091581245, 51.66412595895081], [-0.521061832523502, 51.667274783044505]]}}, {"type": "Feature", "properties": {"route": "165", "route_name": "", "route_id": "4279907", "agency": "Red Rose Travel", "agency_id": "OP362", "geometry_source": "GTFS stop sequence"}, "geometry": {"type": "LineString", "coordinates": [[-0.66431, 51.91586], [-0.67004, 51.91627], [-0.67267, 51.91695], [-0.67508, 51.91765], [-0.678, 51.91775], [-0.67911, 51.91598], [-0.68157, 51.9149], [-0.68096, 51.91357], [-0.68069, 51.91111], [-0.696686, 51.903952], [-0.70669, 51.898767], [-0.710081, 51.898112], [-0.717314, 51.897768], [-0.75518, 51.892982], [-0.778893, 51.892453], [-0.772574, 51.879574], [-0.769353, 51.8725], [-0.764886, 51.871203], [-0.756623, 51.868843], [-0.766743, 51.854256], [-0.773593, 51.843169], [-0.774393, 51.835624], [-0.778304, 51.834316], [-0.783097, 51.833098], [-0.789103, 51.829411], [-0.792976, 51.827292], [-0.798044, 51.82444], [-0.802143, 51.822504], [-0.805471, 51.820676], [-0.809986, 51.818933], [-0.812238, 51.818812], [-0.816305, 51.819176], [-0.818219, 51.817002], [-0.812807, 51.814825]]}}, {"type": "Feature", "properties": {"route": "17", "route_name": "", "route_id": "4615864", "agency": "Red Rose Travel", "agency_id": "OP362", "geometry_source": "GTFS stop sequence"}, "geometry": {"type": "LineString", "coordinates": [[-0.813119, 51.815098], [-0.809335, 51.815554], [-0.812238, 51.818812], [-0.816563, 51.820411], [-0.818977, 51.821316], [-0.824684, 51.822646], [-0.830315, 51.823848], [-0.837312, 51.825437], [-0.840412, 51.826196], [-0.848088, 51.830258], [-0.860733, 51.832868], [-0.86715, 51.833362], [-0.883623, 51.841558], [-0.891767, 51.842111], [-0.902619, 51.844137], [-0.916958, 51.845484], [-0.919328, 51.845937], [-0.923285, 51.845587], [-0.960457, 51.852592], [-0.97546, 51.856384], [-0.985107, 51.858706], [-0.997541, 51.865089], [-0.999972, 51.874667], [-1.003092, 51.876744], [-1.006408, 51.879217], [-1.008569, 51.880027], [-1.016789, 51.882829], [-1.016409, 51.890927], [-1.11659, 51.89772], [-1.11957, 51.89952], [-1.12943, 51.90517], [-1.13547, 51.90335], [-1.15311, 51.89765]]}}, {"type": "Feature", "properties": {"route": "9", "route_name": "", "route_id": "24568", "agency": "Red Rose Travel", "agency_id": "OP362", "geometry_source": "GTFS stop sequence"}, "geometry": {"type": "LineString", "coordinates": [[-0.813887, 51.795207], [-0.818223, 51.794667], [-0.819916, 51.795906], [-0.821732, 51.799117], [-0.822228, 51.802359], [-0.819431, 51.802825], [-0.817791, 51.803411], [-0.818155, 51.804485], [-0.820312, 51.807393], [-0.82289, 51.808668], [-0.8248, 51.81054], [-0.825953, 51.812569], [-0.823355, 51.814751], [-0.818219, 51.817002], [-0.813005, 51.815007]]}}, {"type": "Feature", "properties": {"route": "B2", "route_name": "", "route_id": "7482437", "agency": "Red Rose Travel", "agency_id": "OP362", "geometry_source": "GTFS stop sequence"}, "geometry": {"type": "LineString", "coordinates": [[-0.985171, 52.001632], [-0.984935, 51.996604], [-0.983728, 51.995236], [-0.980341, 51.991727], [-0.978884, 51.989188], [-1.001088, 51.996937], [-1.007732, 51.981369], [-1.011522, 51.981176], [-1.043636, 51.990351], [-1.047367, 51.990247], [-1.049898, 51.990393], [-1.06834, 51.988751], [-1.14705451, 52.008590447], [-1.150163813, 52.023650032], [-1.150006966, 52.025011194], [-1.148552016, 52.027949704]]}}, {"type": "Feature", "properties": {"route": "397", "route_name": "", "route_id": "11345", "agency": "Red Rose Travel", "agency_id": "OP362", "geometry_source": "GTFS stop sequence"}, "geometry": {"type": "LineString", "coordinates": [[-0.630400854109311, 51.76293275651609], [-0.635684556674485, 51.77032238691849], [-0.641114511705093, 51.77820799319741], [-0.640720546157635, 51.78118865812231], [-0.643655531398882, 51.783866087419334], [-0.63936897074334, 51.79238556794181], [-0.642094381794911, 51.796751023917174], [-0.64716163490899, 51.79799631910985], [-0.650666682144406, 51.79911558042196], [-0.653589653696408, 51.79787227829078]]}}, {"type": "Feature", "properties": {"route": "W1", "route_name": "", "route_id": "29767", "agency": "Red Rose Travel", "agency_id": "OP362", "geometry_source": "GTFS stop sequence"}, "geometry": {"type": "LineString", "coordinates": [[-0.396903953778616, 51.655430868535426], [-0.400931690490032, 51.65148432620514], [-0.403939795101114, 51.64979877754995], [-0.40759868007841, 51.648922269583615], [-0.411037840506603, 51.65060540259096], [-0.41548039766817, 51.650881236814094], [-0.419557423294871, 51.65127787212635], [-0.42405291233756, 51.65169796575539], [-0.430417646734305, 51.65115376409025], [-0.435945643389084, 51.64971686117029], [-0.439862605930871, 51.64761987567687], [-0.443386926095809, 51.646848372303836], [-0.449315822114933, 51.64634233198195], [-0.451880937033229, 51.64614238397218], [-0.463300836940107, 51.64353183804892], [-0.465726933322176, 51.64016459124974], [-0.469673773604267, 51.63883132748999], [-0.472803356899139, 51.64031078750084], [-0.480293155966248, 51.637170845187356], [-0.484132815154828, 51.63599756623504], [-0.487290429936866, 51.63490529771272], [-0.491759475593924, 51.636527386913045], [-0.493766216624279, 51.638765167284], [-0.49109229597517, 51.64052023924645], [-0.493191216976921, 51.64259735654393], [-0.495036964857528, 51.64403276194594], [-0.496003411495247, 51.644090103152806]]}}, {"type": "Feature", "properties": {"route": "321", "route_name": "", "route_id": "84896", "agency": "Red Rose Travel", "agency_id": "OP362", "geometry_source": "GTFS stop sequence"}, "geometry": {"type": "LineString", "coordinates": [[-0.99439, 51.74706], [-0.98818, 51.74833], [-0.98543, 51.74947], [-0.98099, 51.7491], [-0.97837, 51.7475], [-0.97557, 51.74602], [-0.96723, 51.74511], [-0.96271, 51.74602], [-0.95799, 51.74024], [-0.94086, 51.7234], [-0.93357, 51.71444], [-0.9446, 51.71053], [-0.95038, 51.70548], [-0.93261, 51.68855], [-0.93166, 51.68927], [-0.9261, 51.691], [-0.91679, 51.69527], [-0.91562, 51.69823], [-0.91383, 51.69905], [-0.91162, 51.69995], [-0.91096, 51.70269], [-0.91099, 51.70543], [-0.90561, 51.70739], [-0.89955, 51.70983], [-0.89479, 51.71194], [-0.883114, 51.71711], [-0.874783, 51.720915], [-0.85652, 51.735843], [-0.850784, 51.73444], [-0.833305, 51.727722], [-0.828269, 51.73152], [-0.82991, 51.734144], [-0.822096, 51.732249], [-0.82317, 51.731037], [-0.828042, 51.727984], [-0.829311, 51.723672], [-0.833117, 51.721515]]}}, {"type": "Feature", "properties": {"route": "16", "route_name": "", "route_id": "66005", "agency": "Red Rose Travel", "agency_id": "OP362", "geometry_source": "GTFS stop sequence"}, "geometry": {"type": "LineString", "coordinates": [[-0.983739, 51.936155], [-0.987078, 51.937757], [-0.989382, 51.934605], [-1.001717, 51.916528], [-1.010787, 51.910697], [-1.014699, 51.897351], [-1.015528, 51.893986], [-1.016215, 51.891177], [-1.015246, 51.882304], [-1.011955, 51.881314], [-1.007961, 51.879932], [-1.005244, 51.878641], [-1.003608, 51.877063], [-1.000054, 51.874893], [-0.997662, 51.86553], [-0.984643, 51.858711], [-0.973853, 51.856154], [-0.960651, 51.852929], [-0.948592, 51.851642], [-0.92261, 51.845859], [-0.919381, 51.846135], [-0.916301, 51.845622], [-0.900088, 51.843763], [-0.890734, 51.842191], [-0.881086, 51.841417], [-0.866135, 51.833325], [-0.858151, 51.832807], [-0.849627, 51.830959], [-0.840259, 51.826252], [-0.837222, 51.825526], [-0.832736, 51.82452], [-0.829864, 51.823898], [-0.824398, 51.822638], [-0.821036, 51.821912], [-0.81834, 51.821247], [-0.81643, 51.82049], [-0.816305, 51.819176], [-0.818219, 51.817002], [-0.813005, 51.815007]]}}, {"type": "Feature", "properties": {"route": "162", "route_name": "", "route_id": "8929", "agency": "Red Rose Travel", "agency_id": "OP362", "geometry_source": "GTFS stop sequence"}, "geometry": {"type": "LineString", "coordinates": [[-0.66411, 51.91726], [-0.66431, 51.91586], [-0.67004, 51.91627], [-0.67267, 51.91695], [-0.67508, 51.91765], [-0.67936, 51.9197], [-0.68374, 51.9218], [-0.68724, 51.92342], [-0.71779, 51.933658], [-0.719185, 51.936767], [-0.727621, 51.934232], [-0.760211, 51.926011], [-0.761859, 51.924284], [-0.759622, 51.919972], [-0.762474, 51.92519], [-0.762857, 51.9271], [-0.764842, 51.930574], [-0.769264, 51.93267], [-0.77457, 51.935441]]}}, {"type": "Feature", "properties": {"route": "165", "route_name": "", "route_id": "4279907", "agency": "Red Rose Travel", "agency_id": "OP362", "geometry_source": "GTFS stop sequence"}, "geometry": {"type": "LineString", "coordinates": [[-0.66411, 51.91726], [-0.67004, 51.91627], [-0.67267, 51.91695], [-0.67508, 51.91765], [-0.678, 51.91775], [-0.67911, 51.91598], [-0.68157, 51.9149], [-0.68096, 51.91357], [-0.68069, 51.91111], [-0.696686, 51.903952], [-0.70669, 51.898767], [-0.710081, 51.898112], [-0.717314, 51.897768], [-0.75518, 51.892982], [-0.778893, 51.892453], [-0.772574, 51.879574], [-0.769353, 51.8725], [-0.764886, 51.871203], [-0.756623, 51.868843], [-0.746723, 51.867226], [-0.741693, 51.86478], [-0.738543, 51.8632], [-0.742292, 51.865192], [-0.747188, 51.867222], [-0.756006, 51.868825], [-0.766743, 51.854256], [-0.773593, 51.843169], [-0.774393, 51.835624], [-0.778304, 51.834316], [-0.783097, 51.833098], [-0.789103, 51.829411], [-0.792976, 51.827292], [-0.798044, 51.82444], [-0.802143, 51.822504], [-0.805471, 51.820676], [-0.809986, 51.818933], [-0.812238, 51.818812], [-0.816305, 51.819176], [-0.818219, 51.817002], [-0.812807, 51.814825]]}}, {"type": "Feature", "properties": {"route": "W30", "route_name": "", "route_id": "66403", "agency": "Red Rose Travel", "agency_id": "OP362", "geometry_source": "GTFS stop sequence"}, "geometry": {"type": "LineString", "coordinates": [[-0.425923958311229, 51.64442154506874], [-0.42587783656569, 51.64658800273853], [-0.425672033917846, 51.64835667056697], [-0.424639344468778, 51.6539628276374], [-0.421039827827979, 51.65687285810148], [-0.417078026246369, 51.65771872746465], [-0.406972425853997, 51.65730333450278], [-0.400190421308135, 51.66350555952784], [-0.396123128357449, 51.663216294171114]]}}, {"type": "Feature", "properties": {"route": "389", "route_name": "", "route_id": "9468", "agency": "Red Rose Travel", "agency_id": "OP362", "geometry_source": "GTFS stop sequence"}, "geometry": {"type": "LineString", "coordinates": [[-0.658155111943033, 51.806754189252835], [-0.657355276935905, 51.803894732294204], [-0.658474170202263, 51.80284649569627], [-0.660009775741278, 51.800948797879165], [-0.661038499033118, 51.799512871657974], [-0.664400002596222, 51.798633957326054], [-0.667557477258458, 51.7987686834312], [-0.668855732513268, 51.798019102782504], [-0.67272063352676, 51.798260603315825], [-0.673155909398214, 51.794300232479806], [-0.671057816366772, 51.79266704764851], [-0.667496816204631, 51.791970363592576], [-0.665947255500393, 51.7928879185978], [-0.660448699838178, 51.793967340522265], [-0.653694174773401, 51.79582339311787], [-0.650617242715586, 51.79688509928628], [-0.647260961343459, 51.79806939447658], [-0.635073801156241, 51.79921436702821], [-0.623454450285792, 51.800742374054764]]}}, {"type": "Feature", "properties": {"route": "B2", "route_name": "", "route_id": "7482437", "agency": "Red Rose Travel", "agency_id": "OP362", "geometry_source": "GTFS stop sequence"}, "geometry": {"type": "LineString", "coordinates": [[-1.001088, 51.996937], [-0.978884, 51.989188], [-0.980444, 51.991692], [-0.983803, 51.99512], [-0.985276, 51.996957], [-0.985171, 52.001632]]}}, {"type": "Feature", "properties": {"route": "162", "route_name": "", "route_id": "8929", "agency": "Red Rose Travel", "agency_id": "OP362", "geometry_source": "GTFS stop sequence"}, "geometry": {"type": "LineString", "coordinates": [[-0.759622, 51.919972], [-0.762474, 51.92519], [-0.762857, 51.9271], [-0.764842, 51.930574], [-0.769264, 51.93267], [-0.774123, 51.935319], [-0.768784, 51.932656], [-0.7643, 51.929633], [-0.762797, 51.927198], [-0.760789, 51.926152], [-0.727824, 51.934244], [-0.719168, 51.936856], [-0.717503, 51.933493], [-0.67241, 51.91695], [-0.6675, 51.91617], [-0.66254, 51.91771]]}}, {"type": "Feature", "properties": {"route": "389", "route_name": "", "route_id": "9468", "agency": "Red Rose Travel", "agency_id": "OP362", "geometry_source": "GTFS stop sequence"}, "geometry": {"type": "LineString", "coordinates": [[-0.623281573970332, 51.800704383849336], [-0.635774820458862, 51.79905166130432], [-0.64716163490899, 51.79799631910985], [-0.651415339101389, 51.796381734146195], [-0.654339766911185, 51.795570026627594], [-0.660600046956886, 51.79375326646536], [-0.664490818667193, 51.79310516752497], [-0.668579305315097, 51.79115539968207], [-0.671589653590426, 51.792825913821446], [-0.673217849253493, 51.79416605774871], [-0.671104655472006, 51.79748706103872], [-0.66908424460847, 51.798138579688754], [-0.668653241799123, 51.79849336379643], [-0.664880267921056, 51.79857646996559], [-0.661882543830894, 51.79941458007546], [-0.660350000094905, 51.801213429819406], [-0.659821465058771, 51.802897823632215], [-0.657396451008525, 51.804461671483494], [-0.658155111943033, 51.806754189252835]]}}, {"type": "Feature", "properties": {"route": "616", "route_name": "", "route_id": "10932", "agency": "Red Rose Travel", "agency_id": "OP362", "geometry_source": "GTFS stop sequence"}, "geometry": {"type": "LineString", "coordinates": [[-0.921715, 51.843837], [-0.92261, 51.845859], [-0.919381, 51.846135], [-0.916301, 51.845622], [-0.900088, 51.843763], [-0.890734, 51.842191], [-0.881086, 51.841417], [-0.866135, 51.833325], [-0.858151, 51.832807], [-0.849627, 51.830959], [-0.840259, 51.826252], [-0.837222, 51.825526], [-0.832736, 51.82452], [-0.829864, 51.823898], [-0.831487, 51.820623], [-0.835286, 51.817918], [-0.835617, 51.816303], [-0.837493, 51.81446], [-0.833954, 51.808796], [-0.832179, 51.80957], [-0.825953, 51.812569], [-0.823355, 51.814751], [-0.818219, 51.817002], [-0.815259, 51.814256], [-0.813623, 51.815229]]}}, {"type": "Feature", "properties": {"route": "21", "route_name": "", "route_id": "3660", "agency": "Red Rose Travel", "agency_id": "OP362", "geometry_source": "GTFS stop sequence"}, "geometry": {"type": "LineString", "coordinates": [[-0.7726291, 52.0343174], [-0.7675917, 52.0372589], [-0.7622209, 52.0395763], [-0.7556991, 52.0407933], [-0.7513898, 52.0442273], [-0.7446353, 52.0490288], [-0.7385545, 52.0505733], [-0.7413111, 52.0552332], [-0.7434993, 52.0572975], [-0.7468994, 52.0608852], [-0.7487759, 52.0647264], [-0.7503919, 52.0679803], [-0.7538976, 52.070445], [-0.7550487, 52.073649], [-0.754782, 52.0764155], [-0.7536376, 52.0776891], [-0.7477066, 52.0794874], [-0.7450243, 52.0804299], [-0.7409577, 52.0823286], [-0.7351629, 52.0844334], [-0.7312247, 52.0853801], [-0.725082, 52.0863479], [-0.7207211, 52.0872627], [-0.7055003, 52.1093765], [-0.7020341, 52.1528011], [-0.6663251, 52.1694319], [-0.6610172, 52.1728423]]}}, {"type": "Feature", "properties": {"route": "109", "route_name": "", "route_id": "71918", "agency": "Red Rose Travel", "agency_id": "OP362", "geometry_source": "GTFS stop sequence"}, "geometry": {"type": "LineString", "coordinates": [[-1.049849, 51.827034], [-1.050982, 51.818974], [-1.003234, 51.797369], [-1.005646, 51.785925], [-1.002564, 51.776476], [-0.998352, 51.774201], [-0.996294, 51.772251], [-0.992478, 51.769844], [-0.986542, 51.759866], [-0.941051, 51.770768], [-0.934593, 51.772391], [-0.928984, 51.773626], [-0.922283, 51.773205], [-0.919613, 51.773342], [-0.921546, 51.776175], [-0.923457, 51.778701], [-0.926381, 51.784338], [-0.899546, 51.79212], [-0.892252, 51.796313], [-0.883307, 51.800338], [-0.873996, 51.80265], [-0.863314, 51.804627], [-0.855301, 51.803818], [-0.848868, 51.801867], [-0.82743, 51.811483], [-0.824564, 51.813479], [-0.818219, 51.817002], [-0.809736, 51.815208], [-0.806818, 51.816356], [-0.80196, 51.81521]]}}, {"type": "Feature", "properties": {"route": "387", "route_name": "", "route_id": "78084", "agency": "Red Rose Travel", "agency_id": "OP362", "geometry_source": "GTFS stop sequence"}, "geometry": {"type": "LineString", "coordinates": [[-0.660448699838178, 51.793967340522265], [-0.653049735539599, 51.7936040818869], [-0.655718162274382, 51.79700646276953], [-0.650736217323667, 51.7992152857226], [-0.647260961343459, 51.79806939447658], [-0.635073801156241, 51.79921436702821], [-0.623454450285792, 51.800742374054764], [-0.601755774590637, 51.80269831148977]]}}, {"type": "Feature", "properties": {"route": "389", "route_name": "", "route_id": "9468", "agency": "Red Rose Travel", "agency_id": "OP362", "geometry_source": "GTFS stop sequence"}, "geometry": {"type": "LineString", "coordinates": [[-0.623281573970332, 51.800704383849336], [-0.635774820458862, 51.79905166130432], [-0.649992571413292, 51.80226388972087], [-0.658155111943033, 51.806754189252835]]}}, {"type": "Feature", "properties": {"route": "617", "route_name": "", "route_id": "72188", "agency": "Red Rose Travel", "agency_id": "OP362", "geometry_source": "GTFS stop sequence"}, "geometry": {"type": "LineString", "coordinates": [[-0.813271, 51.81483], [-0.809335, 51.815554], [-0.80949, 51.816806], [-0.812238, 51.818812], [-0.816563, 51.820411], [-0.818977, 51.821316], [-0.824684, 51.822646], [-0.830315, 51.823848], [-0.837312, 51.825437], [-0.840412, 51.826196], [-0.860733, 51.832868], [-0.86715, 51.833362], [-0.883623, 51.841558], [-0.891767, 51.842111], [-0.902619, 51.844137], [-0.916958, 51.845484], [-0.919328, 51.845937], [-0.923285, 51.845587], [-0.921715, 51.843837], [-0.960457, 51.852592], [-0.973692, 51.84155]]}}, {"type": "Feature", "properties": {"route": "55B", "route_name": "", "route_id": "4591332", "agency": "Red Rose Travel", "agency_id": "OP362", "geometry_source": "GTFS stop sequence"}, "geometry": {"type": "LineString", "coordinates": [[-0.612512, 51.70635], [-0.610453, 51.708825], [-0.609352, 51.710737], [-0.608086, 51.713806], [-0.60734, 51.716405], [-0.608083, 51.720028], [-0.615048, 51.721387], [-0.61825, 51.721308], [-0.620079, 51.722121], [-0.621525, 51.724071], [-0.623815, 51.726364], [-0.625116, 51.729319], [-0.629296, 51.733289], [-0.639968, 51.740561], [-0.642426, 51.742145], [-0.688665, 51.75846], [-0.681782, 51.756962], [-0.662614, 51.753499], [-0.653522, 51.754753], [-0.64698407271192, 51.7603104026025], [-0.635684556674485, 51.77032238691849], [-0.641114511705093, 51.77820799319741], [-0.640720546157635, 51.78118865812231], [-0.639476393008664, 51.78254998621362], [-0.640813241154087, 51.78341065970292], [-0.643655531398882, 51.783866087419334], [-0.651920134865739, 51.793069624860294], [-0.660600046956886, 51.79375326646536], [-0.664490818667193, 51.79310516752497], [-0.668579305315097, 51.79115539968207], [-0.671466211092907, 51.79011805375388], [-0.676102855845866, 51.78972976100297], [-0.682729352716286, 51.790712329654646], [-0.6922, 51.7927], [-0.715713, 51.7887], [-0.72716, 51.776048], [-0.729043, 51.774054], [-0.731293, 51.771866], [-0.734879, 51.766465], [-0.736954, 51.764797], [-0.74197, 51.763691], [-0.744337, 51.766108], [-0.745135, 51.767645], [-0.750503, 51.772683], [-0.754716, 51.774419], [-0.754952, 51.77532], [-0.761222, 51.783506], [-0.765576, 51.788641], [-0.774772, 51.785824], [-0.77746, 51.786122], [-0.779804, 51.791163], [-0.782472, 51.794365], [-0.785341, 51.797137], [-0.789564, 51.800283], [-0.792419, 51.802533], [-0.797877, 51.806185], [-0.802239, 51.808505], [-0.804619, 51.810111], [-0.805982, 51.810125], [-0.806915, 51.810485], [-0.808104, 51.81217], [-0.815757, 51.815178], [-0.815259, 51.814256], [-0.812999, 51.814701]]}}, {"type": "Feature", "properties": {"route": "100", "route_name": "", "route_id": "66003", "agency": "Red Rose Travel", "agency_id": "OP362", "geometry_source": "GTFS stop sequence"}, "geometry": {"type": "LineString", "coordinates": [[-0.755994, 52.042253], [-0.7540325, 52.0362352], [-0.7514647, 52.0347335], [-0.7448659, 52.0309051], [-0.7426037, 52.0278869], [-0.7407924, 52.023354], [-0.7379828, 52.021166], [-0.7348842, 52.0194155], [-0.7325362, 52.0168997], [-0.731709, 52.014633], [-0.7301881, 52.0087284], [-0.7173108, 51.9964147], [-0.7182222, 51.995103], [-0.7207177, 51.9918663], [-0.7217881, 51.9900796], [-0.7210569, 51.9886511], [-0.7197794, 51.9844203], [-0.7190284, 51.9811393], [-0.720893, 51.975916], [-0.7331675, 51.9733799], [-0.7342782, 51.971162], [-0.696686, 51.903952], [-0.70669, 51.898767], [-0.710081, 51.898112], [-0.715443, 51.896642], [-0.718131, 51.894108], [-0.719164, 51.893064], [-0.727258, 51.887904], [-0.756006, 51.868825], [-0.766743, 51.854256], [-0.773593, 51.843169], [-0.774393, 51.835624], [-0.778304, 51.834316], [-0.783097, 51.833098], [-0.789103, 51.829411], [-0.792976, 51.827292], [-0.798044, 51.82444], [-0.802143, 51.822504], [-0.805471, 51.820676], [-0.809986, 51.818933], [-0.812238, 51.818812], [-0.816305, 51.819176], [-0.818219, 51.817002], [-0.813271, 51.81483]]}}, {"type": "Feature", "properties": {"route": "616", "route_name": "", "route_id": "10932", "agency": "Red Rose Travel", "agency_id": "OP362", "geometry_source": "GTFS stop sequence"}, "geometry": {"type": "LineString", "coordinates": [[-0.813271, 51.81483], [-0.809335, 51.815554], [-0.80949, 51.816806], [-0.812238, 51.818812], [-0.816305, 51.819176], [-0.821674, 51.816371], [-0.824564, 51.813479], [-0.834115, 51.808726], [-0.837395, 51.814315], [-0.835804, 51.816395], [-0.83546, 51.81792], [-0.831586, 51.820732], [-0.830315, 51.823848], [-0.837312, 51.825437], [-0.840412, 51.826196], [-0.860733, 51.832868], [-0.916958, 51.845484], [-0.921715, 51.843837]]}}, {"type": "Feature", "properties": {"route": "108", "route_name": "", "route_id": "55014", "agency": "Red Rose Travel", "agency_id": "OP362", "geometry_source": "GTFS stop sequence"}, "geometry": {"type": "LineString", "coordinates": [[-0.798882, 51.810907], [-0.806915, 51.810485], [-0.808104, 51.81217], [-0.815757, 51.815178], [-0.821674, 51.816371], [-0.824564, 51.813479], [-0.82743, 51.811483], [-0.848868, 51.801867], [-0.855301, 51.803818], [-0.866848, 51.803741], [-0.873053, 51.802686], [-0.88236, 51.800482], [-0.892615, 51.795696], [-0.898862, 51.792248], [-0.930187, 51.792609], [-0.931327, 51.793474], [-1.003234, 51.797369], [-0.98672, 51.777815], [-0.990387, 51.776543], [-0.992618, 51.775294], [-0.997644, 51.777405], [-1.002564, 51.776476], [-1.056607, 51.801828], [-1.067904, 51.80466], [-1.074806, 51.804059], [-1.072209, 51.771561], [-1.06054, 51.763277], [-1.059602, 51.76033], [-1.055687, 51.759759], [-1.037029, 51.756865]]}}, {"type": "Feature", "properties": {"route": "397", "route_name": "", "route_id": "11345", "agency": "Red Rose Travel", "agency_id": "OP362", "geometry_source": "GTFS stop sequence"}, "geometry": {"type": "LineString", "coordinates": [[-0.630400854109311, 51.76293275651609], [-0.635684556674485, 51.77032238691849], [-0.641114511705093, 51.77820799319741], [-0.640720546157635, 51.78118865812231], [-0.643655531398882, 51.783866087419334], [-0.653049735539599, 51.7936040818869], [-0.660600046956886, 51.79375326646536]]}}, {"type": "Feature", "properties": {"route": "25", "route_name": "", "route_id": "70988", "agency": "Red Rose Travel", "agency_id": "OP362", "geometry_source": "GTFS stop sequence"}, "geometry": {"type": "LineString", "coordinates": [[-1.254, 51.92806], [-1.26247, 51.9288], [-1.226, 51.90801], [-1.22304, 51.90734], [-1.18331, 51.90095], [-1.16661, 51.90774], [-1.164, 51.90676], [-1.16026, 51.90469], [-1.15766, 51.90296], [-1.15335, 51.898], [-1.14974, 51.89281]]}}, {"type": "Feature", "properties": {"route": "17", "route_name": "", "route_id": "4615864", "agency": "Red Rose Travel", "agency_id": "OP362", "geometry_source": "GTFS stop sequence"}, "geometry": {"type": "LineString", "coordinates": [[-1.13613, 51.90333], [-1.129, 51.90509], [-1.11675, 51.89805], [-1.017078, 51.896246], [-1.015528, 51.893986], [-1.016215, 51.891177], [-1.015246, 51.882304], [-1.011955, 51.881314], [-1.007961, 51.879932], [-1.005244, 51.878641], [-1.003608, 51.877063], [-1.000054, 51.874893], [-0.997662, 51.86553], [-0.984643, 51.858711], [-0.973853, 51.856154], [-0.960651, 51.852929], [-0.948592, 51.851642], [-0.92261, 51.845859], [-0.919381, 51.846135], [-0.916301, 51.845622], [-0.900088, 51.843763], [-0.890734, 51.842191], [-0.881086, 51.841417], [-0.866135, 51.833325], [-0.858151, 51.832807], [-0.849627, 51.830959], [-0.840259, 51.826252], [-0.837222, 51.825526], [-0.832736, 51.82452], [-0.829864, 51.823898], [-0.824398, 51.822638], [-0.821036, 51.821912], [-0.81834, 51.821247], [-0.81643, 51.82049], [-0.816305, 51.819176], [-0.818219, 51.817002], [-0.813119, 51.815098]]}}, {"type": "Feature", "properties": {"route": "329", "route_name": "", "route_id": "4591287", "agency": "Red Rose Travel", "agency_id": "OP362", "geometry_source": "GTFS stop sequence"}, "geometry": {"type": "LineString", "coordinates": [[-0.397404754625258, 51.65516794265392], [-0.397083373432707, 51.65813092621136], [-0.397068873435468, 51.66018091013155], [-0.3962878142363, 51.663056686652666], [-0.398872949229615, 51.666014362714364], [-0.397353063902514, 51.670156935063936], [-0.39713844984099, 51.67295951294169], [-0.400124663611491, 51.6744029781409], [-0.402783544918048, 51.676111675374976], [-0.405592245684277, 51.6776784727739], [-0.408727989547652, 51.67941148821225], [-0.409998285770676, 51.68072353540521], [-0.411122144095433, 51.683328432379774], [-0.41463921010656, 51.68658608534472], [-0.416529292713202, 51.68963287829215], [-0.411994193231921, 51.6947869997591], [-0.408909473688884, 51.696516678597675], [-0.409586902225001, 51.69824331540259], [-0.410727796682006, 51.7011991236049], [-0.411892731409565, 51.70429911468665], [-0.414141569933886, 51.708690582271394], [-0.415948012171193, 51.7083552732493], [-0.417185967624157, 51.70606102914752], [-0.417785928425441, 51.705457658355094], [-0.423545469957721, 51.70255874890911], [-0.424584235750436, 51.70181735982451], [-0.424111390237899, 51.69959900129463], [-0.426611228466342, 51.69886819157103], [-0.430409596594736, 51.69824460394168], [-0.430448767507257, 51.69627589286262], [-0.429789541418763, 51.69483736517239], [-0.426272666716661, 51.69486224248828]]}}, {"type": "Feature", "properties": {"route": "K2", "route_name": "", "route_id": "5600207", "agency": "Red Rose Travel", "agency_id": "OP362", "geometry_source": "GTFS stop sequence"}, "geometry": {"type": "LineString", "coordinates": [[-0.772451, 51.826072], [-0.772127, 51.829206], [-0.768988, 51.830167], [-0.767529, 51.824852], [-0.771667, 51.824722], [-0.773847, 51.824099], [-0.795364, 51.820582], [-0.801843, 51.819167], [-0.80829, 51.81611], [-0.815757, 51.815178], [-0.815259, 51.814256], [-0.813169, 51.815395]]}}, {"type": "Feature", "properties": {"route": "165", "route_name": "", "route_id": "4279907", "agency": "Red Rose Travel", "agency_id": "OP362", "geometry_source": "GTFS stop sequence"}, "geometry": {"type": "LineString", "coordinates": [[-0.66411, 51.91726], [-0.67004, 51.91627], [-0.67267, 51.91695], [-0.67508, 51.91765], [-0.678, 51.91775], [-0.67911, 51.91598], [-0.68157, 51.9149], [-0.68096, 51.91357], [-0.68069, 51.91111], [-0.696686, 51.903952], [-0.70669, 51.898767], [-0.710081, 51.898112], [-0.717314, 51.897768], [-0.75518, 51.892982], [-0.778893, 51.892453], [-0.772574, 51.879574], [-0.769353, 51.8725], [-0.764886, 51.871203], [-0.756623, 51.868843], [-0.766743, 51.854256], [-0.773593, 51.843169], [-0.774393, 51.835624], [-0.778304, 51.834316], [-0.783097, 51.833098], [-0.789103, 51.829411], [-0.792976, 51.827292], [-0.798044, 51.82444], [-0.802143, 51.822504], [-0.805471, 51.820676], [-0.809986, 51.818933], [-0.812238, 51.818812], [-0.816305, 51.819176], [-0.818219, 51.817002], [-0.812807, 51.814825]]}}, {"type": "Feature", "properties": {"route": "40", "route_name": "", "route_id": "60896", "agency": "Red Rose Travel", "agency_id": "OP362", "geometry_source": "GTFS stop sequence"}, "geometry": {"type": "LineString", "coordinates": [[-0.90811, 51.70146], [-0.90538, 51.70282], [-0.90798, 51.70569], [-0.91054, 51.70548], [-0.91372, 51.7049], [-0.93373, 51.71439], [-0.94087, 51.72329], [-0.95813, 51.74033], [-0.9635, 51.74617], [-0.96904, 51.74517], [-0.97569, 51.74588], [-0.9777, 51.74975], [-0.97891, 51.74771]]}}, {"type": "Feature", "properties": {"route": "389", "route_name": "", "route_id": "9468", "agency": "Red Rose Travel", "agency_id": "OP362", "geometry_source": "GTFS stop sequence"}, "geometry": {"type": "LineString", "coordinates": [[-0.601755774590637, 51.80269831148977], [-0.623281573970332, 51.800704383849336], [-0.660600046956886, 51.79375326646536], [-0.664490818667193, 51.79310516752497], [-0.668579305315097, 51.79115539968207], [-0.671589653590426, 51.792825913821446], [-0.673217849253493, 51.79416605774871], [-0.671104655472006, 51.79748706103872], [-0.66908424460847, 51.798138579688754], [-0.668653241799123, 51.79849336379643], [-0.664880267921056, 51.79857646996559], [-0.661882543830894, 51.79941458007546], [-0.660350000094905, 51.801213429819406], [-0.659821465058771, 51.802897823632215], [-0.649992571413292, 51.80226388972087], [-0.657396451008525, 51.804461671483494], [-0.658155111943033, 51.806754189252835]]}}, {"type": "Feature", "properties": {"route": "275", "route_name": "", "route_id": "4398053", "agency": "Red Rose Travel", "agency_id": "OP362", "geometry_source": "GTFS stop sequence"}, "geometry": {"type": "LineString", "coordinates": [[-1.25556, 51.75233], [-1.2507, 51.75272], [-1.24071, 51.75048], [-1.23611, 51.7524], [-1.22501, 51.75593], [-1.22092, 51.75712], [-1.21609, 51.75868], [-1.20974, 51.76055], [-1.20559, 51.76165], [-1.20175, 51.76227], [-1.19906, 51.76263], [-1.19085, 51.76252], [-1.18054, 51.76315], [-1.16083, 51.76137], [-1.13863, 51.75184], [-1.13389, 51.74789], [-1.12711, 51.74602], [-1.12387, 51.74496], [-1.11935, 51.74335], [-1.11109, 51.74125], [-1.09698, 51.73951], [-1.08893, 51.73856], [-1.08176, 51.73788], [-1.06304, 51.72774], [-1.04996, 51.72386], [-1.00774, 51.71105], [-1.00341, 51.70762], [-0.97443, 51.69018], [-0.95457, 51.67736], [-0.95206, 51.67601], [-0.922881, 51.667037], [-0.915148, 51.662057], [-0.909319, 51.661535], [-0.901487, 51.660168], [-0.898582, 51.658962], [-0.896487, 51.657091], [-0.893751, 51.653711], [-0.892236, 51.652968], [-0.889621, 51.655875], [-0.888088, 51.65711], [-0.864577, 51.650906], [-0.860843, 51.649944], [-0.85779, 51.648907], [-0.833756, 51.641468], [-0.829436, 51.64031], [-0.822754, 51.639965], [-0.801313, 51.64472], [-0.794121, 51.643972], [-0.788516, 51.64226], [-0.785247, 51.641282], [-0.781477, 51.640128], [-0.778409, 51.639215], [-0.777133, 51.638815], [-0.770654, 51.636868], [-0.765997, 51.635426], [-0.759964, 51.633555]]}}, {"type": "Feature", "properties": {"route": "357", "route_name": "", "route_id": "4615899", "agency": "Red Rose Travel", "agency_id": "OP362", "geometry_source": "GTFS stop sequence"}, "geometry": {"type": "LineString", "coordinates": [[-0.279709742502214, 51.65334097424334], [-0.278536816221045, 51.65453772705026], [-0.275309470970753, 51.65615392195049], [-0.270439018836593, 51.6572512724038], [-0.270807340920542, 51.658209865344375], [-0.26826811187393, 51.66110389307475], [-0.266175823414867, 51.66364477925275], [-0.266598617390854, 51.665827121767116], [-0.26767674956914, 51.66637356639752], [-0.269766291122302, 51.66542422463926], [-0.272232422299148, 51.6640757401555], [-0.274601004618934, 51.66262685762897], [-0.276029743048796, 51.66307946252188], [-0.280669924789872, 51.665404513115384], [-0.282204922238481, 51.66687470867598], [-0.282080992325441, 51.66900403157465], [-0.279022279957939, 51.6703440401855], [-0.278595722521631, 51.671677616840974], [-0.277642778835373, 51.67354300165761], [-0.274989507366586, 51.675239544522405], [-0.274543093737148, 51.67633002721421], [-0.276823138290202, 51.68103940442718], [-0.27859006344971, 51.68860969588623], [-0.280994175530121, 51.69121664389135], [-0.28342918388367, 51.693779031092504], [-0.285983707475276, 51.693951212923736], [-0.290442935253685, 51.693494650893456], [-0.292376240273664, 51.69556397340553], [-0.288331538538, 51.69921884047436], [-0.289939924213119, 51.703000952622396], [-0.294406681521082, 51.70852407036349], [-0.285566466795025, 51.71264865058221], [-0.276748785502439, 51.71575679787626], [-0.280560291149109, 51.717170440670316], [-0.286131849919328, 51.71683820874753], [-0.285522566947694, 51.71840293019344], [-0.287209870788809, 51.71895807010069], [-0.293284236985499, 51.72065603744047], [-0.296679046406913, 51.71969819021649], [-0.300954681087974, 51.71802463034973], [-0.30481672646886, 51.72198295679019], [-0.308138649664543, 51.723361655262245], [-0.314046775955594, 51.72216970770873], [-0.315109795846274, 51.72200511502965], [-0.311728990774254, 51.72298167878092], [-0.309132770687916, 51.723492861254755], [-0.305957966796111, 51.72359999731078], [-0.300738297575748, 51.72572767723878], [-0.299000615889283, 51.72688948369951], [-0.30105620092188, 51.72883452425537], [-0.30491644931925, 51.73247808906718], [-0.308997642109689, 51.73487481176976], [-0.313169549907704, 51.73756942764628], [-0.317883914074934, 51.7401008093282], [-0.323619527221512, 51.743231048729434], [-0.328603184222865, 51.74595466393328], [-0.331054379063528, 51.748228498390844], [-0.329806453321939, 51.749856300921145], [-0.326993680314893, 51.750310853854934], [-0.330388405980934, 51.750574934773134], [-0.333516254362532, 51.75100598086067], [-0.337225628139179, 51.75177787422906], [-0.337193813336664, 51.75382758983355], [-0.329841127164302, 51.76030545053905], [-0.326106459258169, 51.76333656463047], [-0.323109007434687, 51.765622756640084], [-0.320257017491234, 51.76671502203528], [-0.31409301559881, 51.76684258344974], [-0.307876358434101, 51.769927419886905], [-0.316309080762856, 51.77271911605591], [-0.310543662588032, 51.77651192852312], [-0.306880814234869, 51.77948951842538], [-0.304617238228155, 51.781866738541], [-0.303399080817577, 51.78380940962113], [-0.297047837783614, 51.7996243279592], [-0.291403267259433, 51.80622344562013], [-0.289028401225709, 51.80726794465309], [-0.288682972786731, 51.80872860238572], [-0.288395655628073, 51.80980345190375], [-0.291239000740313, 51.81095081164141], [-0.293908842490858, 51.812086592481215], [-0.294323833122461, 51.815311718450474], [-0.303648736139607, 51.81579728846853], [-0.309308745971139, 51.81768617079651], [-0.315910553316508, 51.81845529083866], [-0.321086101492913, 51.81934755535981], [-0.325818141634764, 51.82046706638979], [-0.334635033592996, 51.82217482172473], [-0.333923808909394, 51.82493424040627], [-0.334496160286299, 51.82594044324053], [-0.336065209283534, 51.82785993374587], [-0.339128074790791, 51.82665336060187], [-0.339285423065106, 51.82553160144117], [-0.341212144803426, 51.82483045304941], [-0.343601583054907, 51.82694124706473], [-0.346954951087532, 51.83087290178748], [-0.347650521033343, 51.83050501897156], [-0.349592113212573, 51.82939930975128], [-0.352642443676261, 51.827733626790724], [-0.354003302300609, 51.82662870149195], [-0.355203948971513, 51.82314767569969], [-0.354779468640513, 51.82205372589187], [-0.356711657942084, 51.818798719306805], [-0.357275760984321, 51.8172510118598], [-0.355967607667128, 51.81572210120872], [-0.351877372839505, 51.811717424234125], [-0.349022029308557, 51.809267551874285], [-0.345143942727679, 51.80742365758987], [-0.341098727552641, 51.80698000792833], [-0.33273611714827, 51.804433923642435], [-0.332881026645677, 51.803258041004504], [-0.336588721129259, 51.801826889656354], [-0.340267088521895, 51.801977779766844], [-0.338559606860848, 51.80423760363943]]}}, {"type": "Feature", "properties": {"route": "108", "route_name": "", "route_id": "55014", "agency": "Red Rose Travel", "agency_id": "OP362", "geometry_source": "GTFS stop sequence"}, "geometry": {"type": "LineString", "coordinates": [[-1.03703, 51.756802], [-1.055687, 51.759759], [-1.059602, 51.76033], [-1.06054, 51.763277], [-1.072209, 51.771561], [-1.075049, 51.804213], [-1.068016, 51.804841], [-1.056548, 51.80189], [-1.002828, 51.776334], [-0.997498, 51.777431], [-0.992895, 51.775216], [-0.991439, 51.776138], [-0.986586, 51.777967], [-1.002574, 51.796374], [-0.93185, 51.793415], [-0.930086, 51.792608], [-0.899546, 51.79212], [-0.892252, 51.796313], [-0.883307, 51.800338], [-0.873996, 51.80265], [-0.863314, 51.804627], [-0.853966, 51.803859], [-0.849418, 51.802466], [-0.825953, 51.812569], [-0.823355, 51.814751], [-0.818219, 51.817002], [-0.800104, 51.815146]]}}, {"type": "Feature", "properties": {"route": "389", "route_name": "", "route_id": "9468", "agency": "Red Rose Travel", "agency_id": "OP362", "geometry_source": "GTFS stop sequence"}, "geometry": {"type": "LineString", "coordinates": [[-0.601755774590637, 51.80269831148977], [-0.623281573970332, 51.800704383849336], [-0.635774820458862, 51.79905166130432], [-0.64716163490899, 51.79799631910985], [-0.651415339101389, 51.796381734146195], [-0.654339766911185, 51.795570026627594], [-0.660600046956886, 51.79375326646536], [-0.664490818667193, 51.79310516752497], [-0.668579305315097, 51.79115539968207], [-0.671589653590426, 51.792825913821446], [-0.673217849253493, 51.79416605774871], [-0.671104655472006, 51.79748706103872], [-0.66908424460847, 51.798138579688754], [-0.668653241799123, 51.79849336379643], [-0.664880267921056, 51.79857646996559], [-0.661882543830894, 51.79941458007546], [-0.660350000094905, 51.801213429819406], [-0.659821465058771, 51.802897823632215], [-0.657396451008525, 51.804461671483494], [-0.658155111943033, 51.806754189252835]]}}, {"type": "Feature", "properties": {"route": "H10", "route_name": "", "route_id": "2414", "agency": "Red Rose Travel", "agency_id": "OP362", "geometry_source": "GTFS stop sequence"}, "geometry": {"type": "LineString", "coordinates": [[-0.473816383834508, 51.74694991541759], [-0.449559358104451, 51.74929401946568], [-0.443911748017719, 51.75049622725141], [-0.441190186254108, 51.75170103978215], [-0.434387741619679, 51.752347959353095], [-0.432284757822271, 51.75283246448592], [-0.432360252629805, 51.75190731009214], [-0.433891299706786, 51.751621997146366], [-0.436185871504971, 51.75104110233726], [-0.436782466774232, 51.75054549457617], [-0.437152019243247, 51.74991198724834], [-0.439516385406253, 51.749403890738016], [-0.44459519294228, 51.74915649619775], [-0.452325794386167, 51.747613037596814], [-0.456656284561287, 51.74551193918031], [-0.459983635325089, 51.74435966951948], [-0.462832853702323, 51.7444868867962], [-0.464902088549346, 51.74540412337767], [-0.467542586656066, 51.7435682799486], [-0.471304000244552, 51.74327557435817], [-0.474467958249626, 51.74695837430083], [-0.473738050666018, 51.748414565434125], [-0.472436168114831, 51.75136495369039]]}}, {"type": "Feature", "properties": {"route": "387", "route_name": "", "route_id": "78084", "agency": "Red Rose Travel", "agency_id": "OP362", "geometry_source": "GTFS stop sequence"}, "geometry": {"type": "LineString", "coordinates": [[-0.601755774590637, 51.80269831148977], [-0.623281573970332, 51.800704383849336], [-0.635774820458862, 51.79905166130432], [-0.64716163490899, 51.79799631910985], [-0.653589653696408, 51.79787227829078]]}}, {"type": "Feature", "properties": {"route": "B2", "route_name": "", "route_id": "7482437", "agency": "Red Rose Travel", "agency_id": "OP362", "geometry_source": "GTFS stop sequence"}, "geometry": {"type": "LineString", "coordinates": [[-0.985171, 52.001632], [-0.984935, 51.996604], [-0.983728, 51.995236], [-0.980341, 51.991727], [-0.978884, 51.989188], [-1.001088, 51.996937], [-1.007732, 51.981369], [-1.011522, 51.981176]]}}, {"type": "Feature", "properties": {"route": "B5", "route_name": "", "route_id": "4398091", "agency": "Red Rose Travel", "agency_id": "OP362", "geometry_source": "GTFS stop sequence"}, "geometry": {"type": "LineString", "coordinates": [[-0.91062, 51.995455], [-0.916013, 51.995891], [-0.978884, 51.989188], [-0.980444, 51.991692], [-0.983803, 51.99512], [-0.985276, 51.996957], [-0.985171, 52.001632]]}}, {"type": "Feature", "properties": {"route": "357", "route_name": "", "route_id": "4615899", "agency": "Red Rose Travel", "agency_id": "OP362", "geometry_source": "GTFS stop sequence"}, "geometry": {"type": "LineString", "coordinates": [[-0.286131849919328, 51.71683820874753], [-0.285522566947694, 51.71840293019344], [-0.287209870788809, 51.71895807010069], [-0.293284236985499, 51.72065603744047], [-0.296679046406913, 51.71969819021649], [-0.300954681087974, 51.71802463034973], [-0.30481672646886, 51.72198295679019], [-0.308138649664543, 51.723361655262245], [-0.314046775955594, 51.72216970770873], [-0.315109795846274, 51.72200511502965], [-0.311728990774254, 51.72298167878092], [-0.309132770687916, 51.723492861254755], [-0.305957966796111, 51.72359999731078], [-0.300738297575748, 51.72572767723878], [-0.299000615889283, 51.72688948369951], [-0.30105620092188, 51.72883452425537], [-0.30491644931925, 51.73247808906718], [-0.308997642109689, 51.73487481176976], [-0.313169549907704, 51.73756942764628], [-0.317883914074934, 51.7401008093282], [-0.323619527221512, 51.743231048729434], [-0.328603184222865, 51.74595466393328], [-0.331054379063528, 51.748228498390844], [-0.329806453321939, 51.749856300921145], [-0.326993680314893, 51.750310853854934], [-0.330388405980934, 51.750574934773134], [-0.333516254362532, 51.75100598086067], [-0.337225628139179, 51.75177787422906], [-0.337193813336664, 51.75382758983355]]}}, {"type": "Feature", "properties": {"route": "40", "route_name": "", "route_id": "60896", "agency": "Red Rose Travel", "agency_id": "OP362", "geometry_source": "GTFS stop sequence"}, "geometry": {"type": "LineString", "coordinates": [[-0.756222, 51.631456], [-0.757808, 51.632633], [-0.760111, 51.633494], [-0.764539, 51.634853], [-0.772134, 51.637172], [-0.778584, 51.639127], [-0.785106, 51.641119], [-0.788217, 51.642068], [-0.79431, 51.643911], [-0.800231, 51.644637], [-0.80337, 51.644544], [-0.822974, 51.63985], [-0.829124, 51.640091], [-0.833873, 51.641406], [-0.856934, 51.648476], [-0.864179, 51.65065], [-0.887512, 51.657015], [-0.889907, 51.655419], [-0.892091, 51.652985], [-0.893391, 51.653042], [-0.896843, 51.657328], [-0.898742, 51.65891], [-0.902628, 51.660232], [-0.908386, 51.661248], [-0.96377, 51.6714], [-0.95874, 51.67327], [-0.94974, 51.68095], [-0.93261, 51.68855], [-0.93166, 51.68927], [-0.9261, 51.691], [-0.91562, 51.69823], [-0.91383, 51.69905], [-0.91162, 51.69995], [-0.90811, 51.70146], [-0.90538, 51.70282], [-0.90798, 51.70569], [-0.91054, 51.70548], [-0.91372, 51.7049], [-0.93373, 51.71439], [-0.94087, 51.72329], [-0.95813, 51.74033], [-0.9635, 51.74617], [-0.96904, 51.74517], [-0.97569, 51.74588], [-0.9777, 51.74975], [-0.97891, 51.74771], [-0.99439, 51.74706]]}}, {"type": "Feature", "properties": {"route": "21", "route_name": "", "route_id": "3660", "agency": "Red Rose Travel", "agency_id": "OP362", "geometry_source": "GTFS stop sequence"}, "geometry": {"type": "LineString", "coordinates": [[-0.7087843, 52.1619921], [-0.711582, 52.1597839], [-0.7133316, 52.1563954], [-0.7135429, 52.152109], [-0.7100202, 52.1510995], [-0.7018134, 52.1528527], [-0.7053497, 52.1095367], [-0.72032, 52.087733], [-0.7256042, 52.0859489], [-0.7309073, 52.0852509], [-0.7402444, 52.0822671], [-0.7455155, 52.0800845], [-0.7475197, 52.0793865], [-0.7546653, 52.0764142], [-0.7539437, 52.0724595], [-0.7536595, 52.0706133], [-0.7499148, 52.0673009], [-0.7487415, 52.0649148], [-0.7463031, 52.0603034], [-0.7443142, 52.0589246], [-0.7439482, 52.0579317], [-0.7416964, 52.0560555], [-0.7389266, 52.0503075], [-0.7444624, 52.048955], [-0.7512204, 52.0440277], [-0.7554921, 52.040899], [-0.7620515, 52.0393767], [-0.7674368, 52.0370595], [-0.7726291, 52.0343174]]}}, {"type": "Feature", "properties": {"route": "55A", "route_name": "", "route_id": "4591307", "agency": "Red Rose Travel", "agency_id": "OP362", "geometry_source": "GTFS stop sequence"}, "geometry": {"type": "LineString", "coordinates": [[-0.812999, 51.814701], [-0.80845, 51.812785], [-0.805357, 51.810703], [-0.801259, 51.80827], [-0.79713, 51.805917], [-0.790774, 51.801689], [-0.782824, 51.795313], [-0.781282, 51.793319], [-0.778403, 51.789341], [-0.775967, 51.785584], [-0.764662, 51.788649], [-0.761354, 51.783975], [-0.754777, 51.77539], [-0.748015, 51.771461], [-0.745265, 51.768195], [-0.743626, 51.765084], [-0.741357, 51.763333], [-0.737125, 51.764898], [-0.735111, 51.766458], [-0.73136, 51.772038], [-0.729187, 51.774091], [-0.72716, 51.776048], [-0.715812, 51.788773], [-0.6912, 51.7927], [-0.682494555977513, 51.7908086064248], [-0.676492100010066, 51.78980607542283], [-0.671462514041225, 51.7902438941252], [-0.667496816204631, 51.791970363592576], [-0.665947255500393, 51.7928879185978], [-0.660448699838178, 51.793967340522265], [-0.650364023715782, 51.79225152278709], [-0.643482701818861, 51.78382812715254], [-0.639167196024639, 51.78270825718668], [-0.640321982258173, 51.78142682351617], [-0.640950255802533, 51.778367943912805], [-0.6356091358795, 51.770420419712686], [-0.647224424925638, 51.76002543602058], [-0.650765, 51.754911], [-0.628017, 51.746357], [-0.607868, 51.719954], [-0.607211, 51.716349], [-0.607952, 51.713454], [-0.609035, 51.710715], [-0.61031, 51.708761], [-0.612512, 51.70635]]}}, {"type": "Feature", "properties": {"route": "336", "route_name": "", "route_id": "4615897", "agency": "Red Rose Travel", "agency_id": "OP362", "geometry_source": "GTFS stop sequence"}, "geometry": {"type": "LineString", "coordinates": [[-0.518326248277171, 51.6544987767733], [-0.517024706114476, 51.655399524794554], [-0.509607522342105, 51.6602781651584], [-0.502396838644544, 51.658406042573965], [-0.499695896796106, 51.65701379022154], [-0.492735978583609, 51.655018384857364], [-0.489338767310579, 51.65414747769787], [-0.483732232530568, 51.651908167669234], [-0.478857115731583, 51.65028951567655], [-0.476500237661821, 51.6485864594314], [-0.474851941503681, 51.64429388024173], [-0.471208617369325, 51.64046088422024], [-0.466439065642248, 51.64218809768765], [-0.463318487372057, 51.64386477236277], [-0.451675309065667, 51.646238584900956], [-0.449544217781674, 51.64642627559828], [-0.441690428575675, 51.64700571253513], [-0.434890827205464, 51.65012543209239], [-0.428385359557114, 51.65181896882815], [-0.421463506644212, 51.65341663086508], [-0.414996271831092, 51.65398594164192], [-0.410624027166737, 51.655824166623894], [-0.406972425853997, 51.65730333450278], [-0.400086334877667, 51.660302983054784], [-0.397083373432707, 51.65813092621136], [-0.397068873435468, 51.66018091013155], [-0.396123128357449, 51.663216294171114]]}}, {"type": "Feature", "properties": {"route": "167", "route_name": "", "route_id": "85313", "agency": "Red Rose Travel", "agency_id": "OP362", "geometry_source": "GTFS stop sequence"}, "geometry": {"type": "LineString", "coordinates": [[-0.66411, 51.91726], [-0.67004, 51.91627], [-0.67146, 51.91592], [-0.67495, 51.91357], [-0.68069, 51.91111], [-0.685986, 51.889564], [-0.683955, 51.868546], [-0.66429, 51.847419], [-0.667931, 51.846048], [-0.693260167796008, 51.834708495079084], [-0.697254628351974, 51.83157880152433], [-0.688979448177193, 51.82768345508005], [-0.689332402379121, 51.81802150579876], [-0.688120449278518, 51.8162906121871], [-0.678092564739374, 51.81242886033193], [-0.668211, 51.817854], [-0.662217, 51.820357], [-0.644332, 51.831815], [-0.639373, 51.833592], [-0.635867, 51.834846], [-0.630394, 51.835844]]}}, {"type": "Feature", "properties": {"route": "B5", "route_name": "", "route_id": "4398091", "agency": "Red Rose Travel", "agency_id": "OP362", "geometry_source": "GTFS stop sequence"}, "geometry": {"type": "LineString", "coordinates": [[-0.985171, 52.001632], [-0.984935, 51.996604], [-0.983728, 51.995236], [-0.980341, 51.991727], [-0.978884, 51.989188], [-0.915953, 51.995971], [-0.91062, 51.995455], [-0.916013, 51.995891], [-0.978884, 51.989188], [-0.980444, 51.991692], [-0.983803, 51.99512], [-0.985276, 51.996957], [-0.985171, 52.001632]]}}]}